Case_ID,Activity_Name,Timestamp,Resource,Gender,Age_Group,Severity
CASE000703,Registration,2026-01-01 08:02:16,Staff,Male,18-40,Low
CASE000703,Triage,2026-01-01 08:22:31,Staff,Male,18-40,Low
CASE000898,Registration,2026-01-01 08:31:45,Staff,Female,41-60,Low
CASE000355,Registration,2026-01-01 08:56:49,Staff,Female,0-17,Medium
CASE000898,Triage,2026-01-01 08:56:59,Staff,Female,41-60,Low
CASE000355,Triage,2026-01-01 09:14:53,Staff,Female,0-17,Medium
CASE000703,Doctor Consultation,2026-01-01 09:16:52,Dr. Khan,Male,18-40,Low
CASE000898,Doctor Consultation,2026-01-01 09:38:25,Dr. Iyer,Female,41-60,Low
CASE000703,Treatment,2026-01-01 09:47:54,Dr. Khan,Male,18-40,Low
CASE000687,Registration,2026-01-01 09:49:08,Staff,Female,18-40,Low
CASE000898,Treatment,2026-01-01 09:57:22,Dr. Iyer,Female,41-60,Low
CASE000355,Doctor Consultation,2026-01-01 10:02:06,Dr. Patel,Female,0-17,Medium
CASE000703,Discharge,2026-01-01 10:06:06,Staff,Male,18-40,Low
CASE000898,Discharge,2026-01-01 10:11:33,Staff,Female,41-60,Low
CASE000736,Registration,2026-01-01 10:14:35,Staff,Male,41-60,Low
CASE000687,Triage,2026-01-01 10:19:41,Staff,Female,18-40,Low
CASE000355,Treatment,2026-01-01 10:24:25,Dr. Patel,Female,0-17,Medium
CASE000736,Triage,2026-01-01 10:36:28,Staff,Male,41-60,Low
CASE000355,Discharge,2026-01-01 10:45:20,Staff,Female,0-17,Medium
CASE000445,Registration,2026-01-01 11:03:42,Staff,Female,41-60,Medium
CASE000736,X-Ray,2026-01-01 11:12:00,Staff,Male,41-60,Low
CASE000445,Triage,2026-01-01 11:27:15,Staff,Female,41-60,Medium
CASE000736,Lab Test,2026-01-01 11:31:24,Staff,Male,41-60,Low
CASE000687,X-Ray,2026-01-01 11:45:19,Staff,Female,18-40,Low
CASE000736,Doctor Consultation,2026-01-01 12:11:16,Dr. Reddy,Male,41-60,Low
CASE000279,Registration,2026-01-01 12:20:34,Staff,Male,41-60,Medium
CASE000445,X-Ray,2026-01-01 12:28:05,Staff,Female,41-60,Medium
CASE000279,Triage,2026-01-01 12:39:45,Staff,Male,41-60,Medium
CASE000687,Doctor Consultation,2026-01-01 12:42:15,Dr. Reddy,Female,18-40,Low
CASE000736,Treatment,2026-01-01 12:43:08,Dr. Reddy,Male,41-60,Low
CASE000445,Doctor Consultation,2026-01-01 12:44:42,Dr. Iyer,Female,41-60,Medium
CASE000736,Admission,2026-01-01 12:58:30,Staff,Male,41-60,Low
CASE000445,Treatment,2026-01-01 12:58:39,Dr. Iyer,Female,41-60,Medium
CASE000687,Treatment,2026-01-01 13:06:12,Dr. Reddy,Female,18-40,Low
CASE000279,X-Ray,2026-01-01 13:18:00,Staff,Male,41-60,Medium
CASE000445,Admission,2026-01-01 13:21:33,Staff,Female,41-60,Medium
CASE000687,Discharge,2026-01-01 13:27:53,Staff,Female,18-40,Low
CASE000279,Lab Test,2026-01-01 13:50:02,Staff,Male,41-60,Medium
CASE000279,Doctor Consultation,2026-01-01 14:17:27,Dr. Iyer,Male,41-60,Medium
CASE000279,Treatment,2026-01-01 14:44:11,Dr. Iyer,Male,41-60,Medium
CASE000279,Discharge,2026-01-01 14:57:06,Staff,Male,41-60,Medium
CASE000714,Registration,2026-01-01 17:03:14,Staff,Male,41-60,Low
CASE000714,Triage,2026-01-01 17:20:09,Staff,Male,41-60,Low
CASE000714,Doctor Consultation,2026-01-01 17:47:43,Dr. Khan,Male,41-60,Low
CASE000714,Treatment,2026-01-01 18:05:55,Dr. Khan,Male,41-60,Low
CASE000714,Discharge,2026-01-01 18:28:46,Staff,Male,41-60,Low
CASE000895,Triage,2026-01-01 22:51:51,Staff,Female,41-60,Low
CASE000895,Doctor Consultation,2026-01-01 23:16:12,Dr. Sharma,Female,41-60,Low
CASE000895,Treatment,2026-01-01 23:36:59,Dr. Sharma,Female,41-60,Low
CASE000367,Registration,2026-01-01 23:55:31,Staff,Female,0-17,High
CASE000895,Discharge,2026-01-02 00:08:48,Staff,Female,41-60,Low
CASE000367,Triage,2026-01-02 00:13:59,Staff,Female,0-17,High
CASE000367,Doctor Consultation,2026-01-02 00:30:21,Dr. Reddy,Female,0-17,High
CASE000367,Treatment,2026-01-02 00:58:02,Dr. Reddy,Female,0-17,High
CASE000367,Discharge,2026-01-02 01:15:19,Staff,Female,0-17,High
CASE000953,Registration,2026-01-02 07:07:39,Staff,Male,61+,Low
CASE000953,Triage,2026-01-02 07:25:50,Staff,Male,61+,Low
CASE000538,Registration,2026-01-02 07:46:12,Staff,Male,41-60,Low
CASE000953,X-Ray,2026-01-02 07:50:56,Staff,Male,61+,Low
CASE000538,Triage,2026-01-02 07:56:38,Staff,Male,41-60,Low
CASE000793,Registration,2026-01-02 08:22:02,Staff,Male,18-40,Low
CASE000953,Doctor Consultation,2026-01-02 08:33:58,Dr. Khan,Male,61+,Low
CASE000793,Triage,2026-01-02 08:44:51,Staff,Male,18-40,Low
CASE000953,Treatment,2026-01-02 09:02:03,Dr. Khan,Male,61+,Low
CASE000538,X-Ray,2026-01-02 09:08:24,Staff,Male,41-60,Low
CASE000082,Registration,2026-01-02 09:14:22,Staff,Male,61+,Low
CASE000953,Discharge,2026-01-02 09:23:12,Staff,Male,61+,Low
CASE000793,X-Ray,2026-01-02 09:34:16,Staff,Male,18-40,Low
CASE000082,Triage,2026-01-02 09:46:32,Staff,Male,61+,Low
CASE000538,Lab Test,2026-01-02 09:52:03,Staff,Male,41-60,Low
CASE000793,Triage,2026-01-02 09:59:59,Staff,Male,18-40,Low
CASE000538,Doctor Consultation,2026-01-02 10:27:30,Dr. Sharma,Male,41-60,Low
CASE000538,Treatment,2026-01-02 10:42:50,Dr. Sharma,Male,41-60,Low
CASE000082,X-Ray,2026-01-02 10:45:52,Staff,Male,61+,Low
CASE000793,X-Ray,2026-01-02 10:56:23,Staff,Male,18-40,Low
CASE000538,Admission,2026-01-02 11:03:01,Staff,Male,41-60,Low
CASE000082,Lab Test,2026-01-02 11:20:38,Staff,Male,61+,Low
CASE000793,Doctor Consultation,2026-01-02 11:39:20,Dr. Sharma,Male,18-40,Low
CASE000793,Treatment,2026-01-02 12:01:18,Dr. Sharma,Male,18-40,Low
CASE000082,Doctor Consultation,2026-01-02 12:11:17,Dr. Patel,Male,61+,Low
CASE000793,Discharge,2026-01-02 12:18:45,Staff,Male,18-40,Low
CASE000082,Treatment,2026-01-02 12:30:10,Dr. Patel,Male,61+,Low
CASE000082,Discharge,2026-01-02 12:45:25,Staff,Male,61+,Low
CASE000577,Registration,2026-01-02 12:49:52,Staff,Male,41-60,Medium
CASE000577,Triage,2026-01-02 13:04:25,Staff,Male,41-60,Medium
CASE000577,X-Ray,2026-01-02 13:22:39,Staff,Male,41-60,Medium
CASE000577,Triage,2026-01-02 13:47:22,Staff,Male,41-60,Medium
CASE000577,X-Ray,2026-01-02 14:19:20,Staff,Male,41-60,Medium
CASE000778,Registration,2026-01-02 14:48:51,Staff,Female,18-40,Low
CASE000577,Lab Test,2026-01-02 14:49:15,Staff,Male,41-60,Medium
CASE000577,Doctor Consultation,2026-01-02 15:15:48,Dr. Khan,Male,41-60,Medium
CASE000778,Triage,2026-01-02 15:16:22,Staff,Female,18-40,Low
CASE000577,Treatment,2026-01-02 15:37:23,Dr. Khan,Male,41-60,Medium
CASE000778,X-Ray,2026-01-02 15:58:07,Staff,Female,18-40,Low
CASE000577,Discharge,2026-01-02 16:06:47,Staff,Male,41-60,Medium
CASE000662,Registration,2026-01-02 16:09:05,Staff,Male,18-40,Low
CASE000778,Doctor Consultation,2026-01-02 16:26:35,Dr. Patel,Female,18-40,Low
CASE000662,Triage,2026-01-02 16:26:43,Staff,Male,18-40,Low
CASE000778,Treatment,2026-01-02 16:39:55,Dr. Patel,Female,18-40,Low
CASE000662,Doctor Consultation,2026-01-02 16:42:37,Dr. Patel,Male,18-40,Low
CASE000563,Registration,2026-01-02 16:50:21,Staff,Female,0-17,High
CASE000778,Admission,2026-01-02 16:57:50,Staff,Female,18-40,Low
CASE000563,Triage,2026-01-02 17:01:42,Staff,Female,0-17,High
CASE000662,Treatment,2026-01-02 17:01:50,Dr. Patel,Male,18-40,Low
CASE000662,Discharge,2026-01-02 17:15:42,Staff,Male,18-40,Low
CASE000563,X-Ray,2026-01-02 17:34:55,Staff,Female,0-17,High
CASE000563,Triage,2026-01-02 17:49:42,Staff,Female,0-17,High
CASE000563,X-Ray,2026-01-02 18:17:33,Staff,Female,0-17,High
CASE000124,Registration,2026-01-02 18:43:13,Staff,Male,61+,Low
CASE000563,Lab Test,2026-01-02 18:53:11,Staff,Female,0-17,High
CASE000243,Registration,2026-01-02 18:55:43,Staff,Female,0-17,Low
CASE000124,Triage,2026-01-02 18:57:50,Staff,Male,61+,Low
CASE000217,Registration,2026-01-02 19:01:55,Staff,Male,41-60,Medium
CASE000243,Triage,2026-01-02 19:09:36,Staff,Female,0-17,Low
CASE000217,Triage,2026-01-02 19:11:21,Staff,Male,41-60,Medium
CASE000124,X-Ray,2026-01-02 19:21:21,Staff,Male,61+,Low
CASE000563,Doctor Consultation,2026-01-02 19:28:20,Dr. Reddy,Female,0-17,High
CASE000066,Registration,2026-01-02 19:32:32,Staff,Male,18-40,Low
CASE000243,Lab Test,2026-01-02 19:32:47,Staff,Female,0-17,Low
CASE000217,Lab Test,2026-01-02 19:33:45,Staff,Male,41-60,Medium
CASE000217,Doctor Consultation,2026-01-02 19:48:26,Dr. Reddy,Male,41-60,Medium
CASE000066,Triage,2026-01-02 19:54:29,Staff,Male,18-40,Low
CASE000563,Treatment,2026-01-02 19:58:34,Dr. Reddy,Female,0-17,High
CASE000243,Doctor Consultation,2026-01-02 19:59:42,Dr. Patel,Female,0-17,Low
CASE000124,Doctor Consultation,2026-01-02 20:01:13,Dr. Sharma,Male,61+,Low
CASE000217,Treatment,2026-01-02 20:07:16,Dr. Reddy,Male,41-60,Medium
CASE000066,Doctor Consultation,2026-01-02 20:18:31,Dr. Sharma,Male,18-40,Low
CASE000563,Admission,2026-01-02 20:20:12,Staff,Female,0-17,High
CASE000124,Treatment,2026-01-02 20:29:42,Dr. Sharma,Male,61+,Low
CASE000243,Treatment,2026-01-02 20:33:06,Dr. Patel,Female,0-17,Low
CASE000217,Admission,2026-01-02 20:34:27,Staff,Male,41-60,Medium
CASE000066,Treatment,2026-01-02 20:36:33,Dr. Sharma,Male,18-40,Low
CASE000124,Discharge,2026-01-02 20:40:51,Staff,Male,61+,Low
CASE000243,Discharge,2026-01-02 20:46:56,Staff,Female,0-17,Low
CASE000066,Discharge,2026-01-02 20:52:50,Staff,Male,18-40,Low
CASE000948,Registration,2026-01-03 02:47:08,Staff,Female,41-60,Low
CASE000532,Registration,2026-01-03 03:09:08,Staff,Male,41-60,Low
CASE000948,Triage,2026-01-03 03:13:05,Staff,Female,41-60,Low
CASE000532,Triage,2026-01-03 03:27:45,Staff,Male,41-60,Low
CASE000948,X-Ray,2026-01-03 03:56:55,Staff,Female,41-60,Low
CASE000532,Doctor Consultation,2026-01-03 03:59:14,Dr. Khan,Male,41-60,Low
CASE000222,Registration,2026-01-03 04:08:17,Staff,Male,18-40,Low
CASE000222,Triage,2026-01-03 04:14:43,Staff,Male,18-40,Low
CASE000532,Treatment,2026-01-03 04:16:42,Dr. Khan,Male,41-60,Low
CASE000948,Lab Test,2026-01-03 04:30:38,Staff,Female,41-60,Low
CASE000532,Discharge,2026-01-03 04:37:55,Staff,Male,41-60,Low
CASE000222,Doctor Consultation,2026-01-03 04:50:47,Dr. Patel,Male,18-40,Low
CASE000948,Doctor Consultation,2026-01-03 04:52:46,Dr. Sharma,Female,41-60,Low
CASE000948,Treatment,2026-01-03 05:10:31,Dr. Sharma,Female,41-60,Low
CASE000222,Treatment,2026-01-03 05:12:43,Dr. Patel,Male,18-40,Low
CASE000948,Discharge,2026-01-03 05:19:44,Staff,Female,41-60,Low
CASE000222,Discharge,2026-01-03 05:35:22,Staff,Male,18-40,Low
CASE000725,Registration,2026-01-03 07:50:57,Staff,Male,0-17,Low
CASE000725,Triage,2026-01-03 08:12:11,Staff,Male,0-17,Low
CASE000447,Registration,2026-01-03 08:51:52,Staff,Male,0-17,High
CASE000725,X-Ray,2026-01-03 08:57:52,Staff,Male,0-17,Low
CASE000079,Registration,2026-01-03 09:08:04,Staff,Male,18-40,Low
CASE000447,Triage,2026-01-03 09:13:41,Staff,Male,0-17,High
CASE000079,Triage,2026-01-03 09:33:44,Staff,Male,18-40,Low
CASE000725,Doctor Consultation,2026-01-03 09:49:42,Dr. Reddy,Male,0-17,Low
CASE000725,Treatment,2026-01-03 10:12:42,Dr. Reddy,Male,0-17,Low
CASE000452,Registration,2026-01-03 10:19:00,Staff,Female,18-40,Low
CASE000079,X-Ray,2026-01-03 10:27:34,Staff,Male,18-40,Low
CASE000452,Triage,2026-01-03 10:36:24,Staff,Female,18-40,Low
CASE000725,Discharge,2026-01-03 10:36:30,Staff,Male,0-17,Low
CASE000447,X-Ray,2026-01-03 10:40:37,Staff,Male,0-17,High
CASE000079,Doctor Consultation,2026-01-03 10:59:30,Dr. Reddy,Male,18-40,Low
CASE000452,Doctor Consultation,2026-01-03 11:22:59,Dr. Reddy,Female,18-40,Low
CASE000079,Treatment,2026-01-03 11:23:43,Dr. Reddy,Male,18-40,Low
CASE000447,Doctor Consultation,2026-01-03 11:29:15,Dr. Sharma,Male,0-17,High
CASE000079,Discharge,2026-01-03 11:44:36,Staff,Male,18-40,Low
CASE000452,Treatment,2026-01-03 11:51:51,Dr. Reddy,Female,18-40,Low
CASE000447,Treatment,2026-01-03 11:59:33,Dr. Sharma,Male,0-17,High
CASE000452,Discharge,2026-01-03 12:17:35,Staff,Female,18-40,Low
CASE000447,Discharge,2026-01-03 12:24:14,Staff,Male,0-17,High
CASE000546,Registration,2026-01-03 14:22:37,Staff,Female,18-40,Low
CASE000546,Triage,2026-01-03 14:40:43,Staff,Female,18-40,Low
CASE000711,Registration,2026-01-03 14:45:57,Staff,Male,18-40,Low
CASE000105,Registration,2026-01-03 15:02:20,Staff,Male,18-40,Medium
CASE000711,Triage,2026-01-03 15:03:15,Staff,Male,18-40,Low
CASE000546,X-Ray,2026-01-03 15:06:06,Staff,Female,18-40,Low
CASE000105,Triage,2026-01-03 15:28:43,Staff,Male,18-40,Medium
CASE000711,Lab Test,2026-01-03 15:35:19,Staff,Male,18-40,Low
CASE000546,Doctor Consultation,2026-01-03 15:36:03,Dr. Sharma,Female,18-40,Low
CASE000105,Doctor Consultation,2026-01-03 15:51:21,Dr. Khan,Male,18-40,Medium
CASE000546,Treatment,2026-01-03 16:03:34,Dr. Sharma,Female,18-40,Low
CASE000711,Doctor Consultation,2026-01-03 16:08:27,Dr. Iyer,Male,18-40,Low
CASE000105,Treatment,2026-01-03 16:18:40,Dr. Khan,Male,18-40,Medium
CASE000546,Discharge,2026-01-03 16:24:21,Staff,Female,18-40,Low
CASE000711,Treatment,2026-01-03 16:25:07,Dr. Iyer,Male,18-40,Low
CASE000105,Discharge,2026-01-03 16:36:42,Staff,Male,18-40,Medium
CASE000711,Discharge,2026-01-03 16:45:07,Staff,Male,18-40,Low
CASE000883,Registration,2026-01-03 17:26:50,Staff,Female,18-40,Medium
CASE000883,Triage,2026-01-03 17:46:01,Staff,Female,18-40,Medium
CASE000883,X-Ray,2026-01-03 18:15:59,Staff,Female,18-40,Medium
CASE000598,Registration,2026-01-03 18:24:42,Staff,Female,61+,Medium
CASE000883,Triage,2026-01-03 18:37:58,Staff,Female,18-40,Medium
CASE000598,Triage,2026-01-03 18:39:02,Staff,Female,61+,Medium
CASE000593,Registration,2026-01-03 18:48:56,Staff,Male,41-60,Low
CASE000883,X-Ray,2026-01-03 19:05:23,Staff,Female,18-40,Medium
CASE000593,Triage,2026-01-03 19:06:24,Staff,Male,41-60,Low
CASE000598,Lab Test,2026-01-03 19:06:25,Staff,Female,61+,Medium
CASE000598,Doctor Consultation,2026-01-03 19:31:11,Dr. Iyer,Female,61+,Medium
CASE000593,X-Ray,2026-01-03 19:37:08,Staff,Male,41-60,Low
CASE000883,Lab Test,2026-01-03 19:37:27,Staff,Female,18-40,Medium
CASE000598,Treatment,2026-01-03 19:48:44,Dr. Iyer,Female,61+,Medium
CASE000598,Discharge,2026-01-03 19:55:33,Staff,Female,61+,Medium
CASE000883,Doctor Consultation,2026-01-03 20:00:23,Dr. Reddy,Female,18-40,Medium
CASE000593,Doctor Consultation,2026-01-03 20:10:18,Dr. Iyer,Male,41-60,Low
CASE000383,Registration,2026-01-03 20:12:25,Staff,Male,0-17,Low
CASE000883,Treatment,2026-01-03 20:25:29,Dr. Reddy,Female,18-40,Medium
CASE000383,Triage,2026-01-03 20:31:23,Staff,Male,0-17,Low
CASE000593,Treatment,2026-01-03 20:34:12,Dr. Iyer,Male,41-60,Low
CASE000883,Discharge,2026-01-03 20:45:01,Staff,Female,18-40,Medium
CASE000593,Discharge,2026-01-03 20:49:30,Staff,Male,41-60,Low
CASE000805,Registration,2026-01-03 20:54:05,Staff,Female,18-40,Medium
CASE000383,X-Ray,2026-01-03 21:02:40,Staff,Male,0-17,Low
CASE000805,X-Ray,2026-01-03 21:23:27,Staff,Female,18-40,Medium
CASE000383,Lab Test,2026-01-03 21:25:43,Staff,Male,0-17,Low
CASE000805,Doctor Consultation,2026-01-03 21:40:57,Dr. Sharma,Female,18-40,Medium
CASE000805,Treatment,2026-01-03 21:47:31,Dr. Sharma,Female,18-40,Medium
CASE000383,Doctor Consultation,2026-01-03 21:47:49,Dr. Iyer,Male,0-17,Low
CASE000383,Treatment,2026-01-03 22:03:05,Dr. Iyer,Male,0-17,Low
CASE000805,Discharge,2026-01-03 22:05:57,Staff,Female,18-40,Medium
CASE000383,Admission,2026-01-03 22:14:54,Staff,Male,0-17,Low
CASE000507,Registration,2026-01-03 22:45:19,Staff,Female,18-40,Medium
CASE000507,Triage,2026-01-03 22:56:36,Staff,Female,18-40,Medium
CASE000507,Doctor Consultation,2026-01-03 23:16:54,Dr. Patel,Female,18-40,Medium
CASE000507,Treatment,2026-01-03 23:41:38,Dr. Patel,Female,18-40,Medium
CASE000507,Discharge,2026-01-04 00:04:33,Staff,Female,18-40,Medium
CASE000858,Triage,2026-01-04 06:14:44,Staff,Male,41-60,High
CASE000858,Lab Test,2026-01-04 06:48:49,Staff,Male,41-60,High
CASE000784,Registration,2026-01-04 07:07:31,Staff,Male,61+,Low
CASE000858,Doctor Consultation,2026-01-04 07:12:09,Dr. Khan,Male,41-60,High
CASE000784,Triage,2026-01-04 07:23:04,Staff,Male,61+,Low
CASE000858,Treatment,2026-01-04 07:27:43,Dr. Khan,Male,41-60,High
CASE000858,Discharge,2026-01-04 07:45:05,Staff,Male,41-60,High
CASE000029,Registration,2026-01-04 07:49:11,Staff,Female,61+,Medium
CASE000784,X-Ray,2026-01-04 08:04:21,Staff,Male,61+,Low
CASE000029,Triage,2026-01-04 08:07:28,Staff,Female,61+,Medium
CASE000453,Registration,2026-01-04 08:31:42,Staff,Male,18-40,Medium
CASE000784,Triage,2026-01-04 08:33:22,Staff,Male,61+,Low
CASE000029,Doctor Consultation,2026-01-04 09:03:07,Dr. Khan,Female,61+,Medium
CASE000453,Triage,2026-01-04 09:04:48,Staff,Male,18-40,Medium
CASE000784,X-Ray,2026-01-04 09:27:25,Staff,Male,61+,Low
CASE000029,Treatment,2026-01-04 09:28:04,Dr. Khan,Female,61+,Medium
CASE000029,Discharge,2026-01-04 09:43:16,Staff,Female,61+,Medium
CASE000453,Lab Test,2026-01-04 09:50:48,Staff,Male,18-40,Medium
CASE000784,Doctor Consultation,2026-01-04 10:20:12,Dr. Reddy,Male,61+,Low
CASE000453,Doctor Consultation,2026-01-04 10:20:38,Dr. Reddy,Male,18-40,Medium
CASE000784,Treatment,2026-01-04 10:39:36,Dr. Reddy,Male,61+,Low
CASE000453,Treatment,2026-01-04 10:40:53,Dr. Reddy,Male,18-40,Medium
CASE000784,Discharge,2026-01-04 10:56:39,Staff,Male,61+,Low
CASE000453,Discharge,2026-01-04 11:04:26,Staff,Male,18-40,Medium
CASE000236,Registration,2026-01-04 11:56:27,Staff,Male,41-60,Medium
CASE000236,Triage,2026-01-04 12:03:21,Staff,Male,41-60,Medium
CASE000236,X-Ray,2026-01-04 12:35:11,Staff,Male,41-60,Medium
CASE000236,Triage,2026-01-04 12:49:34,Staff,Male,41-60,Medium
CASE000236,X-Ray,2026-01-04 13:05:41,Staff,Male,41-60,Medium
CASE000236,Doctor Consultation,2026-01-04 13:33:24,Dr. Khan,Male,41-60,Medium
CASE000064,Registration,2026-01-04 13:43:00,Staff,Male,41-60,Low
CASE000236,Treatment,2026-01-04 13:51:52,Dr. Khan,Male,41-60,Medium
CASE000064,Triage,2026-01-04 14:07:10,Staff,Male,41-60,Low
CASE000236,Admission,2026-01-04 14:08:54,Staff,Male,41-60,Medium
CASE000064,X-Ray,2026-01-04 14:43:30,Staff,Male,41-60,Low
CASE000064,Triage,2026-01-04 14:53:59,Staff,Male,41-60,Low
CASE000064,X-Ray,2026-01-04 15:13:29,Staff,Male,41-60,Low
CASE000064,Doctor Consultation,2026-01-04 15:36:11,Dr. Sharma,Male,41-60,Low
CASE000892,Registration,2026-01-04 15:44:32,Staff,Male,18-40,Low
CASE000064,Treatment,2026-01-04 15:56:15,Dr. Sharma,Male,41-60,Low
CASE000892,Triage,2026-01-04 16:04:09,Staff,Male,18-40,Low
CASE000064,Discharge,2026-01-04 16:23:16,Staff,Male,41-60,Low
CASE000892,X-Ray,2026-01-04 16:37:22,Staff,Male,18-40,Low
CASE000398,Registration,2026-01-04 16:44:07,Staff,Male,18-40,Low
CASE000892,Triage,2026-01-04 16:50:48,Staff,Male,18-40,Low
CASE000398,Triage,2026-01-04 17:08:14,Staff,Male,18-40,Low
CASE000504,Registration,2026-01-04 17:28:56,Staff,Female,0-17,Low
CASE000892,X-Ray,2026-01-04 17:31:19,Staff,Male,18-40,Low
CASE000398,X-Ray,2026-01-04 17:32:17,Staff,Male,18-40,Low
CASE000504,Triage,2026-01-04 17:43:03,Staff,Female,0-17,Low
CASE000398,Doctor Consultation,2026-01-04 17:53:48,Dr. Iyer,Male,18-40,Low
CASE000892,Doctor Consultation,2026-01-04 18:05:32,Dr. Reddy,Male,18-40,Low
CASE000504,Doctor Consultation,2026-01-04 18:06:17,Dr. Patel,Female,0-17,Low
CASE000398,Treatment,2026-01-04 18:11:43,Dr. Iyer,Male,18-40,Low
CASE000892,Treatment,2026-01-04 18:23:32,Dr. Reddy,Male,18-40,Low
CASE000504,Treatment,2026-01-04 18:28:29,Dr. Patel,Female,0-17,Low
CASE000398,Admission,2026-01-04 18:40:54,Staff,Male,18-40,Low
CASE000504,Discharge,2026-01-04 18:42:47,Staff,Female,0-17,Low
CASE000892,Discharge,2026-01-04 18:53:12,Staff,Male,18-40,Low
CASE000919,Registration,2026-01-04 19:51:18,Staff,Female,18-40,Medium
CASE000919,Triage,2026-01-04 20:18:24,Staff,Female,18-40,Medium
CASE000919,Doctor Consultation,2026-01-04 20:47:58,Dr. Reddy,Female,18-40,Medium
CASE000406,Registration,2026-01-04 20:51:37,Staff,Female,0-17,Low
CASE000919,Treatment,2026-01-04 21:12:01,Dr. Reddy,Female,18-40,Medium
CASE000406,Triage,2026-01-04 21:12:17,Staff,Female,0-17,Low
CASE000191,Registration,2026-01-04 21:18:59,Staff,Male,61+,High
CASE000091,Registration,2026-01-04 21:31:47,Staff,Male,18-40,Low
CASE000919,Discharge,2026-01-04 21:33:48,Staff,Female,18-40,Medium
CASE000406,Lab Test,2026-01-04 21:42:25,Staff,Female,0-17,Low
CASE000191,Triage,2026-01-04 21:43:11,Staff,Male,61+,High
CASE000091,Triage,2026-01-04 21:55:20,Staff,Male,18-40,Low
CASE000191,Doctor Consultation,2026-01-04 22:02:10,Dr. Iyer,Male,61+,High
CASE000406,Doctor Consultation,2026-01-04 22:06:13,Dr. Reddy,Female,0-17,Low
CASE000091,X-Ray,2026-01-04 22:21:56,Staff,Male,18-40,Low
CASE000191,Treatment,2026-01-04 22:31:51,Dr. Iyer,Male,61+,High
CASE000406,Treatment,2026-01-04 22:33:10,Dr. Reddy,Female,0-17,Low
CASE000191,Discharge,2026-01-04 22:51:13,Staff,Male,61+,High
CASE000091,Lab Test,2026-01-04 23:01:54,Staff,Male,18-40,Low
CASE000406,Discharge,2026-01-04 23:03:37,Staff,Female,0-17,Low
CASE000091,Doctor Consultation,2026-01-04 23:20:25,Dr. Khan,Male,18-40,Low
CASE000091,Treatment,2026-01-04 23:32:34,Dr. Khan,Male,18-40,Low
CASE000091,Discharge,2026-01-04 23:50:17,Staff,Male,18-40,Low
CASE000001,Registration,2026-01-05 03:16:45,Staff,Male,0-17,Low
CASE000001,Triage,2026-01-05 03:23:24,Staff,Male,0-17,Low
CASE000001,Doctor Consultation,2026-01-05 03:54:42,Dr. Reddy,Male,0-17,Low
CASE000001,Treatment,2026-01-05 04:11:32,Dr. Reddy,Male,0-17,Low
CASE000001,Discharge,2026-01-05 04:31:22,Staff,Male,0-17,Low
CASE000401,Registration,2026-01-05 10:08:25,Staff,Female,61+,Medium
CASE000401,Triage,2026-01-05 10:28:02,Staff,Female,61+,Medium
CASE000972,Registration,2026-01-05 10:28:34,Staff,Male,61+,High
CASE000972,Triage,2026-01-05 10:57:30,Staff,Male,61+,High
CASE000401,Doctor Consultation,2026-01-05 11:23:48,Dr. Sharma,Female,61+,Medium
CASE000972,Doctor Consultation,2026-01-05 11:27:33,Dr. Reddy,Male,61+,High
CASE000401,Treatment,2026-01-05 11:34:54,Dr. Sharma,Female,61+,Medium
CASE000401,Discharge,2026-01-05 11:47:36,Staff,Female,61+,Medium
CASE000972,Treatment,2026-01-05 11:52:14,Dr. Reddy,Male,61+,High
CASE000972,Discharge,2026-01-05 12:14:46,Staff,Male,61+,High
CASE000634,Registration,2026-01-05 12:50:39,Staff,Male,0-17,Medium
CASE000634,Triage,2026-01-05 13:15:57,Staff,Male,0-17,Medium
CASE000533,Registration,2026-01-05 13:24:17,Staff,Female,18-40,Low
CASE000533,Triage,2026-01-05 13:42:08,Staff,Female,18-40,Low
CASE000634,X-Ray,2026-01-05 13:46:10,Staff,Male,0-17,Medium
CASE000533,Lab Test,2026-01-05 14:23:19,Staff,Female,18-40,Low
CASE000634,Lab Test,2026-01-05 14:24:21,Staff,Male,0-17,Medium
CASE000634,Doctor Consultation,2026-01-05 14:45:42,Dr. Sharma,Male,0-17,Medium
CASE000533,Doctor Consultation,2026-01-05 14:51:29,Dr. Patel,Female,18-40,Low
CASE000634,Treatment,2026-01-05 15:03:05,Dr. Sharma,Male,0-17,Medium
CASE000108,Registration,2026-01-05 15:03:27,Staff,Male,0-17,High
CASE000108,Triage,2026-01-05 15:17:30,Staff,Male,0-17,High
CASE000533,Treatment,2026-01-05 15:23:51,Dr. Patel,Female,18-40,Low
CASE000634,Discharge,2026-01-05 15:26:07,Staff,Male,0-17,Medium
CASE000108,Lab Test,2026-01-05 15:51:59,Staff,Male,0-17,High
CASE000533,Discharge,2026-01-05 15:53:26,Staff,Female,18-40,Low
CASE000108,Doctor Consultation,2026-01-05 16:08:55,Dr. Reddy,Male,0-17,High
CASE000108,Treatment,2026-01-05 16:27:17,Dr. Reddy,Male,0-17,High
CASE000108,Discharge,2026-01-05 16:50:46,Staff,Male,0-17,High
CASE000493,Registration,2026-01-05 22:02:32,Staff,Male,41-60,Medium
CASE000493,Triage,2026-01-05 22:23:07,Staff,Male,41-60,Medium
CASE000493,X-Ray,2026-01-05 22:45:01,Staff,Male,41-60,Medium
CASE000493,Triage,2026-01-05 22:56:11,Staff,Male,41-60,Medium
CASE000493,X-Ray,2026-01-05 23:30:57,Staff,Male,41-60,Medium
CASE000493,Doctor Consultation,2026-01-06 00:09:10,Dr. Khan,Male,41-60,Medium
CASE000493,Treatment,2026-01-06 00:42:04,Dr. Khan,Male,41-60,Medium
CASE000493,Admission,2026-01-06 01:10:25,Staff,Male,41-60,Medium
CASE000137,Registration,2026-01-06 01:12:56,Staff,Female,18-40,Low
CASE000137,Triage,2026-01-06 01:28:53,Staff,Female,18-40,Low
CASE000137,X-Ray,2026-01-06 02:00:41,Staff,Female,18-40,Low
CASE000137,Doctor Consultation,2026-01-06 02:30:29,Dr. Reddy,Female,18-40,Low
CASE000137,Treatment,2026-01-06 02:43:40,Dr. Reddy,Female,18-40,Low
CASE000137,Admission,2026-01-06 03:01:57,Staff,Female,18-40,Low
CASE000979,Triage,2026-01-06 04:24:37,Staff,Female,61+,Medium
CASE000156,Registration,2026-01-06 04:42:50,Staff,Male,0-17,Low
CASE000979,X-Ray,2026-01-06 04:49:11,Staff,Female,61+,Medium
CASE000979,Triage,2026-01-06 04:57:53,Staff,Female,61+,Medium
CASE000156,Triage,2026-01-06 05:08:06,Staff,Male,0-17,Low
CASE000979,X-Ray,2026-01-06 05:10:58,Staff,Female,61+,Medium
CASE000295,Registration,2026-01-06 05:22:47,Staff,Male,61+,Low
CASE000979,Doctor Consultation,2026-01-06 05:35:37,Dr. Patel,Female,61+,Medium
CASE000156,Doctor Consultation,2026-01-06 05:36:22,Dr. Sharma,Male,0-17,Low
CASE000295,Triage,2026-01-06 05:48:38,Staff,Male,61+,Low
CASE000979,Treatment,2026-01-06 05:56:45,Dr. Patel,Female,61+,Medium
CASE000156,Treatment,2026-01-06 05:59:03,Dr. Sharma,Male,0-17,Low
CASE000156,Discharge,2026-01-06 06:16:00,Staff,Male,0-17,Low
CASE000295,Doctor Consultation,2026-01-06 06:19:58,Dr. Patel,Male,61+,Low
CASE000979,Discharge,2026-01-06 06:20:16,Staff,Female,61+,Medium
CASE000923,Registration,2026-01-06 06:23:22,Staff,Female,0-17,Low
CASE000923,Triage,2026-01-06 06:31:17,Staff,Female,0-17,Low
CASE000295,Treatment,2026-01-06 06:40:55,Dr. Patel,Male,61+,Low
CASE000923,X-Ray,2026-01-06 06:54:45,Staff,Female,0-17,Low
CASE000295,Discharge,2026-01-06 06:56:17,Staff,Male,61+,Low
CASE000923,Lab Test,2026-01-06 07:28:46,Staff,Female,0-17,Low
CASE000923,Doctor Consultation,2026-01-06 07:45:54,Dr. Sharma,Female,0-17,Low
CASE000923,Treatment,2026-01-06 07:55:36,Dr. Sharma,Female,0-17,Low
CASE000923,Discharge,2026-01-06 08:14:32,Staff,Female,0-17,Low
CASE000747,Registration,2026-01-06 11:20:24,Staff,Male,18-40,High
CASE000854,Registration,2026-01-06 11:20:35,Staff,Female,41-60,High
CASE000854,Triage,2026-01-06 11:36:50,Staff,Female,41-60,High
CASE000747,Triage,2026-01-06 11:49:07,Staff,Male,18-40,High
CASE000854,X-Ray,2026-01-06 12:42:42,Staff,Female,41-60,High
CASE000854,Triage,2026-01-06 13:01:17,Staff,Female,41-60,High
CASE000747,X-Ray,2026-01-06 13:05:10,Staff,Male,18-40,High
CASE000854,X-Ray,2026-01-06 13:37:07,Staff,Female,41-60,High
CASE000747,Lab Test,2026-01-06 13:39:47,Staff,Male,18-40,High
CASE000854,Doctor Consultation,2026-01-06 13:58:18,Dr. Sharma,Female,41-60,High
CASE000854,Treatment,2026-01-06 14:08:30,Dr. Sharma,Female,41-60,High
CASE000747,Doctor Consultation,2026-01-06 14:10:35,Dr. Sharma,Male,18-40,High
CASE000854,Discharge,2026-01-06 14:18:30,Staff,Female,41-60,High
CASE000747,Treatment,2026-01-06 14:22:37,Dr. Sharma,Male,18-40,High
CASE000747,Discharge,2026-01-06 14:41:38,Staff,Male,18-40,High
CASE000966,Registration,2026-01-06 17:33:48,Staff,Female,18-40,Medium
CASE000966,Triage,2026-01-06 17:47:59,Staff,Female,18-40,Medium
CASE000690,Registration,2026-01-06 17:51:30,Staff,Male,41-60,High
CASE000943,Registration,2026-01-06 17:57:40,Staff,Female,41-60,Low
CASE000690,Triage,2026-01-06 18:03:44,Staff,Male,41-60,High
CASE000943,Triage,2026-01-06 18:20:34,Staff,Female,41-60,Low
CASE000966,X-Ray,2026-01-06 18:20:51,Staff,Female,18-40,Medium
CASE000690,X-Ray,2026-01-06 18:38:44,Staff,Male,41-60,High
CASE000943,X-Ray,2026-01-06 18:40:51,Staff,Female,41-60,Low
CASE000969,Registration,2026-01-06 18:57:05,Staff,Female,18-40,Medium
CASE000966,Doctor Consultation,2026-01-06 18:58:20,Dr. Sharma,Female,18-40,Medium
CASE000943,Triage,2026-01-06 18:58:32,Staff,Female,41-60,Low
CASE000690,Lab Test,2026-01-06 19:06:22,Staff,Male,41-60,High
CASE000969,Triage,2026-01-06 19:13:58,Staff,Female,18-40,Medium
CASE000592,Registration,2026-01-06 19:21:36,Staff,Female,41-60,Low
CASE000943,X-Ray,2026-01-06 19:24:11,Staff,Female,41-60,Low
CASE000966,Treatment,2026-01-06 19:27:18,Dr. Sharma,Female,18-40,Medium
CASE000592,Triage,2026-01-06 19:37:08,Staff,Female,41-60,Low
CASE000969,X-Ray,2026-01-06 19:37:37,Staff,Female,18-40,Medium
CASE000690,Doctor Consultation,2026-01-06 19:39:46,Dr. Patel,Male,41-60,High
CASE000966,Discharge,2026-01-06 19:40:08,Staff,Female,18-40,Medium
CASE000943,Doctor Consultation,2026-01-06 19:44:01,Dr. Iyer,Female,41-60,Low
CASE000882,Registration,2026-01-06 19:50:31,Staff,Female,18-40,Low
CASE000943,Treatment,2026-01-06 19:59:06,Dr. Iyer,Female,41-60,Low
CASE000882,Triage,2026-01-06 20:00:09,Staff,Female,18-40,Low
CASE000690,Treatment,2026-01-06 20:01:24,Dr. Patel,Male,41-60,High
CASE000969,Lab Test,2026-01-06 20:13:12,Staff,Female,18-40,Medium
CASE000943,Discharge,2026-01-06 20:17:10,Staff,Female,41-60,Low
CASE000592,Lab Test,2026-01-06 20:20:21,Staff,Female,41-60,Low
CASE000882,Doctor Consultation,2026-01-06 20:26:50,Dr. Patel,Female,18-40,Low
CASE000690,Discharge,2026-01-06 20:32:20,Staff,Male,41-60,High
CASE000592,Doctor Consultation,2026-01-06 20:38:55,Dr. Patel,Female,41-60,Low
CASE000969,Doctor Consultation,2026-01-06 20:43:07,Dr. Patel,Female,18-40,Medium
CASE000882,Treatment,2026-01-06 20:45:57,Dr. Patel,Female,18-40,Low
CASE000592,Treatment,2026-01-06 20:56:55,Dr. Patel,Female,41-60,Low
CASE000969,Treatment,2026-01-06 20:58:18,Dr. Patel,Female,18-40,Medium
CASE000595,Registration,2026-01-06 20:58:39,Staff,Male,41-60,Low
CASE000882,Discharge,2026-01-06 21:07:55,Staff,Female,18-40,Low
CASE000969,Discharge,2026-01-06 21:14:01,Staff,Female,18-40,Medium
CASE000592,Discharge,2026-01-06 21:16:54,Staff,Female,41-60,Low
CASE000595,Triage,2026-01-06 21:25:24,Staff,Male,41-60,Low
CASE000595,X-Ray,2026-01-06 21:55:23,Staff,Male,41-60,Low
CASE000595,Triage,2026-01-06 22:15:15,Staff,Male,41-60,Low
CASE000595,X-Ray,2026-01-06 22:40:43,Staff,Male,41-60,Low
CASE000595,Doctor Consultation,2026-01-06 23:07:09,Dr. Patel,Male,41-60,Low
CASE000595,Treatment,2026-01-06 23:32:55,Dr. Patel,Male,41-60,Low
CASE000595,Discharge,2026-01-06 23:54:12,Staff,Male,41-60,Low
CASE000544,Registration,2026-01-07 04:05:49,Staff,Female,41-60,Low
CASE000544,Triage,2026-01-07 04:20:41,Staff,Female,41-60,Low
CASE000544,X-Ray,2026-01-07 04:45:56,Staff,Female,41-60,Low
CASE000544,Triage,2026-01-07 04:58:22,Staff,Female,41-60,Low
CASE000544,X-Ray,2026-01-07 05:21:37,Staff,Female,41-60,Low
CASE000544,Doctor Consultation,2026-01-07 05:51:07,Dr. Sharma,Female,41-60,Low
CASE000544,Treatment,2026-01-07 06:12:46,Dr. Sharma,Female,41-60,Low
CASE000544,Discharge,2026-01-07 06:25:30,Staff,Female,41-60,Low
CASE000952,Registration,2026-01-07 06:45:40,Staff,Male,18-40,Low
CASE000952,Triage,2026-01-07 06:51:28,Staff,Male,18-40,Low
CASE000952,Lab Test,2026-01-07 07:20:12,Staff,Male,18-40,Low
CASE000952,Doctor Consultation,2026-01-07 07:49:58,Dr. Sharma,Male,18-40,Low
CASE000952,Treatment,2026-01-07 08:05:45,Dr. Sharma,Male,18-40,Low
CASE000198,Registration,2026-01-07 08:06:25,Staff,Female,18-40,Low
CASE000198,Triage,2026-01-07 08:17:23,Staff,Female,18-40,Low
CASE000952,Discharge,2026-01-07 08:30:25,Staff,Male,18-40,Low
CASE000198,X-Ray,2026-01-07 09:22:21,Staff,Female,18-40,Low
CASE000292,Registration,2026-01-07 09:29:48,Staff,Female,18-40,High
CASE000292,Triage,2026-01-07 09:40:49,Staff,Female,18-40,High
CASE000198,Doctor Consultation,2026-01-07 09:48:37,Dr. Patel,Female,18-40,Low
CASE000198,Treatment,2026-01-07 10:08:23,Dr. Patel,Female,18-40,Low
CASE000198,Discharge,2026-01-07 10:20:33,Staff,Female,18-40,Low
CASE000292,X-Ray,2026-01-07 10:35:56,Staff,Female,18-40,High
CASE000292,Lab Test,2026-01-07 11:04:07,Staff,Female,18-40,High
CASE000292,Doctor Consultation,2026-01-07 11:51:27,Dr. Iyer,Female,18-40,High
CASE000292,Treatment,2026-01-07 12:01:43,Dr. Iyer,Female,18-40,High
CASE000292,Discharge,2026-01-07 12:14:15,Staff,Female,18-40,High
CASE000607,Registration,2026-01-07 12:54:29,Staff,Male,0-17,Low
CASE000607,Triage,2026-01-07 13:13:35,Staff,Male,0-17,Low
CASE000607,X-Ray,2026-01-07 13:51:39,Staff,Male,0-17,Low
CASE000607,Lab Test,2026-01-07 14:16:19,Staff,Male,0-17,Low
CASE000607,Doctor Consultation,2026-01-07 14:44:25,Dr. Patel,Male,0-17,Low
CASE000607,Treatment,2026-01-07 15:05:45,Dr. Patel,Male,0-17,Low
CASE000607,Discharge,2026-01-07 15:26:26,Staff,Male,0-17,Low
CASE000214,Registration,2026-01-07 16:23:32,Staff,Female,18-40,Low
CASE000214,Triage,2026-01-07 16:31:54,Staff,Female,18-40,Low
CASE000214,X-Ray,2026-01-07 16:46:22,Staff,Female,18-40,Low
CASE000214,Triage,2026-01-07 17:06:12,Staff,Female,18-40,Low
CASE000214,X-Ray,2026-01-07 17:32:21,Staff,Female,18-40,Low
CASE000666,Registration,2026-01-07 17:38:02,Staff,Female,0-17,High
CASE000666,Triage,2026-01-07 17:45:47,Staff,Female,0-17,High
CASE000256,Triage,2026-01-07 17:54:08,Staff,Male,18-40,Medium
CASE000214,Doctor Consultation,2026-01-07 18:00:19,Dr. Patel,Female,18-40,Low
CASE000666,Doctor Consultation,2026-01-07 18:01:55,Dr. Reddy,Female,0-17,High
CASE000666,Treatment,2026-01-07 18:10:56,Dr. Reddy,Female,0-17,High
CASE000256,Doctor Consultation,2026-01-07 18:19:47,Dr. Iyer,Male,18-40,Medium
CASE000666,Discharge,2026-01-07 18:24:16,Staff,Female,0-17,High
CASE000214,Treatment,2026-01-07 18:27:30,Dr. Patel,Female,18-40,Low
CASE000256,Treatment,2026-01-07 18:46:26,Dr. Iyer,Male,18-40,Medium
CASE000214,Discharge,2026-01-07 18:53:59,Staff,Female,18-40,Low
CASE000256,Discharge,2026-01-07 19:07:42,Staff,Male,18-40,Medium
CASE000058,Registration,2026-01-07 19:22:54,Staff,Female,61+,Medium
CASE000058,Lab Test,2026-01-07 19:59:57,Staff,Female,61+,Medium
CASE000058,Doctor Consultation,2026-01-07 20:38:47,Dr. Patel,Female,61+,Medium
CASE000223,Registration,2026-01-07 20:54:19,Staff,Male,0-17,Low
CASE000058,Treatment,2026-01-07 21:03:03,Dr. Patel,Female,61+,Medium
CASE000223,Triage,2026-01-07 21:14:43,Staff,Male,0-17,Low
CASE000058,Discharge,2026-01-07 21:23:27,Staff,Female,61+,Medium
CASE000223,X-Ray,2026-01-07 21:40:42,Staff,Male,0-17,Low
CASE000223,Lab Test,2026-01-07 22:07:32,Staff,Male,0-17,Low
CASE000223,Doctor Consultation,2026-01-07 22:30:05,Dr. Sharma,Male,0-17,Low
CASE000223,Treatment,2026-01-07 22:43:34,Dr. Sharma,Male,0-17,Low
CASE000223,Discharge,2026-01-07 23:12:38,Staff,Male,0-17,Low
CASE000870,Registration,2026-01-08 10:37:21,Staff,Female,0-17,Medium
CASE000870,Triage,2026-01-08 10:52:41,Staff,Female,0-17,Medium
CASE000870,X-Ray,2026-01-08 12:16:58,Staff,Female,0-17,Medium
CASE000870,Doctor Consultation,2026-01-08 12:43:40,Dr. Patel,Female,0-17,Medium
CASE000870,Treatment,2026-01-08 13:03:54,Dr. Patel,Female,0-17,Medium
CASE000870,Discharge,2026-01-08 13:24:04,Staff,Female,0-17,Medium
CASE000317,Registration,2026-01-08 17:04:07,Staff,Male,18-40,Low
CASE000317,Triage,2026-01-08 17:13:27,Staff,Male,18-40,Low
CASE000317,X-Ray,2026-01-08 17:49:00,Staff,Male,18-40,Low
CASE000363,Registration,2026-01-08 18:20:50,Staff,Female,18-40,Medium
CASE000317,Doctor Consultation,2026-01-08 18:23:21,Dr. Iyer,Male,18-40,Low
CASE000363,Triage,2026-01-08 18:31:05,Staff,Female,18-40,Medium
CASE000317,Treatment,2026-01-08 18:43:28,Dr. Iyer,Male,18-40,Low
CASE000363,Lab Test,2026-01-08 18:52:11,Staff,Female,18-40,Medium
CASE000317,Discharge,2026-01-08 19:05:23,Staff,Male,18-40,Low
CASE000363,Doctor Consultation,2026-01-08 19:11:13,Dr. Patel,Female,18-40,Medium
CASE000363,Treatment,2026-01-08 19:29:22,Dr. Patel,Female,18-40,Medium
CASE000363,Discharge,2026-01-08 19:42:33,Staff,Female,18-40,Medium
CASE000076,Registration,2026-01-08 19:59:32,Staff,Male,41-60,Medium
CASE000076,Triage,2026-01-08 20:14:39,Staff,Male,41-60,Medium
CASE000960,Registration,2026-01-08 20:25:02,Staff,Female,18-40,Low
CASE000466,Registration,2026-01-08 20:33:27,Staff,Female,18-40,Medium
CASE000960,Triage,2026-01-08 20:43:20,Staff,Female,18-40,Low
CASE000466,Triage,2026-01-08 20:46:05,Staff,Female,18-40,Medium
CASE000076,X-Ray,2026-01-08 20:47:41,Staff,Male,41-60,Medium
CASE000960,Lab Test,2026-01-08 21:15:00,Staff,Female,18-40,Low
CASE000466,X-Ray,2026-01-08 21:19:13,Staff,Female,18-40,Medium
CASE000076,Lab Test,2026-01-08 21:26:35,Staff,Male,41-60,Medium
CASE000960,Doctor Consultation,2026-01-08 21:45:12,Dr. Patel,Female,18-40,Low
CASE000466,Doctor Consultation,2026-01-08 21:52:01,Dr. Sharma,Female,18-40,Medium
CASE000076,Doctor Consultation,2026-01-08 22:01:11,Dr. Patel,Male,41-60,Medium
CASE000960,Treatment,2026-01-08 22:11:24,Dr. Patel,Female,18-40,Low
CASE000466,Treatment,2026-01-08 22:15:24,Dr. Sharma,Female,18-40,Medium
CASE000076,Treatment,2026-01-08 22:15:25,Dr. Patel,Male,41-60,Medium
CASE000076,Discharge,2026-01-08 22:28:39,Staff,Male,41-60,Medium
CASE000960,Discharge,2026-01-08 22:28:54,Staff,Female,18-40,Low
CASE000466,Discharge,2026-01-08 22:40:40,Staff,Female,18-40,Medium
CASE000505,Registration,2026-01-09 06:06:16,Staff,Male,41-60,Low
CASE000505,Triage,2026-01-09 06:17:17,Staff,Male,41-60,Low
CASE000397,Registration,2026-01-09 06:17:18,Staff,Female,18-40,Low
CASE000397,Triage,2026-01-09 06:37:42,Staff,Female,18-40,Low
CASE000505,Doctor Consultation,2026-01-09 06:48:56,Dr. Patel,Male,41-60,Low
CASE000505,Treatment,2026-01-09 07:00:12,Dr. Patel,Male,41-60,Low
CASE000397,Doctor Consultation,2026-01-09 07:05:47,Dr. Reddy,Female,18-40,Low
CASE000397,Treatment,2026-01-09 07:14:23,Dr. Reddy,Female,18-40,Low
CASE000505,Discharge,2026-01-09 07:19:54,Staff,Male,41-60,Low
CASE000397,Discharge,2026-01-09 07:27:36,Staff,Female,18-40,Low
CASE000498,Registration,2026-01-09 08:25:53,Staff,Male,41-60,Low
CASE000498,Triage,2026-01-09 08:48:27,Staff,Male,41-60,Low
CASE000498,X-Ray,2026-01-09 09:50:11,Staff,Male,41-60,Low
CASE000498,Triage,2026-01-09 10:11:35,Staff,Male,41-60,Low
CASE000335,Triage,2026-01-09 10:24:01,Staff,Male,18-40,Medium
CASE000201,Registration,2026-01-09 10:35:12,Staff,Female,18-40,Low
CASE000201,Triage,2026-01-09 10:53:35,Staff,Female,18-40,Low
CASE000498,X-Ray,2026-01-09 10:54:09,Staff,Male,41-60,Low
CASE000982,Registration,2026-01-09 10:55:50,Staff,Female,41-60,Low
CASE000888,Registration,2026-01-09 11:11:14,Staff,Female,41-60,Low
CASE000335,X-Ray,2026-01-09 11:11:50,Staff,Male,18-40,Medium
CASE000982,Triage,2026-01-09 11:13:11,Staff,Female,41-60,Low
CASE000498,Lab Test,2026-01-09 11:25:38,Staff,Male,41-60,Low
CASE000888,Triage,2026-01-09 11:30:26,Staff,Female,41-60,Low
CASE000335,Triage,2026-01-09 11:37:30,Staff,Male,18-40,Medium
CASE000201,Doctor Consultation,2026-01-09 11:39:07,Dr. Patel,Female,18-40,Low
CASE000982,Doctor Consultation,2026-01-09 11:43:35,Dr. Reddy,Female,41-60,Low
CASE000201,Treatment,2026-01-09 11:55:57,Dr. Patel,Female,18-40,Low
CASE000982,Treatment,2026-01-09 12:07:05,Dr. Reddy,Female,41-60,Low
CASE000201,Discharge,2026-01-09 12:08:54,Staff,Female,18-40,Low
CASE000888,Doctor Consultation,2026-01-09 12:25:45,Dr. Reddy,Female,41-60,Low
CASE000498,Doctor Consultation,2026-01-09 12:27:10,Dr. Khan,Male,41-60,Low
CASE000982,Discharge,2026-01-09 12:31:46,Staff,Female,41-60,Low
CASE000498,Treatment,2026-01-09 12:48:35,Dr. Khan,Male,41-60,Low
CASE000888,Treatment,2026-01-09 12:49:07,Dr. Reddy,Female,41-60,Low
CASE000335,X-Ray,2026-01-09 12:51:14,Staff,Male,18-40,Medium
CASE000564,Registration,2026-01-09 13:02:04,Staff,Male,18-40,Medium
CASE000498,Discharge,2026-01-09 13:08:41,Staff,Male,41-60,Low
CASE000888,Discharge,2026-01-09 13:09:49,Staff,Female,41-60,Low
CASE000564,Triage,2026-01-09 13:26:16,Staff,Male,18-40,Medium
CASE000739,Registration,2026-01-09 13:26:26,Staff,Male,0-17,Medium
CASE000335,Lab Test,2026-01-09 13:27:03,Staff,Male,18-40,Medium
CASE000564,X-Ray,2026-01-09 13:46:33,Staff,Male,18-40,Medium
CASE000739,Triage,2026-01-09 13:48:09,Staff,Male,0-17,Medium
CASE000335,Doctor Consultation,2026-01-09 13:53:28,Dr. Khan,Male,18-40,Medium
CASE000564,Triage,2026-01-09 14:04:17,Staff,Male,18-40,Medium
CASE000335,Treatment,2026-01-09 14:18:55,Dr. Khan,Male,18-40,Medium
CASE000739,Doctor Consultation,2026-01-09 14:21:17,Dr. Patel,Male,0-17,Medium
CASE000564,X-Ray,2026-01-09 14:31:29,Staff,Male,18-40,Medium
CASE000739,Treatment,2026-01-09 14:36:48,Dr. Patel,Male,0-17,Medium
CASE000335,Discharge,2026-01-09 14:44:36,Staff,Male,18-40,Medium
CASE000564,Lab Test,2026-01-09 14:49:43,Staff,Male,18-40,Medium
CASE000739,Discharge,2026-01-09 14:52:36,Staff,Male,0-17,Medium
CASE000564,Doctor Consultation,2026-01-09 15:20:25,Dr. Patel,Male,18-40,Medium
CASE000564,Treatment,2026-01-09 15:37:18,Dr. Patel,Male,18-40,Medium
CASE000564,Discharge,2026-01-09 15:55:25,Staff,Male,18-40,Medium
CASE000961,Registration,2026-01-09 16:30:00,Staff,Male,41-60,Medium
CASE000961,Triage,2026-01-09 16:44:25,Staff,Male,41-60,Medium
CASE000253,Registration,2026-01-09 16:56:46,Staff,Male,18-40,Low
CASE000253,Triage,2026-01-09 17:07:36,Staff,Male,18-40,Low
CASE000961,Lab Test,2026-01-09 17:10:42,Staff,Male,41-60,Medium
CASE000253,Doctor Consultation,2026-01-09 17:34:18,Dr. Reddy,Male,18-40,Low
CASE000961,Doctor Consultation,2026-01-09 17:43:09,Dr. Patel,Male,41-60,Medium
CASE000253,Treatment,2026-01-09 17:46:09,Dr. Reddy,Male,18-40,Low
CASE000961,Treatment,2026-01-09 17:53:52,Dr. Patel,Male,41-60,Medium
CASE000253,Discharge,2026-01-09 18:02:11,Staff,Male,18-40,Low
CASE000961,Discharge,2026-01-09 18:06:00,Staff,Male,41-60,Medium
CASE000549,Registration,2026-01-09 18:22:46,Staff,Male,18-40,Low
CASE000319,Registration,2026-01-09 18:29:38,Staff,Female,41-60,Low
CASE000549,Triage,2026-01-09 18:41:32,Staff,Male,18-40,Low
CASE000319,Triage,2026-01-09 18:42:07,Staff,Female,41-60,Low
CASE000319,X-Ray,2026-01-09 18:59:17,Staff,Female,41-60,Low
CASE000709,Registration,2026-01-09 19:08:50,Staff,Male,18-40,Low
CASE000549,Lab Test,2026-01-09 19:11:19,Staff,Male,18-40,Low
CASE000319,Doctor Consultation,2026-01-09 19:20:50,Dr. Reddy,Female,41-60,Low
CASE000709,Triage,2026-01-09 19:25:20,Staff,Male,18-40,Low
CASE000549,Doctor Consultation,2026-01-09 19:34:26,Dr. Khan,Male,18-40,Low
CASE000319,Treatment,2026-01-09 19:36:42,Dr. Reddy,Female,41-60,Low
CASE000549,Treatment,2026-01-09 19:53:03,Dr. Khan,Male,18-40,Low
CASE000319,Admission,2026-01-09 19:54:54,Staff,Female,41-60,Low
CASE000709,Doctor Consultation,2026-01-09 19:55:06,Dr. Khan,Male,18-40,Low
CASE000549,Discharge,2026-01-09 20:06:38,Staff,Male,18-40,Low
CASE000709,Treatment,2026-01-09 20:09:14,Dr. Khan,Male,18-40,Low
CASE000709,Discharge,2026-01-09 20:25:50,Staff,Male,18-40,Low
CASE000164,Registration,2026-01-09 20:39:55,Staff,Male,61+,Low
CASE000164,Triage,2026-01-09 20:57:55,Staff,Male,61+,Low
CASE000164,X-Ray,2026-01-09 21:28:42,Staff,Male,61+,Low
CASE000516,Registration,2026-01-09 21:49:32,Staff,Female,18-40,Low
CASE000749,Registration,2026-01-09 21:51:41,Staff,Female,18-40,Low
CASE000164,Doctor Consultation,2026-01-09 21:59:55,Dr. Iyer,Male,61+,Low
CASE000516,Triage,2026-01-09 22:00:03,Staff,Female,18-40,Low
CASE000749,Triage,2026-01-09 22:10:46,Staff,Female,18-40,Low
CASE000164,Treatment,2026-01-09 22:18:30,Dr. Iyer,Male,61+,Low
CASE000516,X-Ray,2026-01-09 22:23:08,Staff,Female,18-40,Low
CASE000164,Discharge,2026-01-09 22:26:40,Staff,Male,61+,Low
CASE000749,X-Ray,2026-01-09 22:46:40,Staff,Female,18-40,Low
CASE000569,Registration,2026-01-09 22:52:24,Staff,Male,41-60,Medium
CASE000516,Lab Test,2026-01-09 23:03:36,Staff,Female,18-40,Low
CASE000749,Doctor Consultation,2026-01-09 23:09:31,Dr. Patel,Female,18-40,Low
CASE000569,Triage,2026-01-09 23:17:57,Staff,Male,41-60,Medium
CASE000516,Doctor Consultation,2026-01-09 23:31:06,Dr. Khan,Female,18-40,Low
CASE000749,Treatment,2026-01-09 23:35:13,Dr. Patel,Female,18-40,Low
CASE000569,Doctor Consultation,2026-01-09 23:46:13,Dr. Khan,Male,41-60,Medium
CASE000516,Treatment,2026-01-09 23:49:48,Dr. Khan,Female,18-40,Low
CASE000749,Discharge,2026-01-09 23:58:23,Staff,Female,18-40,Low
CASE000569,Treatment,2026-01-10 00:02:07,Dr. Khan,Male,41-60,Medium
CASE000516,Discharge,2026-01-10 00:13:23,Staff,Female,18-40,Low
CASE000569,Discharge,2026-01-10 00:23:51,Staff,Male,41-60,Medium
CASE000233,Registration,2026-01-10 07:21:36,Staff,Female,18-40,Low
CASE000233,Triage,2026-01-10 07:40:17,Staff,Female,18-40,Low
CASE000233,X-Ray,2026-01-10 08:10:48,Staff,Female,18-40,Low
CASE000233,Triage,2026-01-10 08:38:19,Staff,Female,18-40,Low
CASE000233,X-Ray,2026-01-10 09:21:28,Staff,Female,18-40,Low
CASE000233,Lab Test,2026-01-10 09:49:14,Staff,Female,18-40,Low
CASE000233,Doctor Consultation,2026-01-10 10:26:57,Dr. Sharma,Female,18-40,Low
CASE000233,Treatment,2026-01-10 10:44:29,Dr. Sharma,Female,18-40,Low
CASE000233,Discharge,2026-01-10 11:05:48,Staff,Female,18-40,Low
CASE000008,Registration,2026-01-10 12:59:39,Staff,Male,0-17,Medium
CASE000008,Triage,2026-01-10 13:11:30,Staff,Male,0-17,Medium
CASE000008,X-Ray,2026-01-10 13:53:11,Staff,Male,0-17,Medium
CASE000177,Registration,2026-01-10 14:16:40,Staff,Female,61+,Low
CASE000177,Triage,2026-01-10 14:28:13,Staff,Female,61+,Low
CASE000008,Lab Test,2026-01-10 14:38:54,Staff,Male,0-17,Medium
CASE000177,Lab Test,2026-01-10 15:00:55,Staff,Female,61+,Low
CASE000008,Doctor Consultation,2026-01-10 15:00:59,Dr. Sharma,Male,0-17,Medium
CASE000008,Treatment,2026-01-10 15:15:26,Dr. Sharma,Male,0-17,Medium
CASE000008,Discharge,2026-01-10 15:26:59,Staff,Male,0-17,Medium
CASE000177,Doctor Consultation,2026-01-10 15:30:37,Dr. Sharma,Female,61+,Low
CASE000177,Treatment,2026-01-10 15:56:09,Dr. Sharma,Female,61+,Low
CASE000525,Registration,2026-01-10 16:01:15,Staff,Female,18-40,Low
CASE000177,Discharge,2026-01-10 16:21:27,Staff,Female,61+,Low
CASE000525,Triage,2026-01-10 16:21:56,Staff,Female,18-40,Low
CASE000525,X-Ray,2026-01-10 17:04:50,Staff,Female,18-40,Low
CASE000525,Doctor Consultation,2026-01-10 17:27:29,Dr. Reddy,Female,18-40,Low
CASE000525,Treatment,2026-01-10 17:45:03,Dr. Reddy,Female,18-40,Low
CASE000525,Discharge,2026-01-10 17:54:33,Staff,Female,18-40,Low
CASE000560,Registration,2026-01-10 19:19:27,Staff,Male,41-60,Low
CASE000756,Registration,2026-01-10 19:23:15,Staff,Male,18-40,Low
CASE000358,Registration,2026-01-10 19:32:03,Staff,Female,61+,Low
CASE000560,Triage,2026-01-10 19:36:19,Staff,Male,41-60,Low
CASE000756,Triage,2026-01-10 19:44:33,Staff,Male,18-40,Low
CASE000358,Triage,2026-01-10 19:52:56,Staff,Female,61+,Low
CASE000756,Doctor Consultation,2026-01-10 20:04:38,Dr. Patel,Male,18-40,Low
CASE000560,X-Ray,2026-01-10 20:10:09,Staff,Male,41-60,Low
CASE000756,Treatment,2026-01-10 20:14:49,Dr. Patel,Male,18-40,Low
CASE000358,X-Ray,2026-01-10 20:20:24,Staff,Female,61+,Low
CASE000560,Triage,2026-01-10 20:20:26,Staff,Male,41-60,Low
CASE000756,Discharge,2026-01-10 20:34:16,Staff,Male,18-40,Low
CASE000560,X-Ray,2026-01-10 20:43:41,Staff,Male,41-60,Low
CASE000358,Doctor Consultation,2026-01-10 20:45:42,Dr. Reddy,Female,61+,Low
CASE000358,Treatment,2026-01-10 20:54:28,Dr. Reddy,Female,61+,Low
CASE000959,Registration,2026-01-10 21:00:55,Staff,Female,18-40,Medium
CASE000959,Triage,2026-01-10 21:18:46,Staff,Female,18-40,Medium
CASE000358,Discharge,2026-01-10 21:20:53,Staff,Female,61+,Low
CASE000560,Lab Test,2026-01-10 21:24:28,Staff,Male,41-60,Low
CASE000959,Lab Test,2026-01-10 21:51:38,Staff,Female,18-40,Medium
CASE000560,Doctor Consultation,2026-01-10 22:01:03,Dr. Reddy,Male,41-60,Low
CASE000959,Doctor Consultation,2026-01-10 22:15:12,Dr. Reddy,Female,18-40,Medium
CASE000560,Treatment,2026-01-10 22:19:16,Dr. Reddy,Male,41-60,Low
CASE000959,Treatment,2026-01-10 22:32:16,Dr. Reddy,Female,18-40,Medium
CASE000560,Discharge,2026-01-10 22:38:43,Staff,Male,41-60,Low
CASE000959,Admission,2026-01-10 22:59:42,Staff,Female,18-40,Medium
CASE000587,Registration,2026-01-11 06:18:15,Staff,Male,41-60,Medium
CASE000587,Triage,2026-01-11 06:29:38,Staff,Male,41-60,Medium
CASE000587,X-Ray,2026-01-11 06:56:07,Staff,Male,41-60,Medium
CASE000587,Triage,2026-01-11 07:18:59,Staff,Male,41-60,Medium
CASE000092,Registration,2026-01-11 07:20:01,Staff,Female,41-60,Medium
CASE000092,Triage,2026-01-11 07:31:31,Staff,Female,41-60,Medium
CASE000093,Registration,2026-01-11 07:48:53,Staff,Male,18-40,Low
CASE000587,X-Ray,2026-01-11 07:52:30,Staff,Male,41-60,Medium
CASE000092,X-Ray,2026-01-11 08:03:04,Staff,Female,41-60,Medium
CASE000093,Triage,2026-01-11 08:04:25,Staff,Male,18-40,Low
CASE000570,Registration,2026-01-11 08:10:14,Staff,Female,0-17,Medium
CASE000587,Doctor Consultation,2026-01-11 08:36:41,Dr. Sharma,Male,41-60,Medium
CASE000570,Triage,2026-01-11 08:40:09,Staff,Female,0-17,Medium
CASE000093,Doctor Consultation,2026-01-11 08:41:44,Dr. Patel,Male,18-40,Low
CASE000093,Treatment,2026-01-11 08:58:03,Dr. Patel,Male,18-40,Low
CASE000092,Doctor Consultation,2026-01-11 09:01:03,Dr. Khan,Female,41-60,Medium
CASE000587,Treatment,2026-01-11 09:03:39,Dr. Sharma,Male,41-60,Medium
CASE000093,Discharge,2026-01-11 09:12:33,Staff,Male,18-40,Low
CASE000587,Discharge,2026-01-11 09:21:42,Staff,Male,41-60,Medium
CASE000092,Treatment,2026-01-11 09:22:15,Dr. Khan,Female,41-60,Medium
CASE000570,Doctor Consultation,2026-01-11 09:22:48,Dr. Iyer,Female,0-17,Medium
CASE000092,Discharge,2026-01-11 09:31:14,Staff,Female,41-60,Medium
CASE000570,Treatment,2026-01-11 09:47:19,Dr. Iyer,Female,0-17,Medium
CASE000570,Discharge,2026-01-11 10:05:05,Staff,Female,0-17,Medium
CASE000042,Registration,2026-01-11 10:10:41,Staff,Female,18-40,High
CASE000042,Triage,2026-01-11 10:38:05,Staff,Female,18-40,High
CASE000779,Registration,2026-01-11 10:46:24,Staff,Female,41-60,Low
CASE000779,Triage,2026-01-11 11:04:34,Staff,Female,41-60,Low
CASE000042,X-Ray,2026-01-11 11:35:20,Staff,Female,18-40,High
CASE000042,Triage,2026-01-11 11:57:55,Staff,Female,18-40,High
CASE000779,X-Ray,2026-01-11 12:15:15,Staff,Female,41-60,Low
CASE000042,X-Ray,2026-01-11 12:24:49,Staff,Female,18-40,High
CASE000779,Doctor Consultation,2026-01-11 12:47:53,Dr. Sharma,Female,41-60,Low
CASE000042,Doctor Consultation,2026-01-11 12:51:15,Dr. Sharma,Female,18-40,High
CASE000779,Treatment,2026-01-11 13:12:41,Dr. Sharma,Female,41-60,Low
CASE000042,Treatment,2026-01-11 13:18:54,Dr. Sharma,Female,18-40,High
CASE000087,Registration,2026-01-11 13:23:32,Staff,Male,41-60,Medium
CASE000087,Triage,2026-01-11 13:32:56,Staff,Male,41-60,Medium
CASE000779,Discharge,2026-01-11 13:33:16,Staff,Female,41-60,Low
CASE000042,Discharge,2026-01-11 13:44:40,Staff,Female,18-40,High
CASE000087,X-Ray,2026-01-11 14:04:39,Staff,Male,41-60,Medium
CASE000087,Doctor Consultation,2026-01-11 14:42:15,Dr. Khan,Male,41-60,Medium
CASE000087,Treatment,2026-01-11 15:01:25,Dr. Khan,Male,41-60,Medium
CASE000087,Discharge,2026-01-11 15:26:08,Staff,Male,41-60,Medium
CASE000523,Registration,2026-01-11 15:29:01,Staff,Male,41-60,Medium
CASE000523,Triage,2026-01-11 15:38:05,Staff,Male,41-60,Medium
CASE000767,Registration,2026-01-11 15:49:27,Staff,Male,18-40,Low
CASE000767,Triage,2026-01-11 16:02:21,Staff,Male,18-40,Low
CASE000523,X-Ray,2026-01-11 16:13:46,Staff,Male,41-60,Medium
CASE000681,Registration,2026-01-11 16:16:58,Staff,Male,18-40,Medium
CASE000767,X-Ray,2026-01-11 16:27:22,Staff,Male,18-40,Low
CASE000523,Triage,2026-01-11 16:33:06,Staff,Male,41-60,Medium
CASE000681,Triage,2026-01-11 16:40:43,Staff,Male,18-40,Medium
CASE000767,Doctor Consultation,2026-01-11 16:51:03,Dr. Reddy,Male,18-40,Low
CASE000523,X-Ray,2026-01-11 17:02:15,Staff,Male,41-60,Medium
CASE000681,X-Ray,2026-01-11 17:14:08,Staff,Male,18-40,Medium
CASE000767,Treatment,2026-01-11 17:18:51,Dr. Reddy,Male,18-40,Low
CASE000523,Doctor Consultation,2026-01-11 17:19:23,Dr. Patel,Male,41-60,Medium
CASE000767,Discharge,2026-01-11 17:36:15,Staff,Male,18-40,Low
CASE000523,Treatment,2026-01-11 17:39:44,Dr. Patel,Male,41-60,Medium
CASE000681,Doctor Consultation,2026-01-11 17:39:56,Dr. Reddy,Male,18-40,Medium
CASE000089,Registration,2026-01-11 17:41:54,Staff,Female,0-17,Low
CASE000089,Triage,2026-01-11 17:54:10,Staff,Female,0-17,Low
CASE000523,Discharge,2026-01-11 17:54:25,Staff,Male,41-60,Medium
CASE000837,Registration,2026-01-11 17:57:24,Staff,Female,0-17,Medium
CASE000681,Treatment,2026-01-11 18:07:15,Dr. Reddy,Male,18-40,Medium
CASE000837,Triage,2026-01-11 18:17:19,Staff,Female,0-17,Medium
CASE000681,Discharge,2026-01-11 18:17:56,Staff,Male,18-40,Medium
CASE000089,X-Ray,2026-01-11 18:19:41,Staff,Female,0-17,Low
CASE000089,Triage,2026-01-11 18:30:52,Staff,Female,0-17,Low
CASE000837,Doctor Consultation,2026-01-11 18:32:44,Dr. Iyer,Female,0-17,Medium
CASE000089,X-Ray,2026-01-11 18:47:12,Staff,Female,0-17,Low
CASE000837,Treatment,2026-01-11 18:53:57,Dr. Iyer,Female,0-17,Medium
CASE000089,Lab Test,2026-01-11 19:10:53,Staff,Female,0-17,Low
CASE000837,Discharge,2026-01-11 19:25:01,Staff,Female,0-17,Medium
CASE000089,Doctor Consultation,2026-01-11 19:41:20,Dr. Patel,Female,0-17,Low
CASE000089,Treatment,2026-01-11 20:12:02,Dr. Patel,Female,0-17,Low
CASE000914,Registration,2026-01-11 20:14:36,Staff,Female,0-17,Medium
CASE000914,Triage,2026-01-11 20:32:21,Staff,Female,0-17,Medium
CASE000089,Discharge,2026-01-11 20:33:51,Staff,Female,0-17,Low
CASE000914,X-Ray,2026-01-11 21:01:12,Staff,Female,0-17,Medium
CASE000149,Registration,2026-01-11 21:14:30,Staff,Male,61+,Medium
CASE000914,Triage,2026-01-11 21:14:38,Staff,Female,0-17,Medium
CASE000149,Triage,2026-01-11 21:20:01,Staff,Male,61+,Medium
CASE000914,X-Ray,2026-01-11 21:34:20,Staff,Female,0-17,Medium
CASE000149,X-Ray,2026-01-11 21:55:34,Staff,Male,61+,Medium
CASE000914,Lab Test,2026-01-11 22:07:59,Staff,Female,0-17,Medium
CASE000149,Triage,2026-01-11 22:17:49,Staff,Male,61+,Medium
CASE000914,Doctor Consultation,2026-01-11 22:32:44,Dr. Iyer,Female,0-17,Medium
CASE000149,X-Ray,2026-01-11 22:39:43,Staff,Male,61+,Medium
CASE000914,Treatment,2026-01-11 22:41:40,Dr. Iyer,Female,0-17,Medium
CASE000914,Discharge,2026-01-11 22:59:41,Staff,Female,0-17,Medium
CASE000149,Doctor Consultation,2026-01-11 23:19:16,Dr. Iyer,Male,61+,Medium
CASE000149,Treatment,2026-01-11 23:46:12,Dr. Iyer,Male,61+,Medium
CASE000149,Discharge,2026-01-12 00:17:08,Staff,Male,61+,Medium
CASE000783,Registration,2026-01-12 07:44:16,Staff,Male,18-40,Low
CASE000783,Triage,2026-01-12 08:00:34,Staff,Male,18-40,Low
CASE000783,X-Ray,2026-01-12 08:56:21,Staff,Male,18-40,Low
CASE000783,Doctor Consultation,2026-01-12 09:33:51,Dr. Reddy,Male,18-40,Low
CASE000783,Treatment,2026-01-12 10:04:24,Dr. Reddy,Male,18-40,Low
CASE000889,Registration,2026-01-12 10:28:29,Staff,Male,41-60,Low
CASE000783,Admission,2026-01-12 10:34:58,Staff,Male,18-40,Low
CASE000877,Registration,2026-01-12 10:39:30,Staff,Female,0-17,Medium
CASE000120,Registration,2026-01-12 10:43:21,Staff,Female,18-40,Low
CASE000889,Triage,2026-01-12 10:44:07,Staff,Male,41-60,Low
CASE000877,Triage,2026-01-12 10:57:41,Staff,Female,0-17,Medium
CASE000120,Triage,2026-01-12 11:06:01,Staff,Female,18-40,Low
CASE000889,Doctor Consultation,2026-01-12 11:22:53,Dr. Patel,Male,41-60,Low
CASE000992,Registration,2026-01-12 11:33:23,Staff,Male,41-60,Medium
CASE000877,Lab Test,2026-01-12 11:38:29,Staff,Female,0-17,Medium
CASE000889,Treatment,2026-01-12 11:38:30,Dr. Patel,Male,41-60,Low
CASE000120,Doctor Consultation,2026-01-12 11:53:31,Dr. Iyer,Female,18-40,Low
CASE000992,Triage,2026-01-12 11:59:20,Staff,Male,41-60,Medium
CASE000120,Treatment,2026-01-12 12:03:24,Dr. Iyer,Female,18-40,Low
CASE000889,Admission,2026-01-12 12:05:51,Staff,Male,41-60,Low
CASE000645,Triage,2026-01-12 12:08:04,Staff,Female,61+,High
CASE000120,Discharge,2026-01-12 12:15:11,Staff,Female,18-40,Low
CASE000174,Registration,2026-01-12 12:25:43,Staff,Male,41-60,Low
CASE000877,Doctor Consultation,2026-01-12 12:29:47,Dr. Iyer,Female,0-17,Medium
CASE000992,X-Ray,2026-01-12 12:34:13,Staff,Male,41-60,Medium
CASE000174,Triage,2026-01-12 12:35:53,Staff,Male,41-60,Low
CASE000645,X-Ray,2026-01-12 12:41:00,Staff,Female,61+,High
CASE000877,Treatment,2026-01-12 12:41:07,Dr. Iyer,Female,0-17,Medium
CASE000992,Doctor Consultation,2026-01-12 13:01:03,Dr. Patel,Male,41-60,Medium
CASE000877,Discharge,2026-01-12 13:01:59,Staff,Female,0-17,Medium
CASE000645,Doctor Consultation,2026-01-12 13:07:38,Dr. Reddy,Female,61+,High
CASE000992,Treatment,2026-01-12 13:15:07,Dr. Patel,Male,41-60,Medium
CASE000174,X-Ray,2026-01-12 13:15:10,Staff,Male,41-60,Low
CASE000992,Discharge,2026-01-12 13:28:29,Staff,Male,41-60,Medium
CASE000645,Treatment,2026-01-12 13:38:54,Dr. Reddy,Female,61+,High
CASE000174,Doctor Consultation,2026-01-12 13:39:59,Dr. Patel,Male,41-60,Low
CASE000174,Treatment,2026-01-12 13:57:11,Dr. Patel,Male,41-60,Low
CASE000645,Discharge,2026-01-12 14:05:52,Staff,Female,61+,High
CASE000174,Discharge,2026-01-12 14:25:01,Staff,Male,41-60,Low
CASE000049,Registration,2026-01-12 15:35:42,Staff,Female,41-60,Medium
CASE000049,Triage,2026-01-12 15:54:53,Staff,Female,41-60,Medium
CASE000273,Registration,2026-01-12 16:10:10,Staff,Female,61+,Medium
CASE000273,Triage,2026-01-12 16:26:05,Staff,Female,61+,Medium
CASE000049,X-Ray,2026-01-12 16:28:45,Staff,Female,41-60,Medium
CASE000040,Registration,2026-01-12 16:45:39,Staff,Female,18-40,High
CASE000049,Triage,2026-01-12 16:51:26,Staff,Female,41-60,Medium
CASE000040,Triage,2026-01-12 16:55:44,Staff,Female,18-40,High
CASE000273,Doctor Consultation,2026-01-12 17:01:02,Dr. Iyer,Female,61+,Medium
CASE000040,Doctor Consultation,2026-01-12 17:13:01,Dr. Iyer,Female,18-40,High
CASE000273,Treatment,2026-01-12 17:14:43,Dr. Iyer,Female,61+,Medium
CASE000049,X-Ray,2026-01-12 17:15:59,Staff,Female,41-60,Medium
CASE000273,Discharge,2026-01-12 17:21:44,Staff,Female,61+,Medium
CASE000040,Treatment,2026-01-12 17:29:26,Dr. Iyer,Female,18-40,High
CASE000049,Doctor Consultation,2026-01-12 17:30:36,Dr. Iyer,Female,41-60,Medium
CASE000049,Treatment,2026-01-12 17:49:09,Dr. Iyer,Female,41-60,Medium
CASE000040,Discharge,2026-01-12 17:50:55,Staff,Female,18-40,High
CASE000049,Admission,2026-01-12 18:09:34,Staff,Female,41-60,Medium
CASE000470,Registration,2026-01-12 18:25:46,Staff,Male,18-40,Low
CASE000470,Triage,2026-01-12 18:35:25,Staff,Male,18-40,Low
CASE000608,Registration,2026-01-12 18:35:53,Staff,Male,41-60,Low
CASE000608,Triage,2026-01-12 18:51:15,Staff,Male,41-60,Low
CASE000470,Doctor Consultation,2026-01-12 19:00:12,Dr. Khan,Male,18-40,Low
CASE000608,X-Ray,2026-01-12 19:05:48,Staff,Male,41-60,Low
CASE000470,Treatment,2026-01-12 19:23:17,Dr. Khan,Male,18-40,Low
CASE000608,Triage,2026-01-12 19:26:18,Staff,Male,41-60,Low
CASE000470,Discharge,2026-01-12 19:46:40,Staff,Male,18-40,Low
CASE000608,X-Ray,2026-01-12 19:54:51,Staff,Male,41-60,Low
CASE000608,Lab Test,2026-01-12 20:25:05,Staff,Male,41-60,Low
CASE000608,Doctor Consultation,2026-01-12 20:46:18,Dr. Reddy,Male,41-60,Low
CASE000608,Treatment,2026-01-12 20:58:03,Dr. Reddy,Male,41-60,Low
CASE000608,Admission,2026-01-12 21:19:15,Staff,Male,41-60,Low
CASE000707,Registration,2026-01-12 22:36:40,Staff,Male,18-40,Low
CASE000707,Triage,2026-01-12 22:57:55,Staff,Male,18-40,Low
CASE000568,Registration,2026-01-12 23:12:51,Staff,Female,18-40,Medium
CASE000568,Triage,2026-01-12 23:30:52,Staff,Female,18-40,Medium
CASE000707,Doctor Consultation,2026-01-12 23:30:57,Dr. Patel,Male,18-40,Low
CASE000707,Treatment,2026-01-12 23:46:10,Dr. Patel,Male,18-40,Low
CASE000707,Discharge,2026-01-13 00:00:53,Staff,Male,18-40,Low
CASE000568,Doctor Consultation,2026-01-13 00:02:01,Dr. Patel,Female,18-40,Medium
CASE000568,Treatment,2026-01-13 00:25:06,Dr. Patel,Female,18-40,Medium
CASE000568,Discharge,2026-01-13 00:41:34,Staff,Female,18-40,Medium
CASE000391,Registration,2026-01-13 08:31:17,Staff,Female,41-60,Low
CASE000391,Triage,2026-01-13 09:05:52,Staff,Female,41-60,Low
CASE000636,Registration,2026-01-13 09:30:49,Staff,Male,41-60,Low
CASE000978,Registration,2026-01-13 09:44:25,Staff,Male,18-40,Low
CASE000636,Triage,2026-01-13 09:56:05,Staff,Male,41-60,Low
CASE000391,X-Ray,2026-01-13 10:01:05,Staff,Female,41-60,Low
CASE000978,Triage,2026-01-13 10:08:34,Staff,Male,18-40,Low
CASE000391,Triage,2026-01-13 10:22:23,Staff,Female,41-60,Low
CASE000636,Doctor Consultation,2026-01-13 10:39:37,Dr. Patel,Male,41-60,Low
CASE000636,Treatment,2026-01-13 11:01:21,Dr. Patel,Male,41-60,Low
CASE000391,X-Ray,2026-01-13 11:16:00,Staff,Female,41-60,Low
CASE000636,Admission,2026-01-13 11:19:44,Staff,Male,41-60,Low
CASE000610,Registration,2026-01-13 11:20:13,Staff,Female,18-40,Medium
CASE000978,X-Ray,2026-01-13 11:22:59,Staff,Male,18-40,Low
CASE000610,Triage,2026-01-13 11:35:28,Staff,Female,18-40,Medium
CASE000750,Registration,2026-01-13 11:35:46,Staff,Female,41-60,Low
CASE000978,Triage,2026-01-13 11:43:47,Staff,Male,18-40,Low
CASE000750,Triage,2026-01-13 12:00:57,Staff,Female,41-60,Low
CASE000391,Doctor Consultation,2026-01-13 12:02:55,Dr. Sharma,Female,41-60,Low
CASE000496,Registration,2026-01-13 12:14:03,Staff,Male,41-60,Medium
CASE000610,X-Ray,2026-01-13 12:26:21,Staff,Female,18-40,Medium
CASE000496,Triage,2026-01-13 12:28:47,Staff,Male,41-60,Medium
CASE000391,Treatment,2026-01-13 12:29:08,Dr. Sharma,Female,41-60,Low
CASE000750,Lab Test,2026-01-13 12:33:13,Staff,Female,41-60,Low
CASE000610,Triage,2026-01-13 12:34:03,Staff,Female,18-40,Medium
CASE000978,X-Ray,2026-01-13 12:41:58,Staff,Male,18-40,Low
CASE000391,Discharge,2026-01-13 12:43:12,Staff,Female,41-60,Low
CASE000496,X-Ray,2026-01-13 12:57:54,Staff,Male,41-60,Medium
CASE000750,Doctor Consultation,2026-01-13 13:04:02,Dr. Patel,Female,41-60,Low
CASE000610,X-Ray,2026-01-13 13:06:22,Staff,Female,18-40,Medium
CASE000978,Lab Test,2026-01-13 13:12:38,Staff,Male,18-40,Low
CASE000496,Triage,2026-01-13 13:13:36,Staff,Male,41-60,Medium
CASE000770,Registration,2026-01-13 13:14:07,Staff,Male,0-17,Low
CASE000750,Treatment,2026-01-13 13:23:24,Dr. Patel,Female,41-60,Low
CASE000770,Triage,2026-01-13 13:28:46,Staff,Male,0-17,Low
CASE000610,Doctor Consultation,2026-01-13 13:31:36,Dr. Reddy,Female,18-40,Medium
CASE000978,Doctor Consultation,2026-01-13 13:37:41,Dr. Iyer,Male,18-40,Low
CASE000750,Discharge,2026-01-13 13:39:14,Staff,Female,41-60,Low
CASE000610,Treatment,2026-01-13 13:40:57,Dr. Reddy,Female,18-40,Medium
CASE000496,X-Ray,2026-01-13 13:46:23,Staff,Male,41-60,Medium
CASE000978,Treatment,2026-01-13 13:50:17,Dr. Iyer,Male,18-40,Low
CASE000610,Discharge,2026-01-13 13:50:48,Staff,Female,18-40,Medium
CASE000770,X-Ray,2026-01-13 13:57:01,Staff,Male,0-17,Low
CASE000496,Doctor Consultation,2026-01-13 14:04:18,Dr. Khan,Male,41-60,Medium
CASE000978,Admission,2026-01-13 14:15:57,Staff,Male,18-40,Low
CASE000770,Doctor Consultation,2026-01-13 14:19:05,Dr. Khan,Male,0-17,Low
CASE000496,Treatment,2026-01-13 14:33:36,Dr. Khan,Male,41-60,Medium
CASE000770,Treatment,2026-01-13 14:46:10,Dr. Khan,Male,0-17,Low
CASE000770,Admission,2026-01-13 14:56:13,Staff,Male,0-17,Low
CASE000496,Discharge,2026-01-13 14:59:07,Staff,Male,41-60,Medium
CASE000444,Registration,2026-01-13 16:30:53,Staff,Female,0-17,High
CASE000444,Triage,2026-01-13 16:39:23,Staff,Female,0-17,High
CASE000444,X-Ray,2026-01-13 17:10:40,Staff,Female,0-17,High
CASE000444,Triage,2026-01-13 17:19:47,Staff,Female,0-17,High
CASE000444,X-Ray,2026-01-13 17:49:22,Staff,Female,0-17,High
CASE000444,Doctor Consultation,2026-01-13 18:08:31,Dr. Khan,Female,0-17,High
CASE000444,Treatment,2026-01-13 18:28:31,Dr. Khan,Female,0-17,High
CASE000933,Registration,2026-01-13 18:44:04,Staff,Male,41-60,Low
CASE000933,Triage,2026-01-13 18:57:46,Staff,Male,41-60,Low
CASE000444,Discharge,2026-01-13 18:59:09,Staff,Female,0-17,High
CASE000933,X-Ray,2026-01-13 19:27:21,Staff,Male,41-60,Low
CASE000933,Triage,2026-01-13 19:38:09,Staff,Male,41-60,Low
CASE000933,X-Ray,2026-01-13 20:06:23,Staff,Male,41-60,Low
CASE000933,Doctor Consultation,2026-01-13 20:33:33,Dr. Iyer,Male,41-60,Low
CASE000933,Treatment,2026-01-13 20:44:12,Dr. Iyer,Male,41-60,Low
CASE000933,Admission,2026-01-13 21:06:17,Staff,Male,41-60,Low
CASE000582,Registration,2026-01-13 22:40:21,Staff,Male,61+,Low
CASE000582,Triage,2026-01-13 22:53:33,Staff,Male,61+,Low
CASE000582,Doctor Consultation,2026-01-13 23:09:18,Dr. Khan,Male,61+,Low
CASE000582,Treatment,2026-01-13 23:28:17,Dr. Khan,Male,61+,Low
CASE000582,Discharge,2026-01-13 23:41:11,Staff,Male,61+,Low
CASE000431,Registration,2026-01-14 07:37:50,Staff,Female,61+,Medium
CASE000431,Triage,2026-01-14 07:52:48,Staff,Female,61+,Medium
CASE000431,Lab Test,2026-01-14 08:32:24,Staff,Female,61+,Medium
CASE000873,Registration,2026-01-14 09:02:34,Staff,Female,18-40,Medium
CASE000873,Triage,2026-01-14 09:26:32,Staff,Female,18-40,Medium
CASE000431,Doctor Consultation,2026-01-14 09:28:57,Dr. Reddy,Female,61+,Medium
CASE000241,Triage,2026-01-14 09:49:42,Staff,Male,18-40,Low
CASE000431,Treatment,2026-01-14 09:56:20,Dr. Reddy,Female,61+,Medium
CASE000431,Discharge,2026-01-14 10:05:55,Staff,Female,61+,Medium
CASE000873,X-Ray,2026-01-14 10:25:48,Staff,Female,18-40,Medium
CASE000873,Triage,2026-01-14 10:40:59,Staff,Female,18-40,Medium
CASE000241,X-Ray,2026-01-14 10:56:21,Staff,Male,18-40,Low
CASE000428,Registration,2026-01-14 11:06:02,Staff,Female,18-40,Low
CASE000428,Triage,2026-01-14 11:22:04,Staff,Female,18-40,Low
CASE000873,X-Ray,2026-01-14 11:32:29,Staff,Female,18-40,Medium
CASE000241,Lab Test,2026-01-14 11:40:08,Staff,Male,18-40,Low
CASE000428,X-Ray,2026-01-14 12:01:00,Staff,Female,18-40,Low
CASE000873,Doctor Consultation,2026-01-14 12:26:51,Dr. Patel,Female,18-40,Medium
CASE000428,Doctor Consultation,2026-01-14 12:28:43,Dr. Reddy,Female,18-40,Low
CASE000241,Doctor Consultation,2026-01-14 12:33:53,Dr. Reddy,Male,18-40,Low
CASE000758,Registration,2026-01-14 12:38:54,Staff,Male,61+,Low
CASE000873,Treatment,2026-01-14 12:50:01,Dr. Patel,Female,18-40,Medium
CASE000758,Triage,2026-01-14 12:51:35,Staff,Male,61+,Low
CASE000428,Treatment,2026-01-14 12:55:43,Dr. Reddy,Female,18-40,Low
CASE000241,Treatment,2026-01-14 13:01:27,Dr. Reddy,Male,18-40,Low
CASE000428,Admission,2026-01-14 13:18:40,Staff,Female,18-40,Low
CASE000873,Discharge,2026-01-14 13:19:14,Staff,Female,18-40,Medium
CASE000241,Discharge,2026-01-14 13:25:33,Staff,Male,18-40,Low
CASE000758,Doctor Consultation,2026-01-14 13:28:15,Dr. Patel,Male,61+,Low
CASE000268,Registration,2026-01-14 13:29:25,Staff,Male,61+,Medium
CASE000758,Treatment,2026-01-14 13:47:28,Dr. Patel,Male,61+,Low
CASE000268,Triage,2026-01-14 13:51:32,Staff,Male,61+,Medium
CASE000758,Discharge,2026-01-14 14:04:56,Staff,Male,61+,Low
CASE000268,X-Ray,2026-01-14 14:18:32,Staff,Male,61+,Medium
CASE000268,Triage,2026-01-14 14:36:42,Staff,Male,61+,Medium
CASE000268,X-Ray,2026-01-14 15:08:09,Staff,Male,61+,Medium
CASE000268,Lab Test,2026-01-14 15:51:23,Staff,Male,61+,Medium
CASE000268,Doctor Consultation,2026-01-14 16:10:14,Dr. Iyer,Male,61+,Medium
CASE000843,Registration,2026-01-14 16:22:06,Staff,Male,0-17,Low
CASE000268,Treatment,2026-01-14 16:31:58,Dr. Iyer,Male,61+,Medium
CASE000843,Doctor Consultation,2026-01-14 16:55:29,Dr. Iyer,Male,0-17,Low
CASE000268,Admission,2026-01-14 16:59:22,Staff,Male,61+,Medium
CASE000843,Treatment,2026-01-14 17:22:52,Dr. Iyer,Male,0-17,Low
CASE000843,Discharge,2026-01-14 17:53:07,Staff,Male,0-17,Low
CASE000312,Registration,2026-01-14 17:56:14,Staff,Male,41-60,Low
CASE000312,Triage,2026-01-14 18:09:54,Staff,Male,41-60,Low
CASE000017,Registration,2026-01-14 18:19:12,Staff,Female,18-40,Medium
CASE000708,Registration,2026-01-14 18:24:15,Staff,Male,18-40,High
CASE000017,Triage,2026-01-14 18:38:49,Staff,Female,18-40,Medium
CASE000708,Triage,2026-01-14 18:41:04,Staff,Male,18-40,High
CASE000312,X-Ray,2026-01-14 18:47:47,Staff,Male,41-60,Low
CASE000579,Registration,2026-01-14 18:49:55,Staff,Female,61+,Low
CASE000579,Triage,2026-01-14 19:08:23,Staff,Female,61+,Low
CASE000312,Triage,2026-01-14 19:08:41,Staff,Male,41-60,Low
CASE000017,X-Ray,2026-01-14 19:14:53,Staff,Female,18-40,Medium
CASE000708,X-Ray,2026-01-14 19:16:17,Staff,Male,18-40,High
CASE000017,Triage,2026-01-14 19:22:45,Staff,Female,18-40,Medium
CASE000579,X-Ray,2026-01-14 19:29:36,Staff,Female,61+,Low
CASE000708,Triage,2026-01-14 19:37:28,Staff,Male,18-40,High
CASE000312,X-Ray,2026-01-14 19:48:00,Staff,Male,41-60,Low
CASE000017,X-Ray,2026-01-14 19:50:41,Staff,Female,18-40,Medium
CASE000917,Registration,2026-01-14 20:06:34,Staff,Female,18-40,High
CASE000579,Lab Test,2026-01-14 20:08:57,Staff,Female,61+,Low
CASE000708,X-Ray,2026-01-14 20:14:44,Staff,Male,18-40,High
CASE000312,Doctor Consultation,2026-01-14 20:15:27,Dr. Patel,Male,41-60,Low
CASE000017,Doctor Consultation,2026-01-14 20:16:34,Dr. Reddy,Female,18-40,Medium
CASE000917,Triage,2026-01-14 20:21:49,Staff,Female,18-40,High
CASE000579,Doctor Consultation,2026-01-14 20:31:10,Dr. Sharma,Female,61+,Low
CASE000917,Doctor Consultation,2026-01-14 20:38:26,Dr. Khan,Female,18-40,High
CASE000312,Treatment,2026-01-14 20:40:18,Dr. Patel,Male,41-60,Low
CASE000017,Treatment,2026-01-14 20:40:43,Dr. Reddy,Female,18-40,Medium
CASE000708,Doctor Consultation,2026-01-14 20:45:04,Dr. Reddy,Male,18-40,High
CASE000579,Treatment,2026-01-14 20:47:33,Dr. Sharma,Female,61+,Low
CASE000579,Discharge,2026-01-14 20:58:16,Staff,Female,61+,Low
CASE000708,Treatment,2026-01-14 21:02:29,Dr. Reddy,Male,18-40,High
CASE000312,Discharge,2026-01-14 21:06:33,Staff,Male,41-60,Low
CASE000917,Treatment,2026-01-14 21:10:05,Dr. Khan,Female,18-40,High
CASE000017,Discharge,2026-01-14 21:11:17,Staff,Female,18-40,Medium
CASE000708,Admission,2026-01-14 21:29:51,Staff,Male,18-40,High
CASE000917,Discharge,2026-01-14 21:30:46,Staff,Female,18-40,High
CASE000417,Registration,2026-01-14 21:43:59,Staff,Female,18-40,Low
CASE000417,Triage,2026-01-14 21:57:32,Staff,Female,18-40,Low
CASE000417,X-Ray,2026-01-14 22:21:50,Staff,Female,18-40,Low
CASE000417,Lab Test,2026-01-14 23:09:22,Staff,Female,18-40,Low
CASE000417,Doctor Consultation,2026-01-14 23:43:08,Dr. Iyer,Female,18-40,Low
CASE000417,Treatment,2026-01-14 23:59:14,Dr. Iyer,Female,18-40,Low
CASE000417,Discharge,2026-01-15 00:08:06,Staff,Female,18-40,Low
CASE000646,Registration,2026-01-15 06:32:40,Staff,Female,41-60,Medium
CASE000646,Triage,2026-01-15 06:50:33,Staff,Female,41-60,Medium
CASE000536,Registration,2026-01-15 07:12:50,Staff,Male,41-60,Low
CASE000646,Doctor Consultation,2026-01-15 07:33:44,Dr. Patel,Female,41-60,Medium
CASE000536,Triage,2026-01-15 07:37:18,Staff,Male,41-60,Low
CASE000946,Registration,2026-01-15 07:50:59,Staff,Male,41-60,Medium
CASE000646,Treatment,2026-01-15 07:58:09,Dr. Patel,Female,41-60,Medium
CASE000536,X-Ray,2026-01-15 08:01:59,Staff,Male,41-60,Low
CASE000946,Triage,2026-01-15 08:05:34,Staff,Male,41-60,Medium
CASE000646,Discharge,2026-01-15 08:30:16,Staff,Female,41-60,Medium
CASE000536,Doctor Consultation,2026-01-15 08:32:29,Dr. Reddy,Male,41-60,Low
CASE000536,Treatment,2026-01-15 08:55:44,Dr. Reddy,Male,41-60,Low
CASE000946,X-Ray,2026-01-15 09:04:25,Staff,Male,41-60,Medium
CASE000384,Registration,2026-01-15 09:05:07,Staff,Female,18-40,Low
CASE000536,Discharge,2026-01-15 09:13:48,Staff,Male,41-60,Low
CASE000384,Triage,2026-01-15 09:18:38,Staff,Female,18-40,Low
CASE000946,Doctor Consultation,2026-01-15 09:29:05,Dr. Reddy,Male,41-60,Medium
CASE000735,Registration,2026-01-15 09:37:07,Staff,Female,41-60,Low
CASE000946,Treatment,2026-01-15 09:45:26,Dr. Reddy,Male,41-60,Medium
CASE000384,X-Ray,2026-01-15 09:58:32,Staff,Female,18-40,Low
CASE000600,Registration,2026-01-15 09:58:36,Staff,Female,18-40,Medium
CASE000735,Triage,2026-01-15 10:07:42,Staff,Female,41-60,Low
CASE000946,Discharge,2026-01-15 10:08:37,Staff,Male,41-60,Medium
CASE000600,Triage,2026-01-15 10:22:17,Staff,Female,18-40,Medium
CASE000600,Lab Test,2026-01-15 10:44:33,Staff,Female,18-40,Medium
CASE000384,Doctor Consultation,2026-01-15 10:48:34,Dr. Reddy,Female,18-40,Low
CASE000735,X-Ray,2026-01-15 10:54:28,Staff,Female,41-60,Low
CASE000384,Treatment,2026-01-15 11:02:26,Dr. Reddy,Female,18-40,Low
CASE000743,Registration,2026-01-15 11:20:29,Staff,Female,41-60,High
CASE000735,Triage,2026-01-15 11:23:50,Staff,Female,41-60,Low
CASE000135,Registration,2026-01-15 11:27:51,Staff,Male,18-40,Medium
CASE000600,Doctor Consultation,2026-01-15 11:30:40,Dr. Reddy,Female,18-40,Medium
CASE000384,Discharge,2026-01-15 11:31:28,Staff,Female,18-40,Low
CASE000135,Triage,2026-01-15 11:46:12,Staff,Male,18-40,Medium
CASE000743,Triage,2026-01-15 11:46:45,Staff,Female,41-60,High
CASE000600,Treatment,2026-01-15 11:56:45,Dr. Reddy,Female,18-40,Medium
CASE000600,Discharge,2026-01-15 12:05:38,Staff,Female,18-40,Medium
CASE000135,X-Ray,2026-01-15 12:19:44,Staff,Male,18-40,Medium
CASE000735,X-Ray,2026-01-15 12:24:09,Staff,Female,41-60,Low
CASE000135,Triage,2026-01-15 12:33:50,Staff,Male,18-40,Medium
CASE000743,X-Ray,2026-01-15 12:51:15,Staff,Female,41-60,High
CASE000135,X-Ray,2026-01-15 13:00:41,Staff,Male,18-40,Medium
CASE000735,Doctor Consultation,2026-01-15 13:02:07,Dr. Reddy,Female,41-60,Low
CASE000743,Doctor Consultation,2026-01-15 13:20:26,Dr. Iyer,Female,41-60,High
CASE000735,Treatment,2026-01-15 13:21:07,Dr. Reddy,Female,41-60,Low
CASE000135,Doctor Consultation,2026-01-15 13:24:18,Dr. Patel,Male,18-40,Medium
CASE000735,Discharge,2026-01-15 13:30:42,Staff,Female,41-60,Low
CASE000135,Treatment,2026-01-15 13:45:41,Dr. Patel,Male,18-40,Medium
CASE000743,Treatment,2026-01-15 13:46:54,Dr. Iyer,Female,41-60,High
CASE000743,Discharge,2026-01-15 14:03:10,Staff,Female,41-60,High
CASE000135,Admission,2026-01-15 14:05:19,Staff,Male,18-40,Medium
CASE000782,Registration,2026-01-15 17:06:33,Staff,Female,0-17,Low
CASE000218,Registration,2026-01-15 17:19:38,Staff,Male,41-60,Low
CASE000782,Triage,2026-01-15 17:24:15,Staff,Female,0-17,Low
CASE000218,Triage,2026-01-15 17:44:22,Staff,Male,41-60,Low
CASE000782,X-Ray,2026-01-15 17:49:43,Staff,Female,0-17,Low
CASE000782,Triage,2026-01-15 18:11:50,Staff,Female,0-17,Low
CASE000218,Doctor Consultation,2026-01-15 18:15:46,Dr. Patel,Male,41-60,Low
CASE000782,X-Ray,2026-01-15 18:38:53,Staff,Female,0-17,Low
CASE000218,Treatment,2026-01-15 18:39:51,Dr. Patel,Male,41-60,Low
CASE000218,Discharge,2026-01-15 19:02:50,Staff,Male,41-60,Low
CASE000782,Doctor Consultation,2026-01-15 19:03:50,Dr. Reddy,Female,0-17,Low
CASE000782,Treatment,2026-01-15 19:19:14,Dr. Reddy,Female,0-17,Low
CASE000782,Admission,2026-01-15 19:27:41,Staff,Female,0-17,Low
CASE000423,Registration,2026-01-15 21:42:17,Staff,Male,18-40,Medium
CASE000423,Triage,2026-01-15 21:57:42,Staff,Male,18-40,Medium
CASE000423,Doctor Consultation,2026-01-15 22:34:37,Dr. Iyer,Male,18-40,Medium
CASE000423,Treatment,2026-01-15 22:50:36,Dr. Iyer,Male,18-40,Medium
CASE000423,Discharge,2026-01-15 23:21:19,Staff,Male,18-40,Medium
CASE000302,Registration,2026-01-16 06:04:34,Staff,Female,41-60,Low
CASE000302,Triage,2026-01-16 06:14:53,Staff,Female,41-60,Low
CASE000302,X-Ray,2026-01-16 06:44:53,Staff,Female,41-60,Low
CASE000302,Triage,2026-01-16 07:03:09,Staff,Female,41-60,Low
CASE000378,Registration,2026-01-16 07:13:16,Staff,Female,41-60,Low
CASE000378,X-Ray,2026-01-16 07:40:34,Staff,Female,41-60,Low
CASE000302,X-Ray,2026-01-16 07:43:07,Staff,Female,41-60,Low
CASE000378,Lab Test,2026-01-16 08:11:17,Staff,Female,41-60,Low
CASE000302,Lab Test,2026-01-16 08:28:08,Staff,Female,41-60,Low
CASE000561,Registration,2026-01-16 08:29:52,Staff,Male,41-60,Medium
CASE000561,Triage,2026-01-16 08:50:41,Staff,Male,41-60,Medium
CASE000989,Registration,2026-01-16 09:00:16,Staff,Female,18-40,Low
CASE000378,Doctor Consultation,2026-01-16 09:13:29,Dr. Iyer,Female,41-60,Low
CASE000989,Triage,2026-01-16 09:21:27,Staff,Female,18-40,Low
CASE000320,Registration,2026-01-16 09:24:56,Staff,Male,41-60,Low
CASE000302,Doctor Consultation,2026-01-16 09:26:05,Dr. Sharma,Female,41-60,Low
CASE000561,Lab Test,2026-01-16 09:26:57,Staff,Male,41-60,Medium
CASE000302,Treatment,2026-01-16 09:35:50,Dr. Sharma,Female,41-60,Low
CASE000378,Treatment,2026-01-16 09:38:23,Dr. Iyer,Female,41-60,Low
CASE000320,Triage,2026-01-16 09:51:09,Staff,Male,41-60,Low
CASE000378,Discharge,2026-01-16 10:03:32,Staff,Female,41-60,Low
CASE000302,Discharge,2026-01-16 10:05:12,Staff,Female,41-60,Low
CASE000989,X-Ray,2026-01-16 10:06:26,Staff,Female,18-40,Low
CASE000561,Doctor Consultation,2026-01-16 10:10:14,Dr. Iyer,Male,41-60,Medium
CASE000320,X-Ray,2026-01-16 10:23:37,Staff,Male,41-60,Low
CASE000561,Treatment,2026-01-16 10:26:03,Dr. Iyer,Male,41-60,Medium
CASE000558,Registration,2026-01-16 10:37:55,Staff,Male,41-60,High
CASE000320,Lab Test,2026-01-16 10:49:32,Staff,Male,41-60,Low
CASE000989,Doctor Consultation,2026-01-16 10:51:02,Dr. Khan,Female,18-40,Low
CASE000561,Admission,2026-01-16 10:54:42,Staff,Male,41-60,Medium
CASE000558,Triage,2026-01-16 11:07:38,Staff,Male,41-60,High
CASE000989,Treatment,2026-01-16 11:07:44,Dr. Khan,Female,18-40,Low
CASE000989,Discharge,2026-01-16 11:36:19,Staff,Female,18-40,Low
CASE000320,Doctor Consultation,2026-01-16 11:47:04,Dr. Khan,Male,41-60,Low
CASE000558,X-Ray,2026-01-16 11:58:38,Staff,Male,41-60,High
CASE000320,Treatment,2026-01-16 12:00:59,Dr. Khan,Male,41-60,Low
CASE000320,Admission,2026-01-16 12:14:21,Staff,Male,41-60,Low
CASE000558,Lab Test,2026-01-16 12:20:29,Staff,Male,41-60,High
CASE000558,Doctor Consultation,2026-01-16 12:50:53,Dr. Sharma,Male,41-60,High
CASE000558,Treatment,2026-01-16 13:14:10,Dr. Sharma,Male,41-60,High
CASE000558,Discharge,2026-01-16 13:35:53,Staff,Male,41-60,High
CASE000827,Registration,2026-01-16 14:12:51,Staff,Male,18-40,Low
CASE000827,X-Ray,2026-01-16 14:46:06,Staff,Male,18-40,Low
CASE000827,Doctor Consultation,2026-01-16 15:14:57,Dr. Khan,Male,18-40,Low
CASE000827,Treatment,2026-01-16 15:26:42,Dr. Khan,Male,18-40,Low
CASE000827,Discharge,2026-01-16 15:39:07,Staff,Male,18-40,Low
CASE000759,Registration,2026-01-16 15:52:00,Staff,Male,41-60,Low
CASE000759,Triage,2026-01-16 16:06:23,Staff,Male,41-60,Low
CASE000759,X-Ray,2026-01-16 16:29:16,Staff,Male,41-60,Low
CASE000759,Lab Test,2026-01-16 16:53:01,Staff,Male,41-60,Low
CASE000789,Registration,2026-01-16 17:07:22,Staff,Male,0-17,Medium
CASE000015,Registration,2026-01-16 17:22:04,Staff,Male,18-40,Medium
CASE000759,Doctor Consultation,2026-01-16 17:24:41,Dr. Sharma,Male,41-60,Low
CASE000789,Triage,2026-01-16 17:31:05,Staff,Male,0-17,Medium
CASE000015,Triage,2026-01-16 17:36:26,Staff,Male,18-40,Medium
CASE000759,Treatment,2026-01-16 17:39:56,Dr. Sharma,Male,41-60,Low
CASE000368,Registration,2026-01-16 17:44:33,Staff,Female,18-40,Low
CASE000015,Lab Test,2026-01-16 17:57:00,Staff,Male,18-40,Medium
CASE000789,X-Ray,2026-01-16 18:00:09,Staff,Male,0-17,Medium
CASE000368,Triage,2026-01-16 18:00:30,Staff,Female,18-40,Low
CASE000759,Discharge,2026-01-16 18:03:59,Staff,Male,41-60,Low
CASE000490,Registration,2026-01-16 18:05:58,Staff,Female,0-17,Medium
CASE000098,Registration,2026-01-16 18:20:16,Staff,Male,61+,Low
CASE000490,Doctor Consultation,2026-01-16 18:26:44,Dr. Patel,Female,0-17,Medium
CASE000789,Lab Test,2026-01-16 18:29:51,Staff,Male,0-17,Medium
CASE000015,Doctor Consultation,2026-01-16 18:31:08,Dr. Reddy,Male,18-40,Medium
CASE000368,X-Ray,2026-01-16 18:35:18,Staff,Female,18-40,Low
CASE000098,Triage,2026-01-16 18:37:22,Staff,Male,61+,Low
CASE000490,Treatment,2026-01-16 18:47:48,Dr. Patel,Female,0-17,Medium
CASE000368,Triage,2026-01-16 18:51:34,Staff,Female,18-40,Low
CASE000015,Treatment,2026-01-16 18:59:29,Dr. Reddy,Male,18-40,Medium
CASE000789,Doctor Consultation,2026-01-16 19:00:21,Dr. Iyer,Male,0-17,Medium
CASE000789,Treatment,2026-01-16 19:07:57,Dr. Iyer,Male,0-17,Medium
CASE000098,X-Ray,2026-01-16 19:11:12,Staff,Male,61+,Low
CASE000368,X-Ray,2026-01-16 19:16:42,Staff,Female,18-40,Low
CASE000490,Discharge,2026-01-16 19:18:50,Staff,Female,0-17,Medium
CASE000015,Discharge,2026-01-16 19:19:33,Staff,Male,18-40,Medium
CASE000098,Triage,2026-01-16 19:19:51,Staff,Male,61+,Low
CASE000789,Discharge,2026-01-16 19:28:43,Staff,Male,0-17,Medium
CASE000098,X-Ray,2026-01-16 19:37:53,Staff,Male,61+,Low
CASE000927,Registration,2026-01-16 19:40:40,Staff,Male,18-40,High
CASE000368,Lab Test,2026-01-16 19:42:21,Staff,Female,18-40,Low
CASE000927,Triage,2026-01-16 19:55:29,Staff,Male,18-40,High
CASE000098,Doctor Consultation,2026-01-16 19:55:52,Dr. Reddy,Male,61+,Low
CASE000368,Doctor Consultation,2026-01-16 20:05:36,Dr. Patel,Female,18-40,Low
CASE000098,Treatment,2026-01-16 20:13:06,Dr. Reddy,Male,61+,Low
CASE000927,Doctor Consultation,2026-01-16 20:20:34,Dr. Sharma,Male,18-40,High
CASE000368,Treatment,2026-01-16 20:30:59,Dr. Patel,Female,18-40,Low
CASE000098,Discharge,2026-01-16 20:33:03,Staff,Male,61+,Low
CASE000927,Treatment,2026-01-16 20:34:09,Dr. Sharma,Male,18-40,High
CASE000927,Discharge,2026-01-16 20:52:09,Staff,Male,18-40,High
CASE000368,Discharge,2026-01-16 20:56:11,Staff,Female,18-40,Low
CASE000671,Registration,2026-01-17 02:08:17,Staff,Male,18-40,Medium
CASE000671,Triage,2026-01-17 02:31:08,Staff,Male,18-40,Medium
CASE000671,X-Ray,2026-01-17 03:06:15,Staff,Male,18-40,Medium
CASE000671,Lab Test,2026-01-17 03:39:18,Staff,Male,18-40,Medium
CASE000671,Doctor Consultation,2026-01-17 04:11:36,Dr. Reddy,Male,18-40,Medium
CASE000671,Treatment,2026-01-17 04:23:41,Dr. Reddy,Male,18-40,Medium
CASE000671,Discharge,2026-01-17 04:53:21,Staff,Male,18-40,Medium
CASE000590,Registration,2026-01-17 06:19:05,Staff,Female,41-60,Medium
CASE000775,Registration,2026-01-17 06:20:17,Staff,Male,18-40,Low
CASE000699,Registration,2026-01-17 06:24:08,Staff,Female,18-40,High
CASE000590,Triage,2026-01-17 06:28:30,Staff,Female,41-60,Medium
CASE000775,Triage,2026-01-17 06:39:21,Staff,Male,18-40,Low
CASE000699,Triage,2026-01-17 06:43:42,Staff,Female,18-40,High
CASE000590,Doctor Consultation,2026-01-17 06:55:49,Dr. Sharma,Female,41-60,Medium
CASE000775,X-Ray,2026-01-17 07:13:21,Staff,Male,18-40,Low
CASE000590,Treatment,2026-01-17 07:17:37,Dr. Sharma,Female,41-60,Medium
CASE000699,Doctor Consultation,2026-01-17 07:20:10,Dr. Patel,Female,18-40,High
CASE000590,Discharge,2026-01-17 07:31:12,Staff,Female,41-60,Medium
CASE000775,Triage,2026-01-17 07:39:23,Staff,Male,18-40,Low
CASE000699,Treatment,2026-01-17 07:53:05,Dr. Patel,Female,18-40,High
CASE000699,Discharge,2026-01-17 08:05:21,Staff,Female,18-40,High
CASE000775,X-Ray,2026-01-17 08:13:25,Staff,Male,18-40,Low
CASE000354,Registration,2026-01-17 08:26:57,Staff,Female,0-17,Low
CASE000354,Triage,2026-01-17 08:52:34,Staff,Female,0-17,Low
CASE000775,Lab Test,2026-01-17 08:53:43,Staff,Male,18-40,Low
CASE000901,Registration,2026-01-17 09:14:31,Staff,Female,61+,Low
CASE000901,Triage,2026-01-17 09:40:08,Staff,Female,61+,Low
CASE000775,Doctor Consultation,2026-01-17 09:54:28,Dr. Patel,Male,18-40,Low
CASE000354,X-Ray,2026-01-17 10:03:18,Staff,Female,0-17,Low
CASE000775,Treatment,2026-01-17 10:08:26,Dr. Patel,Male,18-40,Low
CASE000230,Registration,2026-01-17 10:21:40,Staff,Female,18-40,Medium
CASE000437,Registration,2026-01-17 10:27:11,Staff,Female,18-40,High
CASE000775,Discharge,2026-01-17 10:27:15,Staff,Male,18-40,Low
CASE000354,Lab Test,2026-01-17 10:38:01,Staff,Female,0-17,Low
CASE000230,Triage,2026-01-17 10:39:59,Staff,Female,18-40,Medium
CASE000437,Triage,2026-01-17 10:48:24,Staff,Female,18-40,High
CASE000901,X-Ray,2026-01-17 10:51:20,Staff,Female,61+,Low
CASE000354,Doctor Consultation,2026-01-17 11:14:31,Dr. Khan,Female,0-17,Low
CASE000901,Doctor Consultation,2026-01-17 11:29:48,Dr. Reddy,Female,61+,Low
CASE000230,X-Ray,2026-01-17 11:31:24,Staff,Female,18-40,Medium
CASE000354,Treatment,2026-01-17 11:33:36,Dr. Khan,Female,0-17,Low
CASE000437,Doctor Consultation,2026-01-17 11:38:29,Dr. Reddy,Female,18-40,High
CASE000901,Treatment,2026-01-17 11:45:25,Dr. Reddy,Female,61+,Low
CASE000437,Treatment,2026-01-17 11:51:31,Dr. Reddy,Female,18-40,High
CASE000901,Discharge,2026-01-17 11:55:02,Staff,Female,61+,Low
CASE000354,Discharge,2026-01-17 11:55:04,Staff,Female,0-17,Low
CASE000230,Triage,2026-01-17 11:57:51,Staff,Female,18-40,Medium
CASE000102,Triage,2026-01-17 12:16:56,Staff,Male,0-17,Low
CASE000437,Discharge,2026-01-17 12:17:17,Staff,Female,18-40,High
CASE000740,Registration,2026-01-17 12:30:01,Staff,Male,0-17,High
CASE000280,Registration,2026-01-17 12:30:54,Staff,Male,18-40,Medium
CASE000230,X-Ray,2026-01-17 12:33:20,Staff,Female,18-40,Medium
CASE000102,Doctor Consultation,2026-01-17 12:43:23,Dr. Khan,Male,0-17,Low
CASE000280,Triage,2026-01-17 12:48:23,Staff,Male,18-40,Medium
CASE000740,Triage,2026-01-17 12:54:47,Staff,Male,0-17,High
CASE000230,Doctor Consultation,2026-01-17 12:58:38,Dr. Sharma,Female,18-40,Medium
CASE000102,Treatment,2026-01-17 12:59:13,Dr. Khan,Male,0-17,Low
CASE000280,X-Ray,2026-01-17 13:14:55,Staff,Male,18-40,Medium
CASE000230,Treatment,2026-01-17 13:18:14,Dr. Sharma,Female,18-40,Medium
CASE000102,Discharge,2026-01-17 13:21:29,Staff,Male,0-17,Low
CASE000740,Lab Test,2026-01-17 13:25:39,Staff,Male,0-17,High
CASE000280,Lab Test,2026-01-17 13:42:22,Staff,Male,18-40,Medium
CASE000230,Discharge,2026-01-17 13:43:21,Staff,Female,18-40,Medium
CASE000740,Doctor Consultation,2026-01-17 13:55:34,Dr. Patel,Male,0-17,High
CASE000280,Doctor Consultation,2026-01-17 14:08:03,Dr. Iyer,Male,18-40,Medium
CASE000740,Treatment,2026-01-17 14:14:04,Dr. Patel,Male,0-17,High
CASE000158,Registration,2026-01-17 14:14:16,Staff,Female,41-60,Low
CASE000158,Triage,2026-01-17 14:23:22,Staff,Female,41-60,Low
CASE000740,Admission,2026-01-17 14:32:00,Staff,Male,0-17,High
CASE000280,Treatment,2026-01-17 14:35:45,Dr. Iyer,Male,18-40,Medium
CASE000158,Doctor Consultation,2026-01-17 14:39:43,Dr. Khan,Female,41-60,Low
CASE000158,Treatment,2026-01-17 15:00:16,Dr. Khan,Female,41-60,Low
CASE000280,Discharge,2026-01-17 15:08:11,Staff,Male,18-40,Medium
CASE000158,Discharge,2026-01-17 15:23:14,Staff,Female,41-60,Low
CASE000051,Registration,2026-01-17 17:59:46,Staff,Female,18-40,Medium
CASE000051,Triage,2026-01-17 18:20:50,Staff,Female,18-40,Medium
CASE000051,X-Ray,2026-01-17 18:51:53,Staff,Female,18-40,Medium
CASE000935,Registration,2026-01-17 19:00:59,Staff,Male,61+,Low
CASE000051,Doctor Consultation,2026-01-17 19:08:26,Dr. Khan,Female,18-40,Medium
CASE000935,Triage,2026-01-17 19:14:42,Staff,Male,61+,Low
CASE000051,Treatment,2026-01-17 19:34:42,Dr. Khan,Female,18-40,Medium
CASE000935,X-Ray,2026-01-17 19:50:12,Staff,Male,61+,Low
CASE000051,Discharge,2026-01-17 19:56:02,Staff,Female,18-40,Medium
CASE000935,Lab Test,2026-01-17 20:25:20,Staff,Male,61+,Low
CASE000935,Doctor Consultation,2026-01-17 20:51:38,Dr. Khan,Male,61+,Low
CASE000935,Treatment,2026-01-17 21:03:53,Dr. Khan,Male,61+,Low
CASE000935,Discharge,2026-01-17 21:13:26,Staff,Male,61+,Low
CASE000800,Registration,2026-01-18 01:44:50,Staff,Female,61+,High
CASE000800,Triage,2026-01-18 01:56:13,Staff,Female,61+,High
CASE000800,Doctor Consultation,2026-01-18 02:22:33,Dr. Reddy,Female,61+,High
CASE000800,Treatment,2026-01-18 02:36:08,Dr. Reddy,Female,61+,High
CASE000800,Discharge,2026-01-18 03:06:05,Staff,Female,61+,High
CASE000511,Registration,2026-01-18 08:49:23,Staff,Male,18-40,Medium
CASE000511,Triage,2026-01-18 09:13:13,Staff,Male,18-40,Medium
CASE000511,Doctor Consultation,2026-01-18 09:55:01,Dr. Khan,Male,18-40,Medium
CASE000511,Treatment,2026-01-18 10:05:35,Dr. Khan,Male,18-40,Medium
CASE000511,Admission,2026-01-18 10:16:47,Staff,Male,18-40,Medium
CASE000613,Registration,2026-01-18 10:30:15,Staff,Female,61+,Medium
CASE000192,Registration,2026-01-18 10:49:34,Staff,Male,18-40,Low
CASE000617,Registration,2026-01-18 10:55:07,Staff,Male,18-40,Medium
CASE000613,Triage,2026-01-18 11:02:51,Staff,Female,61+,Medium
CASE000192,Triage,2026-01-18 11:14:48,Staff,Male,18-40,Low
CASE000617,Triage,2026-01-18 11:23:28,Staff,Male,18-40,Medium
CASE000192,X-Ray,2026-01-18 12:05:55,Staff,Male,18-40,Low
CASE000613,X-Ray,2026-01-18 12:10:37,Staff,Female,61+,Medium
CASE000617,X-Ray,2026-01-18 12:17:42,Staff,Male,18-40,Medium
CASE000439,Registration,2026-01-18 12:24:12,Staff,Male,18-40,Low
CASE000192,Triage,2026-01-18 12:32:17,Staff,Male,18-40,Low
CASE000613,Lab Test,2026-01-18 12:40:05,Staff,Female,61+,Medium
CASE000617,Doctor Consultation,2026-01-18 12:43:05,Dr. Iyer,Male,18-40,Medium
CASE000192,X-Ray,2026-01-18 12:58:09,Staff,Male,18-40,Low
CASE000439,X-Ray,2026-01-18 13:01:42,Staff,Male,18-40,Low
CASE000617,Treatment,2026-01-18 13:06:08,Dr. Iyer,Male,18-40,Medium
CASE000004,Registration,2026-01-18 13:07:02,Staff,Female,0-17,Low
CASE000613,Doctor Consultation,2026-01-18 13:13:36,Dr. Khan,Female,61+,Medium
CASE000723,Registration,2026-01-18 13:14:36,Staff,Female,18-40,Low
CASE000004,Triage,2026-01-18 13:17:39,Staff,Female,0-17,Low
CASE000723,Triage,2026-01-18 13:19:52,Staff,Female,18-40,Low
CASE000439,Doctor Consultation,2026-01-18 13:19:58,Dr. Reddy,Male,18-40,Low
CASE000192,Doctor Consultation,2026-01-18 13:27:17,Dr. Patel,Male,18-40,Low
CASE000617,Discharge,2026-01-18 13:29:11,Staff,Male,18-40,Medium
CASE000439,Treatment,2026-01-18 13:42:53,Dr. Reddy,Male,18-40,Low
CASE000613,Treatment,2026-01-18 13:45:48,Dr. Khan,Female,61+,Medium
CASE000723,Doctor Consultation,2026-01-18 13:46:14,Dr. Khan,Female,18-40,Low
CASE000192,Treatment,2026-01-18 13:49:15,Dr. Patel,Male,18-40,Low
CASE000004,X-Ray,2026-01-18 13:49:18,Staff,Female,0-17,Low
CASE000723,Treatment,2026-01-18 13:56:31,Dr. Khan,Female,18-40,Low
CASE000439,Discharge,2026-01-18 13:57:17,Staff,Male,18-40,Low
CASE000723,Discharge,2026-01-18 14:02:57,Staff,Female,18-40,Low
CASE000613,Discharge,2026-01-18 14:04:59,Staff,Female,61+,Medium
CASE000004,Doctor Consultation,2026-01-18 14:07:52,Dr. Patel,Female,0-17,Low
CASE000192,Discharge,2026-01-18 14:16:47,Staff,Male,18-40,Low
CASE000999,Registration,2026-01-18 14:34:53,Staff,Male,18-40,Low
CASE000004,Treatment,2026-01-18 14:37:09,Dr. Patel,Female,0-17,Low
CASE000004,Discharge,2026-01-18 15:09:59,Staff,Female,0-17,Low
CASE000999,Doctor Consultation,2026-01-18 15:15:13,Dr. Patel,Male,18-40,Low
CASE000926,Registration,2026-01-18 15:30:42,Staff,Male,61+,Medium
CASE000999,Treatment,2026-01-18 15:36:25,Dr. Patel,Male,18-40,Low
CASE000926,Triage,2026-01-18 15:51:02,Staff,Male,61+,Medium
CASE000999,Discharge,2026-01-18 16:00:23,Staff,Male,18-40,Low
CASE000926,X-Ray,2026-01-18 16:11:15,Staff,Male,61+,Medium
CASE000926,Triage,2026-01-18 16:22:13,Staff,Male,61+,Medium
CASE000926,X-Ray,2026-01-18 16:37:48,Staff,Male,61+,Medium
CASE000926,Lab Test,2026-01-18 17:04:05,Staff,Male,61+,Medium
CASE000316,Registration,2026-01-18 17:17:43,Staff,Female,41-60,Low
CASE000697,Registration,2026-01-18 17:24:21,Staff,Male,41-60,Medium
CASE000316,Triage,2026-01-18 17:27:58,Staff,Female,41-60,Low
CASE000697,Triage,2026-01-18 17:34:43,Staff,Male,41-60,Medium
CASE000926,Doctor Consultation,2026-01-18 17:37:21,Dr. Iyer,Male,61+,Medium
CASE000697,X-Ray,2026-01-18 17:55:44,Staff,Male,41-60,Medium
CASE000316,X-Ray,2026-01-18 17:57:45,Staff,Female,41-60,Low
CASE000926,Treatment,2026-01-18 18:03:03,Dr. Iyer,Male,61+,Medium
CASE000697,Triage,2026-01-18 18:06:07,Staff,Male,41-60,Medium
CASE000316,Triage,2026-01-18 18:12:07,Staff,Female,41-60,Low
CASE000926,Admission,2026-01-18 18:15:16,Staff,Male,61+,Medium
CASE000301,Registration,2026-01-18 18:22:03,Staff,Male,18-40,Low
CASE000301,Triage,2026-01-18 18:31:13,Staff,Male,18-40,Low
CASE000697,X-Ray,2026-01-18 18:34:25,Staff,Male,41-60,Medium
CASE000316,X-Ray,2026-01-18 18:42:26,Staff,Female,41-60,Low
CASE000301,X-Ray,2026-01-18 18:56:38,Staff,Male,18-40,Low
CASE000697,Doctor Consultation,2026-01-18 19:03:16,Dr. Sharma,Male,41-60,Medium
CASE000316,Doctor Consultation,2026-01-18 19:05:12,Dr. Reddy,Female,41-60,Low
CASE000835,Registration,2026-01-18 19:17:15,Staff,Male,41-60,High
CASE000084,Registration,2026-01-18 19:18:36,Staff,Female,18-40,High
CASE000697,Treatment,2026-01-18 19:20:37,Dr. Sharma,Male,41-60,Medium
CASE000301,Doctor Consultation,2026-01-18 19:22:40,Dr. Reddy,Male,18-40,Low
CASE000084,Triage,2026-01-18 19:26:47,Staff,Female,18-40,High
CASE000835,Triage,2026-01-18 19:27:45,Staff,Male,41-60,High
CASE000316,Treatment,2026-01-18 19:28:51,Dr. Reddy,Female,41-60,Low
CASE000301,Treatment,2026-01-18 19:40:53,Dr. Reddy,Male,18-40,Low
CASE000697,Discharge,2026-01-18 19:47:23,Staff,Male,41-60,Medium
CASE000301,Discharge,2026-01-18 19:51:49,Staff,Male,18-40,Low
CASE000084,X-Ray,2026-01-18 19:54:38,Staff,Female,18-40,High
CASE000962,Registration,2026-01-18 19:55:42,Staff,Male,41-60,Low
CASE000835,X-Ray,2026-01-18 19:57:25,Staff,Male,41-60,High
CASE000316,Admission,2026-01-18 20:01:48,Staff,Female,41-60,Low
CASE000835,Triage,2026-01-18 20:11:08,Staff,Male,41-60,High
CASE000154,Registration,2026-01-18 20:16:56,Staff,Female,61+,Low
CASE000962,Doctor Consultation,2026-01-18 20:24:58,Dr. Reddy,Male,41-60,Low
CASE000835,X-Ray,2026-01-18 20:31:13,Staff,Male,41-60,High
CASE000084,Lab Test,2026-01-18 20:31:18,Staff,Female,18-40,High
CASE000154,Triage,2026-01-18 20:36:57,Staff,Female,61+,Low
CASE000962,Treatment,2026-01-18 20:45:02,Dr. Reddy,Male,41-60,Low
CASE000869,Registration,2026-01-18 20:58:28,Staff,Female,18-40,Low
CASE000084,Doctor Consultation,2026-01-18 20:58:48,Dr. Sharma,Female,18-40,High
CASE000962,Admission,2026-01-18 21:01:35,Staff,Male,41-60,Low
CASE000835,Lab Test,2026-01-18 21:01:39,Staff,Male,41-60,High
CASE000084,Treatment,2026-01-18 21:11:32,Dr. Sharma,Female,18-40,High
CASE000869,Triage,2026-01-18 21:17:15,Staff,Female,18-40,Low
CASE000154,X-Ray,2026-01-18 21:17:33,Staff,Female,61+,Low
CASE000084,Admission,2026-01-18 21:24:05,Staff,Female,18-40,High
CASE000835,Doctor Consultation,2026-01-18 21:26:30,Dr. Khan,Male,41-60,High
CASE000869,Doctor Consultation,2026-01-18 21:39:39,Dr. Sharma,Female,18-40,Low
CASE000835,Treatment,2026-01-18 21:48:46,Dr. Khan,Male,41-60,High
CASE000154,Lab Test,2026-01-18 21:57:33,Staff,Female,61+,Low
CASE000869,Treatment,2026-01-18 22:08:25,Dr. Sharma,Female,18-40,Low
CASE000835,Admission,2026-01-18 22:16:51,Staff,Male,41-60,High
CASE000869,Discharge,2026-01-18 22:28:47,Staff,Female,18-40,Low
CASE000154,Doctor Consultation,2026-01-18 22:31:28,Dr. Iyer,Female,61+,Low
CASE000154,Treatment,2026-01-18 22:41:31,Dr. Iyer,Female,61+,Low
CASE000530,Registration,2026-01-18 22:55:20,Staff,Male,18-40,High
CASE000154,Discharge,2026-01-18 23:02:41,Staff,Female,61+,Low
CASE000530,Triage,2026-01-18 23:12:01,Staff,Male,18-40,High
CASE000530,Lab Test,2026-01-18 23:59:48,Staff,Male,18-40,High
CASE000530,Doctor Consultation,2026-01-19 00:28:52,Dr. Reddy,Male,18-40,High
CASE000530,Treatment,2026-01-19 00:47:43,Dr. Reddy,Male,18-40,High
CASE000530,Discharge,2026-01-19 01:14:23,Staff,Male,18-40,High
CASE000083,Registration,2026-01-19 01:39:54,Staff,Female,18-40,Medium
CASE000083,Triage,2026-01-19 01:58:54,Staff,Female,18-40,Medium
CASE000083,X-Ray,2026-01-19 02:17:09,Staff,Female,18-40,Medium
CASE000852,Registration,2026-01-19 02:20:09,Staff,Female,18-40,Medium
CASE000083,Triage,2026-01-19 02:33:19,Staff,Female,18-40,Medium
CASE000852,Triage,2026-01-19 02:39:32,Staff,Female,18-40,Medium
CASE000083,X-Ray,2026-01-19 03:09:43,Staff,Female,18-40,Medium
CASE000852,X-Ray,2026-01-19 03:12:54,Staff,Female,18-40,Medium
CASE000852,Doctor Consultation,2026-01-19 03:36:48,Dr. Sharma,Female,18-40,Medium
CASE000083,Lab Test,2026-01-19 03:43:43,Staff,Female,18-40,Medium
CASE000852,Treatment,2026-01-19 04:04:09,Dr. Sharma,Female,18-40,Medium
CASE000083,Doctor Consultation,2026-01-19 04:15:20,Dr. Khan,Female,18-40,Medium
CASE000405,Registration,2026-01-19 04:18:56,Staff,Female,18-40,Low
CASE000852,Discharge,2026-01-19 04:32:58,Staff,Female,18-40,Medium
CASE000083,Treatment,2026-01-19 04:39:26,Dr. Khan,Female,18-40,Medium
CASE000405,Triage,2026-01-19 04:42:38,Staff,Female,18-40,Low
CASE000083,Discharge,2026-01-19 05:02:07,Staff,Female,18-40,Medium
CASE000405,X-Ray,2026-01-19 05:08:13,Staff,Female,18-40,Low
CASE000405,Lab Test,2026-01-19 05:37:35,Staff,Female,18-40,Low
CASE000405,Doctor Consultation,2026-01-19 06:10:05,Dr. Reddy,Female,18-40,Low
CASE000405,Treatment,2026-01-19 06:27:22,Dr. Reddy,Female,18-40,Low
CASE000405,Discharge,2026-01-19 06:40:07,Staff,Female,18-40,Low
CASE000187,Registration,2026-01-19 08:09:21,Staff,Male,0-17,Medium
CASE000768,Registration,2026-01-19 08:23:19,Staff,Female,61+,Low
CASE000187,Triage,2026-01-19 08:24:11,Staff,Male,0-17,Medium
CASE000067,Registration,2026-01-19 08:35:55,Staff,Female,41-60,Medium
CASE000918,Registration,2026-01-19 08:37:34,Staff,Female,18-40,Medium
CASE000768,Triage,2026-01-19 08:42:45,Staff,Female,61+,Low
CASE000067,Triage,2026-01-19 08:46:44,Staff,Female,41-60,Medium
CASE000918,Triage,2026-01-19 09:01:44,Staff,Female,18-40,Medium
CASE000187,X-Ray,2026-01-19 09:16:12,Staff,Male,0-17,Medium
CASE000932,Registration,2026-01-19 09:26:55,Staff,Female,41-60,Low
CASE000768,X-Ray,2026-01-19 09:27:02,Staff,Female,61+,Low
CASE000187,Triage,2026-01-19 09:39:19,Staff,Male,0-17,Medium
CASE000918,Lab Test,2026-01-19 09:39:59,Staff,Female,18-40,Medium
CASE000067,X-Ray,2026-01-19 09:41:43,Staff,Female,41-60,Medium
CASE000932,Triage,2026-01-19 09:49:09,Staff,Female,41-60,Low
CASE000768,Lab Test,2026-01-19 09:51:46,Staff,Female,61+,Low
CASE000067,Lab Test,2026-01-19 10:14:37,Staff,Female,41-60,Medium
CASE000932,Doctor Consultation,2026-01-19 10:21:23,Dr. Patel,Female,41-60,Low
CASE000918,Doctor Consultation,2026-01-19 10:22:15,Dr. Sharma,Female,18-40,Medium
CASE000187,X-Ray,2026-01-19 10:34:47,Staff,Male,0-17,Medium
CASE000768,Doctor Consultation,2026-01-19 10:37:51,Dr. Patel,Female,61+,Low
CASE000918,Treatment,2026-01-19 10:38:46,Dr. Sharma,Female,18-40,Medium
CASE000932,Treatment,2026-01-19 10:47:05,Dr. Patel,Female,41-60,Low
CASE000918,Admission,2026-01-19 10:49:52,Staff,Female,18-40,Medium
CASE000067,Doctor Consultation,2026-01-19 10:51:13,Dr. Patel,Female,41-60,Medium
CASE000768,Treatment,2026-01-19 10:51:26,Dr. Patel,Female,61+,Low
CASE000932,Admission,2026-01-19 11:06:28,Staff,Female,41-60,Low
CASE000067,Treatment,2026-01-19 11:09:35,Dr. Patel,Female,41-60,Medium
CASE000187,Doctor Consultation,2026-01-19 11:20:38,Dr. Khan,Male,0-17,Medium
CASE000768,Discharge,2026-01-19 11:24:24,Staff,Female,61+,Low
CASE000187,Treatment,2026-01-19 11:37:22,Dr. Khan,Male,0-17,Medium
CASE000067,Discharge,2026-01-19 11:41:18,Staff,Female,41-60,Medium
CASE000246,Registration,2026-01-19 11:50:30,Staff,Female,61+,Low
CASE000187,Discharge,2026-01-19 11:58:49,Staff,Male,0-17,Medium
CASE000246,Triage,2026-01-19 12:13:27,Staff,Female,61+,Low
CASE000479,Registration,2026-01-19 12:16:39,Staff,Female,41-60,Medium
CASE000246,X-Ray,2026-01-19 12:33:30,Staff,Female,61+,Low
CASE000479,Triage,2026-01-19 12:44:07,Staff,Female,41-60,Medium
CASE000246,Doctor Consultation,2026-01-19 12:51:18,Dr. Sharma,Female,61+,Low
CASE000479,Lab Test,2026-01-19 13:06:58,Staff,Female,41-60,Medium
CASE000246,Treatment,2026-01-19 13:16:30,Dr. Sharma,Female,61+,Low
CASE000246,Admission,2026-01-19 13:31:33,Staff,Female,61+,Low
CASE000479,Doctor Consultation,2026-01-19 13:35:08,Dr. Reddy,Female,41-60,Medium
CASE000479,Treatment,2026-01-19 13:49:34,Dr. Reddy,Female,41-60,Medium
CASE000479,Discharge,2026-01-19 14:10:48,Staff,Female,41-60,Medium
CASE000627,Registration,2026-01-19 16:37:44,Staff,Female,18-40,Low
CASE000627,Triage,2026-01-19 16:56:51,Staff,Female,18-40,Low
CASE000627,X-Ray,2026-01-19 17:32:33,Staff,Female,18-40,Low
CASE000189,Registration,2026-01-19 17:44:53,Staff,Female,18-40,Low
CASE000627,Triage,2026-01-19 17:52:19,Staff,Female,18-40,Low
CASE000247,Registration,2026-01-19 18:08:22,Staff,Female,41-60,Medium
CASE000189,Triage,2026-01-19 18:08:27,Staff,Female,18-40,Low
CASE000627,X-Ray,2026-01-19 18:15:44,Staff,Female,18-40,Low
CASE000189,X-Ray,2026-01-19 18:24:49,Staff,Female,18-40,Low
CASE000247,Triage,2026-01-19 18:25:35,Staff,Female,41-60,Medium
CASE000742,Registration,2026-01-19 18:30:24,Staff,Female,41-60,Low
CASE000603,Registration,2026-01-19 18:31:14,Staff,Female,41-60,Medium
CASE000627,Doctor Consultation,2026-01-19 18:36:16,Dr. Iyer,Female,18-40,Low
CASE000247,Doctor Consultation,2026-01-19 18:40:34,Dr. Khan,Female,41-60,Medium
CASE000724,Registration,2026-01-19 18:42:23,Staff,Female,18-40,Low
CASE000247,Treatment,2026-01-19 18:48:17,Dr. Khan,Female,41-60,Medium
CASE000627,Treatment,2026-01-19 18:51:00,Dr. Iyer,Female,18-40,Low
CASE000189,Doctor Consultation,2026-01-19 18:51:04,Dr. Reddy,Female,18-40,Low
CASE000742,Triage,2026-01-19 18:52:43,Staff,Female,41-60,Low
CASE000603,Triage,2026-01-19 18:52:53,Staff,Female,41-60,Medium
CASE000724,Triage,2026-01-19 19:02:43,Staff,Female,18-40,Low
CASE000612,Registration,2026-01-19 19:05:12,Staff,Female,18-40,High
CASE000189,Treatment,2026-01-19 19:07:16,Dr. Reddy,Female,18-40,Low
CASE000054,Registration,2026-01-19 19:08:04,Staff,Female,41-60,Low
CASE000627,Admission,2026-01-19 19:11:04,Staff,Female,18-40,Low
CASE000603,X-Ray,2026-01-19 19:14:51,Staff,Female,41-60,Medium
CASE000477,Registration,2026-01-19 19:15:54,Staff,Female,18-40,Low
CASE000612,Triage,2026-01-19 19:17:27,Staff,Female,18-40,High
CASE000247,Discharge,2026-01-19 19:17:29,Staff,Female,41-60,Medium
CASE000742,X-Ray,2026-01-19 19:21:41,Staff,Female,41-60,Low
CASE000054,Triage,2026-01-19 19:22:50,Staff,Female,41-60,Low
CASE000724,X-Ray,2026-01-19 19:29:23,Staff,Female,18-40,Low
CASE000189,Discharge,2026-01-19 19:30:08,Staff,Female,18-40,Low
CASE000477,Triage,2026-01-19 19:35:29,Staff,Female,18-40,Low
CASE000054,Lab Test,2026-01-19 19:37:21,Staff,Female,41-60,Low
CASE000603,Doctor Consultation,2026-01-19 19:37:58,Dr. Reddy,Female,41-60,Medium
CASE000612,X-Ray,2026-01-19 19:42:34,Staff,Female,18-40,High
CASE000742,Doctor Consultation,2026-01-19 19:50:29,Dr. Khan,Female,41-60,Low
CASE000724,Lab Test,2026-01-19 19:57:30,Staff,Female,18-40,Low
CASE000477,X-Ray,2026-01-19 19:59:17,Staff,Female,18-40,Low
CASE000603,Treatment,2026-01-19 20:00:21,Dr. Reddy,Female,41-60,Medium
CASE000054,Doctor Consultation,2026-01-19 20:00:54,Dr. Patel,Female,41-60,Low
CASE000612,Lab Test,2026-01-19 20:06:21,Staff,Female,18-40,High
CASE000742,Treatment,2026-01-19 20:13:02,Dr. Khan,Female,41-60,Low
CASE000603,Discharge,2026-01-19 20:24:09,Staff,Female,41-60,Medium
CASE000724,Doctor Consultation,2026-01-19 20:25:12,Dr. Sharma,Female,18-40,Low
CASE000054,Treatment,2026-01-19 20:28:18,Dr. Patel,Female,41-60,Low
CASE000612,Doctor Consultation,2026-01-19 20:30:16,Dr. Sharma,Female,18-40,High
CASE000742,Discharge,2026-01-19 20:32:24,Staff,Female,41-60,Low
CASE000477,Doctor Consultation,2026-01-19 20:33:49,Dr. Sharma,Female,18-40,Low
CASE000409,Registration,2026-01-19 20:43:12,Staff,Female,61+,Low
CASE000054,Discharge,2026-01-19 20:45:57,Staff,Female,41-60,Low
CASE000612,Treatment,2026-01-19 20:53:27,Dr. Sharma,Female,18-40,High
CASE000724,Treatment,2026-01-19 20:55:29,Dr. Sharma,Female,18-40,Low
CASE000477,Treatment,2026-01-19 20:57:47,Dr. Sharma,Female,18-40,Low
CASE000409,Triage,2026-01-19 21:00:26,Staff,Female,61+,Low
CASE000724,Discharge,2026-01-19 21:14:02,Staff,Female,18-40,Low
CASE000612,Discharge,2026-01-19 21:15:00,Staff,Female,18-40,High
CASE000477,Discharge,2026-01-19 21:19:04,Staff,Female,18-40,Low
CASE000409,Lab Test,2026-01-19 21:30:52,Staff,Female,61+,Low
CASE000409,Doctor Consultation,2026-01-19 21:56:40,Dr. Iyer,Female,61+,Low
CASE000677,Registration,2026-01-19 22:15:24,Staff,Female,18-40,Low
CASE000409,Treatment,2026-01-19 22:17:57,Dr. Iyer,Female,61+,Low
CASE000677,Triage,2026-01-19 22:30:50,Staff,Female,18-40,Low
CASE000409,Discharge,2026-01-19 22:52:31,Staff,Female,61+,Low
CASE000677,Doctor Consultation,2026-01-19 23:08:05,Dr. Sharma,Female,18-40,Low
CASE000677,Treatment,2026-01-19 23:18:40,Dr. Sharma,Female,18-40,Low
CASE000677,Discharge,2026-01-19 23:36:35,Staff,Female,18-40,Low
CASE000931,Registration,2026-01-20 06:13:29,Staff,Female,41-60,Low
CASE000931,Triage,2026-01-20 06:28:59,Staff,Female,41-60,Low
CASE000931,X-Ray,2026-01-20 06:55:44,Staff,Female,41-60,Low
CASE000931,Lab Test,2026-01-20 07:25:54,Staff,Female,41-60,Low
CASE000931,Doctor Consultation,2026-01-20 07:44:21,Dr. Khan,Female,41-60,Low
CASE000931,Treatment,2026-01-20 07:55:55,Dr. Khan,Female,41-60,Low
CASE000931,Discharge,2026-01-20 08:11:22,Staff,Female,41-60,Low
CASE000205,Registration,2026-01-20 08:12:47,Staff,Female,0-17,Medium
CASE000009,Registration,2026-01-20 08:16:56,Staff,Female,61+,Medium
CASE000729,Registration,2026-01-20 08:27:04,Staff,Male,0-17,Low
CASE000185,Registration,2026-01-20 08:27:50,Staff,Male,18-40,Low
CASE000205,Triage,2026-01-20 08:31:50,Staff,Female,0-17,Medium
CASE000009,Triage,2026-01-20 08:45:22,Staff,Female,61+,Medium
CASE000185,Triage,2026-01-20 08:51:58,Staff,Male,18-40,Low
CASE000729,Triage,2026-01-20 08:52:40,Staff,Male,0-17,Low
CASE000692,Registration,2026-01-20 09:12:43,Staff,Male,41-60,Medium
CASE000686,Registration,2026-01-20 09:16:58,Staff,Female,18-40,Low
CASE000009,Doctor Consultation,2026-01-20 09:21:52,Dr. Iyer,Female,61+,Medium
CASE000686,Triage,2026-01-20 09:26:49,Staff,Female,18-40,Low
CASE000205,X-Ray,2026-01-20 09:33:47,Staff,Female,0-17,Medium
CASE000185,X-Ray,2026-01-20 09:39:31,Staff,Male,18-40,Low
CASE000692,Triage,2026-01-20 09:41:56,Staff,Male,41-60,Medium
CASE000009,Treatment,2026-01-20 09:46:39,Dr. Iyer,Female,61+,Medium
CASE000211,Registration,2026-01-20 09:57:19,Staff,Female,18-40,Low
CASE000729,X-Ray,2026-01-20 09:59:48,Staff,Male,0-17,Low
CASE000205,Triage,2026-01-20 10:00:32,Staff,Female,0-17,Medium
CASE000009,Discharge,2026-01-20 10:06:52,Staff,Female,61+,Medium
CASE000692,Lab Test,2026-01-20 10:14:37,Staff,Male,41-60,Medium
CASE000211,Triage,2026-01-20 10:15:15,Staff,Female,18-40,Low
CASE000686,Doctor Consultation,2026-01-20 10:15:20,Dr. Patel,Female,18-40,Low
CASE000185,Lab Test,2026-01-20 10:22:48,Staff,Male,18-40,Low
CASE000729,Triage,2026-01-20 10:25:08,Staff,Male,0-17,Low
CASE000686,Treatment,2026-01-20 10:42:59,Dr. Patel,Female,18-40,Low
CASE000692,Doctor Consultation,2026-01-20 10:58:17,Dr. Sharma,Male,41-60,Medium
CASE000686,Discharge,2026-01-20 11:03:48,Staff,Female,18-40,Low
CASE000205,X-Ray,2026-01-20 11:08:02,Staff,Female,0-17,Medium
CASE000692,Treatment,2026-01-20 11:14:19,Dr. Sharma,Male,41-60,Medium
CASE000185,Doctor Consultation,2026-01-20 11:16:54,Dr. Iyer,Male,18-40,Low
CASE000692,Discharge,2026-01-20 11:23:40,Staff,Male,41-60,Medium
CASE000211,X-Ray,2026-01-20 11:25:31,Staff,Female,18-40,Low
CASE000729,X-Ray,2026-01-20 11:29:34,Staff,Male,0-17,Low
CASE000185,Treatment,2026-01-20 11:35:44,Dr. Iyer,Male,18-40,Low
CASE000205,Doctor Consultation,2026-01-20 11:38:17,Dr. Reddy,Female,0-17,Medium
CASE000088,Registration,2026-01-20 11:52:26,Staff,Female,18-40,Medium
CASE000211,Triage,2026-01-20 11:59:19,Staff,Female,18-40,Low
CASE000185,Discharge,2026-01-20 12:00:23,Staff,Male,18-40,Low
CASE000205,Treatment,2026-01-20 12:05:57,Dr. Reddy,Female,0-17,Medium
CASE000088,Triage,2026-01-20 12:06:13,Staff,Female,18-40,Medium
CASE000729,Lab Test,2026-01-20 12:10:40,Staff,Male,0-17,Low
CASE000205,Admission,2026-01-20 12:13:09,Staff,Female,0-17,Medium
CASE000211,X-Ray,2026-01-20 12:14:58,Staff,Female,18-40,Low
CASE000729,Doctor Consultation,2026-01-20 12:30:02,Dr. Khan,Male,0-17,Low
CASE000088,Doctor Consultation,2026-01-20 12:34:48,Dr. Khan,Female,18-40,Medium
CASE000449,Registration,2026-01-20 12:49:34,Staff,Female,41-60,Medium
CASE000729,Treatment,2026-01-20 12:51:42,Dr. Khan,Male,0-17,Low
CASE000211,Doctor Consultation,2026-01-20 12:54:17,Dr. Reddy,Female,18-40,Low
CASE000088,Treatment,2026-01-20 12:57:30,Dr. Khan,Female,18-40,Medium
CASE000088,Admission,2026-01-20 13:06:17,Staff,Female,18-40,Medium
CASE000449,Triage,2026-01-20 13:10:28,Staff,Female,41-60,Medium
CASE000729,Discharge,2026-01-20 13:15:31,Staff,Male,0-17,Low
CASE000211,Treatment,2026-01-20 13:23:49,Dr. Reddy,Female,18-40,Low
CASE000449,X-Ray,2026-01-20 13:26:21,Staff,Female,41-60,Medium
CASE000449,Triage,2026-01-20 13:51:39,Staff,Female,41-60,Medium
CASE000211,Discharge,2026-01-20 13:53:07,Staff,Female,18-40,Low
CASE000449,X-Ray,2026-01-20 14:22:56,Staff,Female,41-60,Medium
CASE000449,Lab Test,2026-01-20 14:45:57,Staff,Female,41-60,Medium
CASE000449,Doctor Consultation,2026-01-20 15:19:58,Dr. Iyer,Female,41-60,Medium
CASE000449,Treatment,2026-01-20 15:34:43,Dr. Iyer,Female,41-60,Medium
CASE000449,Discharge,2026-01-20 15:52:32,Staff,Female,41-60,Medium
CASE000732,Registration,2026-01-20 16:15:58,Staff,Female,18-40,Low
CASE000732,Triage,2026-01-20 16:30:36,Staff,Female,18-40,Low
CASE000732,X-Ray,2026-01-20 16:51:59,Staff,Female,18-40,Low
CASE000732,Triage,2026-01-20 17:02:16,Staff,Female,18-40,Low
CASE000732,X-Ray,2026-01-20 17:24:19,Staff,Female,18-40,Low
CASE000732,Lab Test,2026-01-20 17:55:29,Staff,Female,18-40,Low
CASE000732,Doctor Consultation,2026-01-20 18:22:06,Dr. Iyer,Female,18-40,Low
CASE000732,Treatment,2026-01-20 18:38:21,Dr. Iyer,Female,18-40,Low
CASE000732,Discharge,2026-01-20 18:59:21,Staff,Female,18-40,Low
CASE000215,Registration,2026-01-20 19:53:17,Staff,Male,18-40,Medium
CASE000215,Triage,2026-01-20 20:04:58,Staff,Male,18-40,Medium
CASE000215,X-Ray,2026-01-20 20:30:23,Staff,Male,18-40,Medium
CASE000864,Registration,2026-01-20 20:34:48,Staff,Female,41-60,High
CASE000722,Registration,2026-01-20 20:45:18,Staff,Male,0-17,Medium
CASE000864,Triage,2026-01-20 20:49:09,Staff,Female,41-60,High
CASE000215,Doctor Consultation,2026-01-20 20:59:44,Dr. Khan,Male,18-40,Medium
CASE000722,Triage,2026-01-20 21:09:28,Staff,Male,0-17,Medium
CASE000864,Doctor Consultation,2026-01-20 21:19:32,Dr. Reddy,Female,41-60,High
CASE000215,Treatment,2026-01-20 21:25:43,Dr. Khan,Male,18-40,Medium
CASE000661,Registration,2026-01-20 21:33:08,Staff,Female,18-40,Low
CASE000722,X-Ray,2026-01-20 21:33:15,Staff,Male,0-17,Medium
CASE000215,Discharge,2026-01-20 21:35:42,Staff,Male,18-40,Medium
CASE000864,Treatment,2026-01-20 21:37:50,Dr. Reddy,Female,41-60,High
CASE000722,Triage,2026-01-20 21:41:40,Staff,Male,0-17,Medium
CASE000661,Triage,2026-01-20 21:53:01,Staff,Female,18-40,Low
CASE000722,X-Ray,2026-01-20 22:01:37,Staff,Male,0-17,Medium
CASE000864,Discharge,2026-01-20 22:01:45,Staff,Female,41-60,High
CASE000722,Doctor Consultation,2026-01-20 22:24:23,Dr. Iyer,Male,0-17,Medium
CASE000661,X-Ray,2026-01-20 22:32:13,Staff,Female,18-40,Low
CASE000722,Treatment,2026-01-20 22:48:14,Dr. Iyer,Male,0-17,Medium
CASE000722,Discharge,2026-01-20 22:56:59,Staff,Male,0-17,Medium
CASE000661,Lab Test,2026-01-20 23:12:05,Staff,Female,18-40,Low
CASE000661,Doctor Consultation,2026-01-20 23:31:59,Dr. Khan,Female,18-40,Low
CASE000661,Treatment,2026-01-21 00:00:18,Dr. Khan,Female,18-40,Low
CASE000661,Discharge,2026-01-21 00:13:57,Staff,Female,18-40,Low
CASE000484,Registration,2026-01-21 09:53:39,Staff,Female,18-40,High
CASE000031,Registration,2026-01-21 10:03:37,Staff,Male,18-40,Low
CASE000502,Registration,2026-01-21 10:06:28,Staff,Female,18-40,Low
CASE000809,Registration,2026-01-21 10:14:16,Staff,Female,61+,Low
CASE000502,Triage,2026-01-21 10:23:49,Staff,Female,18-40,Low
CASE000809,Triage,2026-01-21 10:24:54,Staff,Female,61+,Low
CASE000031,Triage,2026-01-21 10:28:03,Staff,Male,18-40,Low
CASE000094,Registration,2026-01-21 10:29:38,Staff,Male,0-17,Low
CASE000484,X-Ray,2026-01-21 10:45:11,Staff,Female,18-40,High
CASE000094,Triage,2026-01-21 10:47:17,Staff,Male,0-17,Low
CASE000809,Doctor Consultation,2026-01-21 10:50:12,Dr. Sharma,Female,61+,Low
CASE000502,Doctor Consultation,2026-01-21 11:10:09,Dr. Reddy,Female,18-40,Low
CASE000094,Lab Test,2026-01-21 11:19:49,Staff,Male,0-17,Low
CASE000809,Treatment,2026-01-21 11:20:50,Dr. Sharma,Female,61+,Low
CASE000502,Treatment,2026-01-21 11:24:50,Dr. Reddy,Female,18-40,Low
CASE000744,Registration,2026-01-21 11:32:01,Staff,Male,41-60,Low
CASE000484,Doctor Consultation,2026-01-21 11:33:34,Dr. Iyer,Female,18-40,High
CASE000506,Registration,2026-01-21 11:39:03,Staff,Female,41-60,Medium
CASE000031,X-Ray,2026-01-21 11:40:36,Staff,Male,18-40,Low
CASE000809,Discharge,2026-01-21 11:44:39,Staff,Female,61+,Low
CASE000502,Discharge,2026-01-21 11:49:21,Staff,Female,18-40,Low
CASE000744,Triage,2026-01-21 11:53:58,Staff,Male,41-60,Low
CASE000094,Doctor Consultation,2026-01-21 11:56:44,Dr. Sharma,Male,0-17,Low
CASE000506,Triage,2026-01-21 11:58:02,Staff,Female,41-60,Medium
CASE000484,Treatment,2026-01-21 12:04:12,Dr. Iyer,Female,18-40,High
CASE000094,Treatment,2026-01-21 12:13:12,Dr. Sharma,Male,0-17,Low
CASE000031,Doctor Consultation,2026-01-21 12:14:14,Dr. Iyer,Male,18-40,Low
CASE000484,Discharge,2026-01-21 12:23:17,Staff,Female,18-40,High
CASE000506,X-Ray,2026-01-21 12:33:43,Staff,Female,41-60,Medium
CASE000094,Discharge,2026-01-21 12:34:16,Staff,Male,0-17,Low
CASE000031,Treatment,2026-01-21 12:39:35,Dr. Iyer,Male,18-40,Low
CASE000744,X-Ray,2026-01-21 13:00:48,Staff,Male,41-60,Low
CASE000031,Discharge,2026-01-21 13:02:34,Staff,Male,18-40,Low
CASE000744,Triage,2026-01-21 13:12:03,Staff,Male,41-60,Low
CASE000506,Lab Test,2026-01-21 13:16:32,Staff,Female,41-60,Medium
CASE000744,X-Ray,2026-01-21 13:36:11,Staff,Male,41-60,Low
CASE000506,Doctor Consultation,2026-01-21 13:55:24,Dr. Khan,Female,41-60,Medium
CASE000744,Doctor Consultation,2026-01-21 14:00:17,Dr. Patel,Male,41-60,Low
CASE000506,Treatment,2026-01-21 14:09:14,Dr. Khan,Female,41-60,Medium
CASE000456,Registration,2026-01-21 14:24:03,Staff,Female,41-60,Medium
CASE000744,Treatment,2026-01-21 14:28:05,Dr. Patel,Male,41-60,Low
CASE000506,Discharge,2026-01-21 14:29:43,Staff,Female,41-60,Medium
CASE000456,Triage,2026-01-21 14:41:26,Staff,Female,41-60,Medium
CASE000744,Discharge,2026-01-21 14:45:18,Staff,Male,41-60,Low
CASE000456,X-Ray,2026-01-21 15:08:18,Staff,Female,41-60,Medium
CASE000456,Triage,2026-01-21 15:28:47,Staff,Female,41-60,Medium
CASE000573,Triage,2026-01-21 15:42:42,Staff,Male,0-17,Low
CASE000456,X-Ray,2026-01-21 15:48:02,Staff,Female,41-60,Medium
CASE000573,X-Ray,2026-01-21 15:57:58,Staff,Male,0-17,Low
CASE000456,Doctor Consultation,2026-01-21 16:23:25,Dr. Reddy,Female,41-60,Medium
CASE000573,Doctor Consultation,2026-01-21 16:29:40,Dr. Patel,Male,0-17,Low
CASE000456,Treatment,2026-01-21 16:32:05,Dr. Reddy,Female,41-60,Medium
CASE000456,Discharge,2026-01-21 16:50:22,Staff,Female,41-60,Medium
CASE000573,Treatment,2026-01-21 16:57:58,Dr. Patel,Male,0-17,Low
CASE000573,Admission,2026-01-21 17:06:52,Staff,Male,0-17,Low
CASE000012,Registration,2026-01-21 18:38:53,Staff,Female,61+,Medium
CASE000012,Triage,2026-01-21 18:44:30,Staff,Female,61+,Medium
CASE000849,Registration,2026-01-21 18:48:57,Staff,Male,61+,Low
CASE000849,Triage,2026-01-21 19:08:11,Staff,Male,61+,Low
CASE000012,X-Ray,2026-01-21 19:25:53,Staff,Female,61+,Medium
CASE000849,X-Ray,2026-01-21 19:35:13,Staff,Male,61+,Low
CASE000012,Triage,2026-01-21 19:45:09,Staff,Female,61+,Medium
CASE000811,Registration,2026-01-21 20:08:22,Staff,Male,18-40,Medium
CASE000012,X-Ray,2026-01-21 20:08:35,Staff,Female,61+,Medium
CASE000807,Registration,2026-01-21 20:10:48,Staff,Female,0-17,Medium
CASE000849,Doctor Consultation,2026-01-21 20:13:02,Dr. Patel,Male,61+,Low
CASE000807,Triage,2026-01-21 20:22:00,Staff,Female,0-17,Medium
CASE000811,Triage,2026-01-21 20:28:29,Staff,Male,18-40,Medium
CASE000012,Lab Test,2026-01-21 20:29:55,Staff,Female,61+,Medium
CASE000849,Treatment,2026-01-21 20:31:04,Dr. Patel,Male,61+,Low
CASE000257,Registration,2026-01-21 20:45:43,Staff,Female,18-40,High
CASE000849,Discharge,2026-01-21 20:51:07,Staff,Male,61+,Low
CASE000807,X-Ray,2026-01-21 20:59:09,Staff,Female,0-17,Medium
CASE000811,X-Ray,2026-01-21 21:05:19,Staff,Male,18-40,Medium
CASE000257,Triage,2026-01-21 21:06:12,Staff,Female,18-40,High
CASE000012,Doctor Consultation,2026-01-21 21:09:44,Dr. Sharma,Female,61+,Medium
CASE000807,Lab Test,2026-01-21 21:21:57,Staff,Female,0-17,Medium
CASE000257,X-Ray,2026-01-21 21:32:30,Staff,Female,18-40,High
CASE000012,Treatment,2026-01-21 21:41:09,Dr. Sharma,Female,61+,Medium
CASE000807,Doctor Consultation,2026-01-21 21:47:24,Dr. Patel,Female,0-17,Medium
CASE000811,Lab Test,2026-01-21 21:47:48,Staff,Male,18-40,Medium
CASE000012,Discharge,2026-01-21 21:53:43,Staff,Female,61+,Medium
CASE000807,Treatment,2026-01-21 22:04:06,Dr. Patel,Female,0-17,Medium
CASE000811,Doctor Consultation,2026-01-21 22:04:56,Dr. Patel,Male,18-40,Medium
CASE000257,Doctor Consultation,2026-01-21 22:13:29,Dr. Khan,Female,18-40,High
CASE000811,Treatment,2026-01-21 22:21:45,Dr. Patel,Male,18-40,Medium
CASE000807,Discharge,2026-01-21 22:23:22,Staff,Female,0-17,Medium
CASE000257,Treatment,2026-01-21 22:32:27,Dr. Khan,Female,18-40,High
CASE000407,Registration,2026-01-21 22:35:44,Staff,Male,41-60,High
CASE000811,Discharge,2026-01-21 22:39:38,Staff,Male,18-40,Medium
CASE000407,Triage,2026-01-21 22:50:14,Staff,Male,41-60,High
CASE000257,Discharge,2026-01-21 23:01:21,Staff,Female,18-40,High
CASE000407,X-Ray,2026-01-21 23:17:37,Staff,Male,41-60,High
CASE000407,Doctor Consultation,2026-01-21 23:50:15,Dr. Iyer,Male,41-60,High
CASE000407,Treatment,2026-01-22 00:12:55,Dr. Iyer,Male,41-60,High
CASE000407,Discharge,2026-01-22 00:29:05,Staff,Male,41-60,High
CASE000776,Registration,2026-01-22 08:50:56,Staff,Male,0-17,Medium
CASE000776,Triage,2026-01-22 09:24:33,Staff,Male,0-17,Medium
CASE000776,X-Ray,2026-01-22 10:13:28,Staff,Male,0-17,Medium
CASE000776,Lab Test,2026-01-22 10:56:38,Staff,Male,0-17,Medium
CASE000945,Registration,2026-01-22 10:58:24,Staff,Female,41-60,Low
CASE000945,Triage,2026-01-22 11:13:05,Staff,Female,41-60,Low
CASE000776,Doctor Consultation,2026-01-22 11:15:17,Dr. Patel,Male,0-17,Medium
CASE000776,Treatment,2026-01-22 11:35:08,Dr. Patel,Male,0-17,Medium
CASE000776,Admission,2026-01-22 12:03:32,Staff,Male,0-17,Medium
CASE000606,Registration,2026-01-22 12:15:01,Staff,Female,18-40,Low
CASE000945,X-Ray,2026-01-22 12:21:19,Staff,Female,41-60,Low
CASE000606,Triage,2026-01-22 12:37:07,Staff,Female,18-40,Low
CASE000945,Doctor Consultation,2026-01-22 12:43:30,Dr. Patel,Female,41-60,Low
CASE000606,X-Ray,2026-01-22 13:09:48,Staff,Female,18-40,Low
CASE000945,Treatment,2026-01-22 13:11:29,Dr. Patel,Female,41-60,Low
CASE000606,Lab Test,2026-01-22 13:24:58,Staff,Female,18-40,Low
CASE000945,Discharge,2026-01-22 13:32:44,Staff,Female,41-60,Low
CASE000606,Doctor Consultation,2026-01-22 14:03:07,Dr. Patel,Female,18-40,Low
CASE000606,Treatment,2026-01-22 14:18:35,Dr. Patel,Female,18-40,Low
CASE000606,Admission,2026-01-22 14:45:43,Staff,Female,18-40,Low
CASE000741,Registration,2026-01-22 15:27:44,Staff,Male,61+,Medium
CASE000741,Triage,2026-01-22 15:37:47,Staff,Male,61+,Medium
CASE000815,Registration,2026-01-22 15:38:13,Staff,Male,18-40,Medium
CASE000815,Triage,2026-01-22 15:53:00,Staff,Male,18-40,Medium
CASE000741,Doctor Consultation,2026-01-22 16:02:38,Dr. Reddy,Male,61+,Medium
CASE000815,X-Ray,2026-01-22 16:10:46,Staff,Male,18-40,Medium
CASE000016,Registration,2026-01-22 16:22:51,Staff,Male,18-40,Low
CASE000741,Treatment,2026-01-22 16:29:41,Dr. Reddy,Male,61+,Medium
CASE000016,Triage,2026-01-22 16:38:56,Staff,Male,18-40,Low
CASE000741,Discharge,2026-01-22 16:44:12,Staff,Male,61+,Medium
CASE000815,Doctor Consultation,2026-01-22 16:45:15,Dr. Khan,Male,18-40,Medium
CASE000609,Registration,2026-01-22 17:07:27,Staff,Female,18-40,High
CASE000016,X-Ray,2026-01-22 17:10:07,Staff,Male,18-40,Low
CASE000815,Treatment,2026-01-22 17:10:52,Dr. Khan,Male,18-40,Medium
CASE000609,Triage,2026-01-22 17:20:13,Staff,Female,18-40,High
CASE000815,Discharge,2026-01-22 17:35:54,Staff,Male,18-40,Medium
CASE000016,Doctor Consultation,2026-01-22 17:40:06,Dr. Patel,Male,18-40,Low
CASE000016,Treatment,2026-01-22 17:49:09,Dr. Patel,Male,18-40,Low
CASE000609,X-Ray,2026-01-22 17:52:25,Staff,Female,18-40,High
CASE000016,Discharge,2026-01-22 18:19:13,Staff,Male,18-40,Low
CASE000609,Lab Test,2026-01-22 18:28:25,Staff,Female,18-40,High
CASE000609,Doctor Consultation,2026-01-22 18:56:39,Dr. Reddy,Female,18-40,High
CASE000609,Treatment,2026-01-22 19:23:46,Dr. Reddy,Female,18-40,High
CASE000609,Admission,2026-01-22 19:38:22,Staff,Female,18-40,High
CASE000625,Registration,2026-01-22 20:23:57,Staff,Female,41-60,Low
CASE000625,X-Ray,2026-01-22 20:39:51,Staff,Female,41-60,Low
CASE000435,Registration,2026-01-22 20:43:29,Staff,Male,61+,Low
CASE000435,Triage,2026-01-22 21:02:54,Staff,Male,61+,Low
CASE000625,Doctor Consultation,2026-01-22 21:16:43,Dr. Khan,Female,41-60,Low
CASE000435,X-Ray,2026-01-22 21:35:00,Staff,Male,61+,Low
CASE000625,Treatment,2026-01-22 21:37:43,Dr. Khan,Female,41-60,Low
CASE000625,Discharge,2026-01-22 21:56:01,Staff,Female,41-60,Low
CASE000435,Doctor Consultation,2026-01-22 21:58:29,Dr. Reddy,Male,61+,Low
CASE000435,Treatment,2026-01-22 22:24:32,Dr. Reddy,Male,61+,Low
CASE000435,Discharge,2026-01-22 22:43:56,Staff,Male,61+,Low
CASE000819,Registration,2026-01-23 08:23:12,Staff,Male,0-17,Low
CASE000819,Triage,2026-01-23 08:41:33,Staff,Male,0-17,Low
CASE000819,X-Ray,2026-01-23 09:16:18,Staff,Male,0-17,Low
CASE000819,Triage,2026-01-23 09:39:35,Staff,Male,0-17,Low
CASE000819,X-Ray,2026-01-23 10:29:53,Staff,Male,0-17,Low
CASE000298,Registration,2026-01-23 10:37:08,Staff,Male,41-60,High
CASE000819,Doctor Consultation,2026-01-23 10:57:15,Dr. Sharma,Male,0-17,Low
CASE000819,Treatment,2026-01-23 11:14:52,Dr. Sharma,Male,0-17,Low
CASE000298,X-Ray,2026-01-23 11:43:26,Staff,Male,41-60,High
CASE000819,Discharge,2026-01-23 11:45:32,Staff,Male,0-17,Low
CASE000298,Lab Test,2026-01-23 12:12:20,Staff,Male,41-60,High
CASE000298,Doctor Consultation,2026-01-23 12:41:17,Dr. Iyer,Male,41-60,High
CASE000298,Treatment,2026-01-23 13:02:00,Dr. Iyer,Male,41-60,High
CASE000298,Discharge,2026-01-23 13:27:35,Staff,Male,41-60,High
CASE000529,Registration,2026-01-23 15:29:24,Staff,Female,41-60,Medium
CASE000529,Triage,2026-01-23 15:48:19,Staff,Female,41-60,Medium
CASE000529,X-Ray,2026-01-23 16:25:53,Staff,Female,41-60,Medium
CASE000529,Triage,2026-01-23 16:44:49,Staff,Female,41-60,Medium
CASE000902,Registration,2026-01-23 16:56:00,Staff,Female,18-40,Medium
CASE000242,Registration,2026-01-23 17:06:51,Staff,Male,61+,Low
CASE000529,X-Ray,2026-01-23 17:13:38,Staff,Female,41-60,Medium
CASE000902,Triage,2026-01-23 17:15:45,Staff,Female,18-40,Medium
CASE000242,Triage,2026-01-23 17:20:46,Staff,Male,61+,Low
CASE000529,Doctor Consultation,2026-01-23 17:31:16,Dr. Iyer,Female,41-60,Medium
CASE000788,Registration,2026-01-23 17:35:56,Staff,Male,61+,Low
CASE000242,X-Ray,2026-01-23 17:38:02,Staff,Male,61+,Low
CASE000242,Doctor Consultation,2026-01-23 17:53:23,Dr. Iyer,Male,61+,Low
CASE000902,X-Ray,2026-01-23 17:55:24,Staff,Female,18-40,Medium
CASE000788,Triage,2026-01-23 17:57:46,Staff,Male,61+,Low
CASE000529,Treatment,2026-01-23 18:00:44,Dr. Iyer,Female,41-60,Medium
CASE000242,Treatment,2026-01-23 18:09:01,Dr. Iyer,Male,61+,Low
CASE000529,Discharge,2026-01-23 18:20:52,Staff,Female,41-60,Medium
CASE000644,Registration,2026-01-23 18:29:14,Staff,Female,61+,Low
CASE000242,Discharge,2026-01-23 18:29:16,Staff,Male,61+,Low
CASE000902,Doctor Consultation,2026-01-23 18:29:58,Dr. Khan,Female,18-40,Medium
CASE000788,Doctor Consultation,2026-01-23 18:32:33,Dr. Iyer,Male,61+,Low
CASE000788,Treatment,2026-01-23 18:53:29,Dr. Iyer,Male,61+,Low
CASE000902,Treatment,2026-01-23 18:56:34,Dr. Khan,Female,18-40,Medium
CASE000644,X-Ray,2026-01-23 19:00:42,Staff,Female,61+,Low
CASE000902,Discharge,2026-01-23 19:09:33,Staff,Female,18-40,Medium
CASE000788,Discharge,2026-01-23 19:23:41,Staff,Male,61+,Low
CASE000644,Lab Test,2026-01-23 19:29:32,Staff,Female,61+,Low
CASE000644,Doctor Consultation,2026-01-23 19:52:08,Dr. Khan,Female,61+,Low
CASE000644,Treatment,2026-01-23 20:18:12,Dr. Khan,Female,61+,Low
CASE000618,Registration,2026-01-23 20:23:14,Staff,Male,18-40,Low
CASE000644,Discharge,2026-01-23 20:35:12,Staff,Female,61+,Low
CASE000618,Triage,2026-01-23 20:40:26,Staff,Male,18-40,Low
CASE000618,X-Ray,2026-01-23 21:16:13,Staff,Male,18-40,Low
CASE000618,Doctor Consultation,2026-01-23 21:40:00,Dr. Sharma,Male,18-40,Low
CASE000048,Registration,2026-01-23 21:43:50,Staff,Male,61+,Low
CASE000048,Triage,2026-01-23 22:01:53,Staff,Male,61+,Low
CASE000618,Treatment,2026-01-23 22:03:43,Dr. Sharma,Male,18-40,Low
CASE000618,Discharge,2026-01-23 22:25:25,Staff,Male,18-40,Low
CASE000048,X-Ray,2026-01-23 22:39:28,Staff,Male,61+,Low
CASE000048,Doctor Consultation,2026-01-23 23:18:10,Dr. Reddy,Male,61+,Low
CASE000048,Treatment,2026-01-23 23:41:19,Dr. Reddy,Male,61+,Low
CASE000048,Discharge,2026-01-23 23:57:58,Staff,Male,61+,Low
CASE000285,Registration,2026-01-24 03:06:15,Staff,Female,0-17,Low
CASE000285,Triage,2026-01-24 03:19:11,Staff,Female,0-17,Low
CASE000285,Lab Test,2026-01-24 03:45:12,Staff,Female,0-17,Low
CASE000285,Doctor Consultation,2026-01-24 04:12:20,Dr. Sharma,Female,0-17,Low
CASE000285,Treatment,2026-01-24 04:30:48,Dr. Sharma,Female,0-17,Low
CASE000285,Discharge,2026-01-24 04:52:40,Staff,Female,0-17,Low
CASE000654,Registration,2026-01-24 05:47:12,Staff,Male,18-40,Medium
CASE000654,X-Ray,2026-01-24 06:16:11,Staff,Male,18-40,Medium
CASE000654,Lab Test,2026-01-24 06:49:34,Staff,Male,18-40,Medium
CASE000654,Doctor Consultation,2026-01-24 07:07:44,Dr. Iyer,Male,18-40,Medium
CASE000654,Treatment,2026-01-24 07:23:16,Dr. Iyer,Male,18-40,Medium
CASE000654,Discharge,2026-01-24 07:40:19,Staff,Male,18-40,Medium
CASE000721,Registration,2026-01-24 08:31:49,Staff,Female,41-60,Low
CASE000721,Triage,2026-01-24 08:52:55,Staff,Female,41-60,Low
CASE000721,X-Ray,2026-01-24 09:39:06,Staff,Female,41-60,Low
CASE000721,Triage,2026-01-24 09:56:03,Staff,Female,41-60,Low
CASE000721,X-Ray,2026-01-24 10:32:26,Staff,Female,41-60,Low
CASE000340,Registration,2026-01-24 11:03:15,Staff,Female,61+,Medium
CASE000721,Doctor Consultation,2026-01-24 11:15:27,Dr. Reddy,Female,41-60,Low
CASE000340,Triage,2026-01-24 11:22:32,Staff,Female,61+,Medium
CASE000721,Treatment,2026-01-24 11:38:35,Dr. Reddy,Female,41-60,Low
CASE000721,Discharge,2026-01-24 12:05:17,Staff,Female,41-60,Low
CASE000340,X-Ray,2026-01-24 12:24:18,Staff,Female,61+,Medium
CASE000340,Triage,2026-01-24 12:44:52,Staff,Female,61+,Medium
CASE000512,Registration,2026-01-24 13:11:03,Staff,Female,41-60,Medium
CASE000340,X-Ray,2026-01-24 13:13:12,Staff,Female,61+,Medium
CASE000512,Triage,2026-01-24 13:25:47,Staff,Female,41-60,Medium
CASE000340,Lab Test,2026-01-24 13:41:41,Staff,Female,61+,Medium
CASE000512,X-Ray,2026-01-24 13:49:48,Staff,Female,41-60,Medium
CASE000340,Doctor Consultation,2026-01-24 14:14:03,Dr. Sharma,Female,61+,Medium
CASE000512,Doctor Consultation,2026-01-24 14:15:51,Dr. Khan,Female,41-60,Medium
CASE000340,Treatment,2026-01-24 14:32:24,Dr. Sharma,Female,61+,Medium
CASE000512,Treatment,2026-01-24 14:35:14,Dr. Khan,Female,41-60,Medium
CASE000512,Admission,2026-01-24 14:56:49,Staff,Female,41-60,Medium
CASE000340,Discharge,2026-01-24 15:03:06,Staff,Female,61+,Medium
CASE000159,Registration,2026-01-24 16:34:06,Staff,Female,61+,Low
CASE000159,Triage,2026-01-24 16:56:17,Staff,Female,61+,Low
CASE000159,X-Ray,2026-01-24 17:18:36,Staff,Female,61+,Low
CASE000448,Registration,2026-01-24 17:20:02,Staff,Male,18-40,Low
CASE000990,Registration,2026-01-24 17:27:02,Staff,Male,41-60,Medium
CASE000448,Triage,2026-01-24 17:27:50,Staff,Male,18-40,Low
CASE000159,Doctor Consultation,2026-01-24 17:38:16,Dr. Patel,Female,61+,Low
CASE000757,Registration,2026-01-24 17:42:03,Staff,Female,41-60,Medium
CASE000225,Registration,2026-01-24 17:43:13,Staff,Female,41-60,Low
CASE000448,X-Ray,2026-01-24 17:45:35,Staff,Male,18-40,Low
CASE000990,Triage,2026-01-24 17:46:14,Staff,Male,41-60,Medium
CASE000207,Registration,2026-01-24 17:47:17,Staff,Female,0-17,Low
CASE000159,Treatment,2026-01-24 17:50:50,Dr. Patel,Female,61+,Low
CASE000757,Triage,2026-01-24 18:00:07,Staff,Female,41-60,Medium
CASE000225,Triage,2026-01-24 18:03:36,Staff,Female,41-60,Low
CASE000207,Triage,2026-01-24 18:10:00,Staff,Female,0-17,Low
CASE000990,Doctor Consultation,2026-01-24 18:11:23,Dr. Iyer,Male,41-60,Medium
CASE000225,Doctor Consultation,2026-01-24 18:18:41,Dr. Iyer,Female,41-60,Low
CASE000159,Discharge,2026-01-24 18:20:30,Staff,Female,61+,Low
CASE000757,X-Ray,2026-01-24 18:27:29,Staff,Female,41-60,Medium
CASE000448,Lab Test,2026-01-24 18:28:17,Staff,Male,18-40,Low
CASE000207,X-Ray,2026-01-24 18:29:36,Staff,Female,0-17,Low
CASE000990,Treatment,2026-01-24 18:31:41,Dr. Iyer,Male,41-60,Medium
CASE000225,Treatment,2026-01-24 18:33:03,Dr. Iyer,Female,41-60,Low
CASE000757,Doctor Consultation,2026-01-24 18:44:04,Dr. Reddy,Female,41-60,Medium
CASE000225,Admission,2026-01-24 18:45:01,Staff,Female,41-60,Low
CASE000448,Doctor Consultation,2026-01-24 18:48:27,Dr. Khan,Male,18-40,Low
CASE000990,Admission,2026-01-24 18:56:38,Staff,Male,41-60,Medium
CASE000207,Lab Test,2026-01-24 18:57:48,Staff,Female,0-17,Low
CASE000448,Treatment,2026-01-24 18:58:39,Dr. Khan,Male,18-40,Low
CASE000448,Discharge,2026-01-24 19:09:11,Staff,Male,18-40,Low
CASE000757,Treatment,2026-01-24 19:12:43,Dr. Reddy,Female,41-60,Medium
CASE000238,Registration,2026-01-24 19:22:02,Staff,Female,0-17,Low
CASE000207,Doctor Consultation,2026-01-24 19:24:46,Dr. Khan,Female,0-17,Low
CASE000757,Admission,2026-01-24 19:31:11,Staff,Female,41-60,Medium
CASE000562,Registration,2026-01-24 19:35:31,Staff,Male,61+,Medium
CASE000487,Registration,2026-01-24 19:41:33,Staff,Male,0-17,Low
CASE000207,Treatment,2026-01-24 19:42:34,Dr. Khan,Female,0-17,Low
CASE000238,Triage,2026-01-24 19:42:50,Staff,Female,0-17,Low
CASE000575,Registration,2026-01-24 19:42:57,Staff,Male,41-60,Low
CASE000575,Triage,2026-01-24 19:56:26,Staff,Male,41-60,Low
CASE000562,Triage,2026-01-24 19:59:01,Staff,Male,61+,Medium
CASE000207,Discharge,2026-01-24 20:00:07,Staff,Female,0-17,Low
CASE000487,Triage,2026-01-24 20:07:32,Staff,Male,0-17,Low
CASE000238,Doctor Consultation,2026-01-24 20:12:11,Dr. Iyer,Female,0-17,Low
CASE000575,X-Ray,2026-01-24 20:15:37,Staff,Male,41-60,Low
CASE000575,Triage,2026-01-24 20:21:50,Staff,Male,41-60,Low
CASE000562,X-Ray,2026-01-24 20:31:32,Staff,Male,61+,Medium
CASE000238,Treatment,2026-01-24 20:33:27,Dr. Iyer,Female,0-17,Low
CASE000487,X-Ray,2026-01-24 20:43:14,Staff,Male,0-17,Low
CASE000562,Triage,2026-01-24 20:53:27,Staff,Male,61+,Medium
CASE000238,Admission,2026-01-24 20:54:45,Staff,Female,0-17,Low
CASE000575,X-Ray,2026-01-24 20:55:57,Staff,Male,41-60,Low
CASE000575,Lab Test,2026-01-24 21:15:55,Staff,Male,41-60,Low
CASE000487,Doctor Consultation,2026-01-24 21:24:35,Dr. Sharma,Male,0-17,Low
CASE000575,Doctor Consultation,2026-01-24 21:30:32,Dr. Patel,Male,41-60,Low
CASE000562,X-Ray,2026-01-24 21:31:56,Staff,Male,61+,Medium
CASE000487,Treatment,2026-01-24 21:39:31,Dr. Sharma,Male,0-17,Low
CASE000575,Treatment,2026-01-24 21:46:46,Dr. Patel,Male,41-60,Low
CASE000575,Admission,2026-01-24 22:03:54,Staff,Male,41-60,Low
CASE000562,Doctor Consultation,2026-01-24 22:10:28,Dr. Iyer,Male,61+,Medium
CASE000487,Discharge,2026-01-24 22:12:03,Staff,Male,0-17,Low
CASE000562,Treatment,2026-01-24 22:30:01,Dr. Iyer,Male,61+,Medium
CASE000562,Discharge,2026-01-24 22:41:49,Staff,Male,61+,Medium
CASE000322,Registration,2026-01-25 00:43:28,Staff,Female,61+,Medium
CASE000322,Triage,2026-01-25 01:04:29,Staff,Female,61+,Medium
CASE000322,Doctor Consultation,2026-01-25 01:44:29,Dr. Reddy,Female,61+,Medium
CASE000322,Treatment,2026-01-25 02:04:48,Dr. Reddy,Female,61+,Medium
CASE000322,Discharge,2026-01-25 02:27:55,Staff,Female,61+,Medium
CASE000704,Registration,2026-01-25 07:04:08,Staff,Male,0-17,High
CASE000704,Triage,2026-01-25 07:29:44,Staff,Male,0-17,High
CASE000704,X-Ray,2026-01-25 07:58:27,Staff,Male,0-17,High
CASE000704,Triage,2026-01-25 08:27:21,Staff,Male,0-17,High
CASE000704,X-Ray,2026-01-25 09:09:56,Staff,Male,0-17,High
CASE000514,Registration,2026-01-25 09:14:29,Staff,Female,41-60,Low
CASE000514,Triage,2026-01-25 09:42:39,Staff,Female,41-60,Low
CASE000704,Lab Test,2026-01-25 09:57:59,Staff,Male,0-17,High
CASE000176,Registration,2026-01-25 10:14:53,Staff,Female,18-40,Low
CASE000704,Doctor Consultation,2026-01-25 10:25:18,Dr. Khan,Male,0-17,High
CASE000176,Triage,2026-01-25 10:37:51,Staff,Female,18-40,Low
CASE000704,Treatment,2026-01-25 10:46:06,Dr. Khan,Male,0-17,High
CASE000130,Registration,2026-01-25 10:49:39,Staff,Male,41-60,High
CASE000514,X-Ray,2026-01-25 10:51:59,Staff,Female,41-60,Low
CASE000176,Lab Test,2026-01-25 10:58:09,Staff,Female,18-40,Low
CASE000704,Discharge,2026-01-25 11:04:02,Staff,Male,0-17,High
CASE000130,Triage,2026-01-25 11:15:39,Staff,Male,41-60,High
CASE000176,Doctor Consultation,2026-01-25 11:23:51,Dr. Reddy,Female,18-40,Low
CASE000514,Lab Test,2026-01-25 11:29:07,Staff,Female,41-60,Low
CASE000176,Treatment,2026-01-25 11:31:33,Dr. Reddy,Female,18-40,Low
CASE000176,Discharge,2026-01-25 11:46:18,Staff,Female,18-40,Low
CASE000130,Doctor Consultation,2026-01-25 12:00:23,Dr. Iyer,Male,41-60,High
CASE000130,Treatment,2026-01-25 12:13:32,Dr. Iyer,Male,41-60,High
CASE000514,Doctor Consultation,2026-01-25 12:15:49,Dr. Iyer,Female,41-60,Low
CASE000514,Treatment,2026-01-25 12:33:16,Dr. Iyer,Female,41-60,Low
CASE000130,Discharge,2026-01-25 12:37:25,Staff,Male,41-60,High
CASE000514,Discharge,2026-01-25 12:57:13,Staff,Female,41-60,Low
CASE000574,Registration,2026-01-25 13:18:11,Staff,Male,41-60,Medium
CASE000183,Registration,2026-01-25 13:19:43,Staff,Female,18-40,Medium
CASE000183,Triage,2026-01-25 13:32:15,Staff,Female,18-40,Medium
CASE000574,Triage,2026-01-25 13:35:57,Staff,Male,41-60,Medium
CASE000183,X-Ray,2026-01-25 13:52:06,Staff,Female,18-40,Medium
CASE000574,Doctor Consultation,2026-01-25 14:05:57,Dr. Patel,Male,41-60,Medium
CASE000183,Triage,2026-01-25 14:10:07,Staff,Female,18-40,Medium
CASE000574,Treatment,2026-01-25 14:25:57,Dr. Patel,Male,41-60,Medium
CASE000183,X-Ray,2026-01-25 14:40:13,Staff,Female,18-40,Medium
CASE000574,Discharge,2026-01-25 14:45:53,Staff,Male,41-60,Medium
CASE000299,Registration,2026-01-25 14:46:58,Staff,Female,41-60,High
CASE000299,Triage,2026-01-25 15:03:05,Staff,Female,41-60,High
CASE000183,Lab Test,2026-01-25 15:11:34,Staff,Female,18-40,Medium
CASE000183,Doctor Consultation,2026-01-25 15:32:27,Dr. Iyer,Female,18-40,Medium
CASE000299,X-Ray,2026-01-25 15:42:43,Staff,Female,41-60,High
CASE000183,Treatment,2026-01-25 15:46:05,Dr. Iyer,Female,18-40,Medium
CASE000299,Triage,2026-01-25 16:02:49,Staff,Female,41-60,High
CASE000183,Discharge,2026-01-25 16:14:23,Staff,Female,18-40,Medium
CASE000299,X-Ray,2026-01-25 16:21:21,Staff,Female,41-60,High
CASE000299,Doctor Consultation,2026-01-25 16:47:15,Dr. Patel,Female,41-60,High
CASE000299,Treatment,2026-01-25 16:59:32,Dr. Patel,Female,41-60,High
CASE000299,Discharge,2026-01-25 17:21:11,Staff,Female,41-60,High
CASE000652,Registration,2026-01-25 17:21:57,Staff,Male,61+,Low
CASE000652,Triage,2026-01-25 17:39:06,Staff,Male,61+,Low
CASE000323,Registration,2026-01-25 18:00:55,Staff,Female,18-40,High
CASE000652,X-Ray,2026-01-25 18:10:40,Staff,Male,61+,Low
CASE000323,Triage,2026-01-25 18:23:34,Staff,Female,18-40,High
CASE000323,Doctor Consultation,2026-01-25 18:43:34,Dr. Khan,Female,18-40,High
CASE000652,Doctor Consultation,2026-01-25 18:52:45,Dr. Iyer,Male,61+,Low
CASE000323,Treatment,2026-01-25 19:01:02,Dr. Khan,Female,18-40,High
CASE000652,Treatment,2026-01-25 19:06:03,Dr. Iyer,Male,61+,Low
CASE000412,Registration,2026-01-25 19:21:11,Staff,Female,18-40,Low
CASE000652,Discharge,2026-01-25 19:31:05,Staff,Male,61+,Low
CASE000412,Triage,2026-01-25 19:34:55,Staff,Female,18-40,Low
CASE000323,Discharge,2026-01-25 19:35:49,Staff,Female,18-40,High
CASE000412,Doctor Consultation,2026-01-25 19:59:49,Dr. Patel,Female,18-40,Low
CASE000412,Treatment,2026-01-25 20:19:55,Dr. Patel,Female,18-40,Low
CASE000412,Discharge,2026-01-25 20:38:49,Staff,Female,18-40,Low
CASE000871,Registration,2026-01-25 20:40:06,Staff,Female,18-40,Medium
CASE000871,Triage,2026-01-25 21:04:48,Staff,Female,18-40,Medium
CASE000871,Doctor Consultation,2026-01-25 21:26:47,Dr. Iyer,Female,18-40,Medium
CASE000871,Treatment,2026-01-25 21:47:04,Dr. Iyer,Female,18-40,Medium
CASE000871,Discharge,2026-01-25 22:09:11,Staff,Female,18-40,Medium
CASE000765,Registration,2026-01-26 02:31:36,Staff,Male,61+,Medium
CASE000765,Triage,2026-01-26 02:46:51,Staff,Male,61+,Medium
CASE000765,Lab Test,2026-01-26 03:09:19,Staff,Male,61+,Medium
CASE000765,Doctor Consultation,2026-01-26 03:39:04,Dr. Patel,Male,61+,Medium
CASE000765,Treatment,2026-01-26 04:07:16,Dr. Patel,Male,61+,Medium
CASE000765,Discharge,2026-01-26 04:28:05,Staff,Male,61+,Medium
CASE000976,Registration,2026-01-26 05:18:35,Staff,Female,18-40,Low
CASE000976,Triage,2026-01-26 05:38:24,Staff,Female,18-40,Low
CASE000976,Doctor Consultation,2026-01-26 06:02:36,Dr. Iyer,Female,18-40,Low
CASE000976,Treatment,2026-01-26 06:27:29,Dr. Iyer,Female,18-40,Low
CASE000976,Discharge,2026-01-26 06:49:40,Staff,Female,18-40,Low
CASE000221,Registration,2026-01-26 08:06:42,Staff,Female,41-60,Low
CASE000221,Triage,2026-01-26 08:25:38,Staff,Female,41-60,Low
CASE000221,X-Ray,2026-01-26 09:26:26,Staff,Female,41-60,Low
CASE000458,Registration,2026-01-26 10:06:32,Staff,Female,41-60,Medium
CASE000221,Doctor Consultation,2026-01-26 10:19:16,Dr. Sharma,Female,41-60,Low
CASE000221,Treatment,2026-01-26 10:34:59,Dr. Sharma,Female,41-60,Low
CASE000458,Triage,2026-01-26 10:38:20,Staff,Female,41-60,Medium
CASE000221,Discharge,2026-01-26 10:41:54,Staff,Female,41-60,Low
CASE000458,Doctor Consultation,2026-01-26 11:29:48,Dr. Sharma,Female,41-60,Medium
CASE000458,Treatment,2026-01-26 11:56:39,Dr. Sharma,Female,41-60,Medium
CASE000390,Registration,2026-01-26 12:00:32,Staff,Female,0-17,High
CASE000390,Triage,2026-01-26 12:11:40,Staff,Female,0-17,High
CASE000458,Discharge,2026-01-26 12:13:34,Staff,Female,41-60,Medium
CASE000390,X-Ray,2026-01-26 12:38:26,Staff,Female,0-17,High
CASE000390,Triage,2026-01-26 12:52:24,Staff,Female,0-17,High
CASE000390,X-Ray,2026-01-26 13:33:57,Staff,Female,0-17,High
CASE000390,Lab Test,2026-01-26 14:14:32,Staff,Female,0-17,High
CASE000390,Doctor Consultation,2026-01-26 14:35:53,Dr. Patel,Female,0-17,High
CASE000390,Treatment,2026-01-26 15:06:26,Dr. Patel,Female,0-17,High
CASE000390,Discharge,2026-01-26 15:24:01,Staff,Female,0-17,High
CASE000430,Registration,2026-01-26 17:37:08,Staff,Male,18-40,Medium
CASE000430,Triage,2026-01-26 17:45:59,Staff,Male,18-40,Medium
CASE000430,X-Ray,2026-01-26 18:05:36,Staff,Male,18-40,Medium
CASE000430,Lab Test,2026-01-26 18:32:37,Staff,Male,18-40,Medium
CASE000227,Registration,2026-01-26 18:59:29,Staff,Male,18-40,Low
CASE000227,Triage,2026-01-26 19:07:43,Staff,Male,18-40,Low
CASE000430,Doctor Consultation,2026-01-26 19:10:05,Dr. Sharma,Male,18-40,Medium
CASE000576,Registration,2026-01-26 19:12:09,Staff,Male,41-60,Medium
CASE000576,Triage,2026-01-26 19:24:21,Staff,Male,41-60,Medium
CASE000227,Doctor Consultation,2026-01-26 19:29:46,Dr. Patel,Male,18-40,Low
CASE000430,Treatment,2026-01-26 19:30:36,Dr. Sharma,Male,18-40,Medium
CASE000227,Treatment,2026-01-26 19:49:51,Dr. Patel,Male,18-40,Low
CASE000576,Doctor Consultation,2026-01-26 19:55:34,Dr. Iyer,Male,41-60,Medium
CASE000430,Discharge,2026-01-26 19:58:23,Staff,Male,18-40,Medium
CASE000227,Discharge,2026-01-26 20:04:08,Staff,Male,18-40,Low
CASE000576,Treatment,2026-01-26 20:13:10,Dr. Iyer,Male,41-60,Medium
CASE000576,Discharge,2026-01-26 20:20:02,Staff,Male,41-60,Medium
CASE000375,Registration,2026-01-26 21:26:30,Staff,Female,0-17,Low
CASE000375,Triage,2026-01-26 21:40:58,Staff,Female,0-17,Low
CASE000375,Lab Test,2026-01-26 22:12:39,Staff,Female,0-17,Low
CASE000838,Registration,2026-01-26 22:15:38,Staff,Male,18-40,Medium
CASE000838,Triage,2026-01-26 22:30:16,Staff,Male,18-40,Medium
CASE000375,Doctor Consultation,2026-01-26 22:33:44,Dr. Iyer,Female,0-17,Low
CASE000296,Registration,2026-01-26 22:42:58,Staff,Male,18-40,Medium
CASE000296,Triage,2026-01-26 22:50:16,Staff,Male,18-40,Medium
CASE000375,Treatment,2026-01-26 22:50:55,Dr. Iyer,Female,0-17,Low
CASE000838,X-Ray,2026-01-26 23:10:57,Staff,Male,18-40,Medium
CASE000375,Discharge,2026-01-26 23:15:23,Staff,Female,0-17,Low
CASE000296,Doctor Consultation,2026-01-26 23:21:07,Dr. Reddy,Male,18-40,Medium
CASE000838,Doctor Consultation,2026-01-26 23:38:50,Dr. Khan,Male,18-40,Medium
CASE000296,Treatment,2026-01-26 23:43:22,Dr. Reddy,Male,18-40,Medium
CASE000838,Treatment,2026-01-26 23:54:00,Dr. Khan,Male,18-40,Medium
CASE000296,Discharge,2026-01-27 00:10:39,Staff,Male,18-40,Medium
CASE000838,Discharge,2026-01-27 00:15:27,Staff,Male,18-40,Medium
CASE000524,Registration,2026-01-27 08:41:31,Staff,Female,18-40,Low
CASE000803,Registration,2026-01-27 08:47:03,Staff,Male,61+,Medium
CASE000266,Registration,2026-01-27 08:51:50,Staff,Male,41-60,Medium
CASE000586,Registration,2026-01-27 08:54:43,Staff,Male,18-40,Medium
CASE000586,Triage,2026-01-27 09:06:27,Staff,Male,18-40,Medium
CASE000803,Triage,2026-01-27 09:13:13,Staff,Male,61+,Medium
CASE000524,Triage,2026-01-27 09:13:47,Staff,Female,18-40,Low
CASE000266,Triage,2026-01-27 09:22:26,Staff,Male,41-60,Medium
CASE000803,Doctor Consultation,2026-01-27 09:35:17,Dr. Reddy,Male,61+,Medium
CASE000586,Lab Test,2026-01-27 09:35:25,Staff,Male,18-40,Medium
CASE000503,Registration,2026-01-27 09:49:02,Staff,Female,61+,Low
CASE000803,Treatment,2026-01-27 09:53:38,Dr. Reddy,Male,61+,Medium
CASE000586,Doctor Consultation,2026-01-27 10:06:36,Dr. Iyer,Male,18-40,Medium
CASE000266,X-Ray,2026-01-27 10:14:35,Staff,Male,41-60,Medium
CASE000803,Admission,2026-01-27 10:19:50,Staff,Male,61+,Medium
CASE000503,Triage,2026-01-27 10:24:05,Staff,Female,61+,Low
CASE000586,Treatment,2026-01-27 10:31:03,Dr. Iyer,Male,18-40,Medium
CASE000524,X-Ray,2026-01-27 10:33:40,Staff,Female,18-40,Low
CASE000524,Triage,2026-01-27 10:48:37,Staff,Female,18-40,Low
CASE000306,Registration,2026-01-27 10:57:04,Staff,Male,61+,Low
CASE000586,Discharge,2026-01-27 11:00:33,Staff,Male,18-40,Medium
CASE000266,Doctor Consultation,2026-01-27 11:04:07,Dr. Patel,Male,41-60,Medium
CASE000790,Registration,2026-01-27 11:04:33,Staff,Female,41-60,Medium
CASE000620,Registration,2026-01-27 11:07:48,Staff,Female,41-60,Low
CASE000306,Triage,2026-01-27 11:16:23,Staff,Male,61+,Low
CASE000503,X-Ray,2026-01-27 11:21:46,Staff,Female,61+,Low
CASE000266,Treatment,2026-01-27 11:23:36,Dr. Patel,Male,41-60,Medium
CASE000620,Triage,2026-01-27 11:30:02,Staff,Female,41-60,Low
CASE000266,Admission,2026-01-27 11:39:50,Staff,Male,41-60,Medium
CASE000306,Doctor Consultation,2026-01-27 11:45:45,Dr. Khan,Male,61+,Low
CASE000503,Triage,2026-01-27 11:50:35,Staff,Female,61+,Low
CASE000524,X-Ray,2026-01-27 11:52:46,Staff,Female,18-40,Low
CASE000306,Treatment,2026-01-27 12:09:27,Dr. Khan,Male,61+,Low
CASE000790,X-Ray,2026-01-27 12:10:25,Staff,Female,41-60,Medium
CASE000620,X-Ray,2026-01-27 12:11:13,Staff,Female,41-60,Low
CASE000503,X-Ray,2026-01-27 12:21:25,Staff,Female,61+,Low
CASE000620,Triage,2026-01-27 12:22:53,Staff,Female,41-60,Low
CASE000524,Lab Test,2026-01-27 12:25:51,Staff,Female,18-40,Low
CASE000306,Admission,2026-01-27 12:30:46,Staff,Male,61+,Low
CASE000790,Lab Test,2026-01-27 12:33:50,Staff,Female,41-60,Medium
CASE000503,Doctor Consultation,2026-01-27 12:44:19,Dr. Khan,Female,61+,Low
CASE000620,X-Ray,2026-01-27 12:44:40,Staff,Female,41-60,Low
CASE000524,Doctor Consultation,2026-01-27 12:50:48,Dr. Patel,Female,18-40,Low
CASE000524,Treatment,2026-01-27 13:02:39,Dr. Patel,Female,18-40,Low
CASE000503,Treatment,2026-01-27 13:04:50,Dr. Khan,Female,61+,Low
CASE000790,Doctor Consultation,2026-01-27 13:11:46,Dr. Patel,Female,41-60,Medium
CASE000524,Discharge,2026-01-27 13:20:19,Staff,Female,18-40,Low
CASE000790,Treatment,2026-01-27 13:27:45,Dr. Patel,Female,41-60,Medium
CASE000620,Lab Test,2026-01-27 13:29:03,Staff,Female,41-60,Low
CASE000503,Discharge,2026-01-27 13:29:22,Staff,Female,61+,Low
CASE000620,Doctor Consultation,2026-01-27 13:55:17,Dr. Reddy,Female,41-60,Low
CASE000790,Discharge,2026-01-27 13:57:06,Staff,Female,41-60,Medium
CASE000545,Registration,2026-01-27 14:02:37,Staff,Female,61+,Low
CASE000620,Treatment,2026-01-27 14:12:42,Dr. Reddy,Female,41-60,Low
CASE000545,Triage,2026-01-27 14:26:04,Staff,Female,61+,Low
CASE000620,Discharge,2026-01-27 14:26:25,Staff,Female,41-60,Low
CASE000545,X-Ray,2026-01-27 14:49:56,Staff,Female,61+,Low
CASE000545,Triage,2026-01-27 15:01:37,Staff,Female,61+,Low
CASE000545,X-Ray,2026-01-27 15:24:12,Staff,Female,61+,Low
CASE000545,Doctor Consultation,2026-01-27 15:40:58,Dr. Reddy,Female,61+,Low
CASE000545,Treatment,2026-01-27 15:52:00,Dr. Reddy,Female,61+,Low
CASE000545,Discharge,2026-01-27 16:05:45,Staff,Female,61+,Low
CASE000850,Registration,2026-01-27 17:24:51,Staff,Female,18-40,Medium
CASE000893,Registration,2026-01-27 17:29:41,Staff,Male,0-17,Medium
CASE000136,Registration,2026-01-27 17:32:31,Staff,Male,18-40,Medium
CASE000136,Triage,2026-01-27 17:38:16,Staff,Male,18-40,Medium
CASE000850,Triage,2026-01-27 17:38:51,Staff,Female,18-40,Medium
CASE000893,Triage,2026-01-27 17:43:59,Staff,Male,0-17,Medium
CASE000136,X-Ray,2026-01-27 18:00:54,Staff,Male,18-40,Medium
CASE000850,Doctor Consultation,2026-01-27 18:08:05,Dr. Sharma,Female,18-40,Medium
CASE000893,X-Ray,2026-01-27 18:09:10,Staff,Male,0-17,Medium
CASE000830,Registration,2026-01-27 18:15:56,Staff,Male,41-60,Medium
CASE000850,Treatment,2026-01-27 18:18:49,Dr. Sharma,Female,18-40,Medium
CASE000830,Triage,2026-01-27 18:39:00,Staff,Male,41-60,Medium
CASE000136,Lab Test,2026-01-27 18:41:17,Staff,Male,18-40,Medium
CASE000893,Doctor Consultation,2026-01-27 18:45:18,Dr. Reddy,Male,0-17,Medium
CASE000232,Registration,2026-01-27 18:50:50,Staff,Male,0-17,Low
CASE000850,Discharge,2026-01-27 18:51:03,Staff,Female,18-40,Medium
CASE000893,Treatment,2026-01-27 19:04:30,Dr. Reddy,Male,0-17,Medium
CASE000136,Doctor Consultation,2026-01-27 19:06:49,Dr. Iyer,Male,18-40,Medium
CASE000830,X-Ray,2026-01-27 19:13:03,Staff,Male,41-60,Medium
CASE000232,Triage,2026-01-27 19:14:07,Staff,Male,0-17,Low
CASE000893,Admission,2026-01-27 19:20:02,Staff,Male,0-17,Medium
CASE000232,Doctor Consultation,2026-01-27 19:33:14,Dr. Patel,Male,0-17,Low
CASE000136,Treatment,2026-01-27 19:35:59,Dr. Iyer,Male,18-40,Medium
CASE000830,Lab Test,2026-01-27 19:36:32,Staff,Male,41-60,Medium
CASE000232,Treatment,2026-01-27 19:51:00,Dr. Patel,Male,0-17,Low
CASE000136,Discharge,2026-01-27 19:58:25,Staff,Male,18-40,Medium
CASE000830,Doctor Consultation,2026-01-27 19:59:23,Dr. Patel,Male,41-60,Medium
CASE000830,Treatment,2026-01-27 20:14:31,Dr. Patel,Male,41-60,Medium
CASE000232,Discharge,2026-01-27 20:15:29,Staff,Male,0-17,Low
CASE000830,Discharge,2026-01-27 20:38:49,Staff,Male,41-60,Medium
CASE000332,Registration,2026-01-27 22:59:01,Staff,Male,18-40,Medium
CASE000332,Triage,2026-01-27 23:15:17,Staff,Male,18-40,Medium
CASE000361,Registration,2026-01-27 23:43:51,Staff,Female,18-40,Low
CASE000332,X-Ray,2026-01-27 23:49:19,Staff,Male,18-40,Medium
CASE000361,Triage,2026-01-28 00:04:27,Staff,Female,18-40,Low
CASE000332,Doctor Consultation,2026-01-28 00:04:36,Dr. Patel,Male,18-40,Medium
CASE000420,Registration,2026-01-28 00:08:18,Staff,Male,18-40,Low
CASE000332,Treatment,2026-01-28 00:16:02,Dr. Patel,Male,18-40,Medium
CASE000361,X-Ray,2026-01-28 00:17:22,Staff,Female,18-40,Low
CASE000420,Triage,2026-01-28 00:17:55,Staff,Male,18-40,Low
CASE000420,Doctor Consultation,2026-01-28 00:40:30,Dr. Khan,Male,18-40,Low
CASE000332,Admission,2026-01-28 00:41:49,Staff,Male,18-40,Medium
CASE000361,Doctor Consultation,2026-01-28 00:46:39,Dr. Iyer,Female,18-40,Low
CASE000420,Treatment,2026-01-28 00:59:58,Dr. Khan,Male,18-40,Low
CASE000361,Treatment,2026-01-28 01:16:58,Dr. Iyer,Female,18-40,Low
CASE000420,Discharge,2026-01-28 01:22:37,Staff,Male,18-40,Low
CASE000361,Discharge,2026-01-28 01:44:10,Staff,Female,18-40,Low
CASE000251,Registration,2026-01-28 09:09:17,Staff,Female,18-40,Low
CASE000251,Triage,2026-01-28 09:27:31,Staff,Female,18-40,Low
CASE000251,Lab Test,2026-01-28 09:54:59,Staff,Female,18-40,Low
CASE000251,Doctor Consultation,2026-01-28 10:30:10,Dr. Khan,Female,18-40,Low
CASE000251,Treatment,2026-01-28 10:42:42,Dr. Khan,Female,18-40,Low
CASE000251,Discharge,2026-01-28 11:08:02,Staff,Female,18-40,Low
CASE000310,Registration,2026-01-28 12:08:03,Staff,Female,18-40,Medium
CASE000310,Triage,2026-01-28 12:25:55,Staff,Female,18-40,Medium
CASE000310,X-Ray,2026-01-28 12:49:53,Staff,Female,18-40,Medium
CASE000310,Triage,2026-01-28 13:09:17,Staff,Female,18-40,Medium
CASE000874,Registration,2026-01-28 13:27:55,Staff,Male,41-60,Low
CASE000310,X-Ray,2026-01-28 13:31:17,Staff,Female,18-40,Medium
CASE000310,Lab Test,2026-01-28 13:54:44,Staff,Female,18-40,Medium
CASE000874,Doctor Consultation,2026-01-28 13:58:07,Dr. Reddy,Male,41-60,Low
CASE000874,Treatment,2026-01-28 14:12:17,Dr. Reddy,Male,41-60,Low
CASE000310,Doctor Consultation,2026-01-28 14:25:25,Dr. Sharma,Female,18-40,Medium
CASE000874,Discharge,2026-01-28 14:27:44,Staff,Male,41-60,Low
CASE000310,Treatment,2026-01-28 14:35:01,Dr. Sharma,Female,18-40,Medium
CASE000310,Discharge,2026-01-28 14:41:40,Staff,Female,18-40,Medium
CASE000941,Registration,2026-01-28 19:16:43,Staff,Female,18-40,Low
CASE000941,Triage,2026-01-28 19:26:33,Staff,Female,18-40,Low
CASE000941,X-Ray,2026-01-28 19:46:31,Staff,Female,18-40,Low
CASE000941,Triage,2026-01-28 20:00:00,Staff,Female,18-40,Low
CASE000941,X-Ray,2026-01-28 20:24:58,Staff,Female,18-40,Low
CASE000308,Registration,2026-01-28 20:30:33,Staff,Male,18-40,High
CASE000941,Doctor Consultation,2026-01-28 20:51:50,Dr. Iyer,Female,18-40,Low
CASE000308,Triage,2026-01-28 20:52:56,Staff,Male,18-40,High
CASE000941,Treatment,2026-01-28 21:10:26,Dr. Iyer,Female,18-40,Low
CASE000941,Admission,2026-01-28 21:22:33,Staff,Female,18-40,Low
CASE000308,Lab Test,2026-01-28 21:23:03,Staff,Male,18-40,High
CASE000308,Doctor Consultation,2026-01-28 21:47:16,Dr. Iyer,Male,18-40,High
CASE000308,Treatment,2026-01-28 22:03:38,Dr. Iyer,Male,18-40,High
CASE000308,Discharge,2026-01-28 22:18:22,Staff,Male,18-40,High
CASE000913,Registration,2026-01-28 22:34:27,Staff,Male,61+,Low
CASE000913,Triage,2026-01-28 22:49:33,Staff,Male,61+,Low
CASE000913,Lab Test,2026-01-28 23:21:57,Staff,Male,61+,Low
CASE000913,Doctor Consultation,2026-01-28 23:50:25,Dr. Iyer,Male,61+,Low
CASE000913,Treatment,2026-01-29 00:08:47,Dr. Iyer,Male,61+,Low
CASE000913,Discharge,2026-01-29 00:30:39,Staff,Male,61+,Low
CASE000597,Registration,2026-01-29 09:36:12,Staff,Male,61+,Low
CASE000597,Triage,2026-01-29 09:46:45,Staff,Male,61+,Low
CASE000474,Registration,2026-01-29 09:49:12,Staff,Male,0-17,Medium
CASE000903,Registration,2026-01-29 09:59:06,Staff,Male,18-40,Low
CASE000474,Triage,2026-01-29 10:16:12,Staff,Male,0-17,Medium
CASE000903,Triage,2026-01-29 10:22:59,Staff,Male,18-40,Low
CASE000597,X-Ray,2026-01-29 10:40:27,Staff,Male,61+,Low
CASE000597,Lab Test,2026-01-29 11:10:28,Staff,Male,61+,Low
CASE000474,X-Ray,2026-01-29 11:17:31,Staff,Male,0-17,Medium
CASE000903,X-Ray,2026-01-29 11:46:54,Staff,Male,18-40,Low
CASE000597,Doctor Consultation,2026-01-29 11:50:11,Dr. Patel,Male,61+,Low
CASE000474,Doctor Consultation,2026-01-29 12:00:18,Dr. Reddy,Male,0-17,Medium
CASE000597,Treatment,2026-01-29 12:01:35,Dr. Patel,Male,61+,Low
CASE000903,Triage,2026-01-29 12:09:58,Staff,Male,18-40,Low
CASE000597,Discharge,2026-01-29 12:16:19,Staff,Male,61+,Low
CASE000474,Treatment,2026-01-29 12:25:32,Dr. Reddy,Male,0-17,Medium
CASE000474,Admission,2026-01-29 12:39:39,Staff,Male,0-17,Medium
CASE000903,X-Ray,2026-01-29 12:44:32,Staff,Male,18-40,Low
CASE000753,Registration,2026-01-29 12:55:23,Staff,Female,18-40,Medium
CASE000753,Triage,2026-01-29 13:05:30,Staff,Female,18-40,Medium
CASE000903,Doctor Consultation,2026-01-29 13:10:50,Dr. Patel,Male,18-40,Low
CASE000753,X-Ray,2026-01-29 13:25:33,Staff,Female,18-40,Medium
CASE000903,Treatment,2026-01-29 13:37:06,Dr. Patel,Male,18-40,Low
CASE000753,Triage,2026-01-29 13:40:26,Staff,Female,18-40,Medium
CASE000903,Discharge,2026-01-29 13:59:10,Staff,Male,18-40,Low
CASE000097,Registration,2026-01-29 14:14:06,Staff,Female,18-40,Medium
CASE000753,X-Ray,2026-01-29 14:14:39,Staff,Female,18-40,Medium
CASE000140,Registration,2026-01-29 14:29:30,Staff,Male,18-40,Low
CASE000097,Triage,2026-01-29 14:36:19,Staff,Female,18-40,Medium
CASE000140,Triage,2026-01-29 14:38:30,Staff,Male,18-40,Low
CASE000753,Doctor Consultation,2026-01-29 14:45:41,Dr. Iyer,Female,18-40,Medium
CASE000753,Treatment,2026-01-29 15:00:04,Dr. Iyer,Female,18-40,Medium
CASE000140,X-Ray,2026-01-29 15:00:44,Staff,Male,18-40,Low
CASE000097,Lab Test,2026-01-29 15:00:55,Staff,Female,18-40,Medium
CASE000140,Triage,2026-01-29 15:16:06,Staff,Male,18-40,Low
CASE000753,Discharge,2026-01-29 15:26:53,Staff,Female,18-40,Medium
CASE000097,Doctor Consultation,2026-01-29 15:27:02,Dr. Khan,Female,18-40,Medium
CASE000097,Treatment,2026-01-29 15:51:26,Dr. Khan,Female,18-40,Medium
CASE000140,X-Ray,2026-01-29 15:56:27,Staff,Male,18-40,Low
CASE000097,Admission,2026-01-29 16:11:55,Staff,Female,18-40,Medium
CASE000140,Doctor Consultation,2026-01-29 16:14:36,Dr. Khan,Male,18-40,Low
CASE000140,Treatment,2026-01-29 16:27:48,Dr. Khan,Male,18-40,Low
CASE000140,Admission,2026-01-29 16:57:21,Staff,Male,18-40,Low
CASE000862,Registration,2026-01-29 17:59:36,Staff,Female,18-40,High
CASE000862,Triage,2026-01-29 18:06:49,Staff,Female,18-40,High
CASE000862,Doctor Consultation,2026-01-29 18:30:42,Dr. Reddy,Female,18-40,High
CASE000862,Treatment,2026-01-29 18:52:53,Dr. Reddy,Female,18-40,High
CASE000862,Discharge,2026-01-29 19:07:23,Staff,Female,18-40,High
CASE000352,Registration,2026-01-29 20:47:50,Staff,Female,0-17,High
CASE000352,Triage,2026-01-29 21:10:23,Staff,Female,0-17,High
CASE000352,X-Ray,2026-01-29 21:46:35,Staff,Female,0-17,High
CASE000868,Registration,2026-01-29 22:19:51,Staff,Female,41-60,Medium
CASE000352,Lab Test,2026-01-29 22:22:32,Staff,Female,0-17,High
CASE000868,Triage,2026-01-29 22:28:01,Staff,Female,41-60,Medium
CASE000352,Doctor Consultation,2026-01-29 22:39:38,Dr. Khan,Female,0-17,High
CASE000352,Treatment,2026-01-29 22:55:37,Dr. Khan,Female,0-17,High
CASE000868,Lab Test,2026-01-29 23:04:24,Staff,Female,41-60,Medium
CASE000352,Discharge,2026-01-29 23:18:22,Staff,Female,0-17,High
CASE000868,Doctor Consultation,2026-01-29 23:44:04,Dr. Reddy,Female,41-60,Medium
CASE000868,Treatment,2026-01-30 00:01:45,Dr. Reddy,Female,41-60,Medium
CASE000868,Admission,2026-01-30 00:16:54,Staff,Female,41-60,Medium
CASE000896,Registration,2026-01-30 07:01:45,Staff,Female,61+,Low
CASE000896,Triage,2026-01-30 07:23:22,Staff,Female,61+,Low
CASE000896,X-Ray,2026-01-30 07:48:55,Staff,Female,61+,Low
CASE000896,Triage,2026-01-30 08:09:45,Staff,Female,61+,Low
CASE000896,X-Ray,2026-01-30 08:48:59,Staff,Female,61+,Low
CASE000896,Doctor Consultation,2026-01-30 09:36:28,Dr. Reddy,Female,61+,Low
CASE000896,Treatment,2026-01-30 09:57:01,Dr. Reddy,Female,61+,Low
CASE000896,Discharge,2026-01-30 10:19:35,Staff,Female,61+,Low
CASE000820,Registration,2026-01-30 12:15:24,Staff,Male,18-40,Low
CASE000820,Triage,2026-01-30 12:30:30,Staff,Male,18-40,Low
CASE000820,X-Ray,2026-01-30 12:47:47,Staff,Male,18-40,Low
CASE000820,Lab Test,2026-01-30 13:22:21,Staff,Male,18-40,Low
CASE000820,Doctor Consultation,2026-01-30 14:01:47,Dr. Reddy,Male,18-40,Low
CASE000996,Registration,2026-01-30 14:07:51,Staff,Male,18-40,Medium
CASE000820,Treatment,2026-01-30 14:17:26,Dr. Reddy,Male,18-40,Low
CASE000996,Triage,2026-01-30 14:30:47,Staff,Male,18-40,Medium
CASE000820,Discharge,2026-01-30 14:40:01,Staff,Male,18-40,Low
CASE000996,X-Ray,2026-01-30 15:03:49,Staff,Male,18-40,Medium
CASE000996,Triage,2026-01-30 15:19:16,Staff,Male,18-40,Medium
CASE000996,X-Ray,2026-01-30 15:44:45,Staff,Male,18-40,Medium
CASE000996,Lab Test,2026-01-30 16:13:47,Staff,Male,18-40,Medium
CASE000996,Doctor Consultation,2026-01-30 16:50:29,Dr. Khan,Male,18-40,Medium
CASE000996,Treatment,2026-01-30 17:06:02,Dr. Khan,Male,18-40,Medium
CASE000303,Registration,2026-01-30 17:15:40,Staff,Female,41-60,Medium
CASE000996,Discharge,2026-01-30 17:29:38,Staff,Male,18-40,Medium
CASE000303,Triage,2026-01-30 17:33:57,Staff,Female,41-60,Medium
CASE000303,Lab Test,2026-01-30 18:11:13,Staff,Female,41-60,Medium
CASE000891,Registration,2026-01-30 18:22:15,Staff,Male,0-17,Medium
CASE000303,Doctor Consultation,2026-01-30 18:29:28,Dr. Sharma,Female,41-60,Medium
CASE000891,Triage,2026-01-30 18:39:35,Staff,Male,0-17,Medium
CASE000303,Treatment,2026-01-30 18:54:59,Dr. Sharma,Female,41-60,Medium
CASE000891,Lab Test,2026-01-30 19:05:24,Staff,Male,0-17,Medium
CASE000993,Registration,2026-01-30 19:07:48,Staff,Male,18-40,Medium
CASE000993,Triage,2026-01-30 19:21:22,Staff,Male,18-40,Medium
CASE000303,Discharge,2026-01-30 19:22:01,Staff,Female,41-60,Medium
CASE000891,Doctor Consultation,2026-01-30 19:33:45,Dr. Khan,Male,0-17,Medium
CASE000993,X-Ray,2026-01-30 19:44:59,Staff,Male,18-40,Medium
CASE000891,Treatment,2026-01-30 19:53:26,Dr. Khan,Male,0-17,Medium
CASE000993,Doctor Consultation,2026-01-30 20:11:24,Dr. Reddy,Male,18-40,Medium
CASE000891,Discharge,2026-01-30 20:11:49,Staff,Male,0-17,Medium
CASE000993,Treatment,2026-01-30 20:28:35,Dr. Reddy,Male,18-40,Medium
CASE000993,Discharge,2026-01-30 20:41:32,Staff,Male,18-40,Medium
CASE000700,Registration,2026-01-31 01:56:58,Staff,Female,41-60,Low
CASE000700,Triage,2026-01-31 02:12:31,Staff,Female,41-60,Low
CASE000700,Lab Test,2026-01-31 02:47:37,Staff,Female,41-60,Low
CASE000700,Doctor Consultation,2026-01-31 03:21:01,Dr. Iyer,Female,41-60,Low
CASE000700,Treatment,2026-01-31 03:43:51,Dr. Iyer,Female,41-60,Low
CASE000700,Discharge,2026-01-31 04:13:52,Staff,Female,41-60,Low
CASE000581,Registration,2026-01-31 05:47:59,Staff,Male,0-17,High
CASE000581,Triage,2026-01-31 06:08:20,Staff,Male,0-17,High
CASE000581,Doctor Consultation,2026-01-31 06:33:45,Dr. Patel,Male,0-17,High
CASE000581,Treatment,2026-01-31 06:56:14,Dr. Patel,Male,0-17,High
CASE000581,Discharge,2026-01-31 07:13:13,Staff,Male,0-17,High
CASE000450,Registration,2026-01-31 11:37:01,Staff,Male,41-60,Medium
CASE000450,Doctor Consultation,2026-01-31 12:14:51,Dr. Khan,Male,41-60,Medium
CASE000450,Treatment,2026-01-31 12:30:07,Dr. Khan,Male,41-60,Medium
CASE000450,Discharge,2026-01-31 12:41:28,Staff,Male,41-60,Medium
CASE000761,Registration,2026-01-31 15:38:58,Staff,Female,0-17,Medium
CASE000761,Triage,2026-01-31 15:58:05,Staff,Female,0-17,Medium
CASE000761,Doctor Consultation,2026-01-31 16:19:43,Dr. Iyer,Female,0-17,Medium
CASE000761,Treatment,2026-01-31 16:49:21,Dr. Iyer,Female,0-17,Medium
CASE000761,Discharge,2026-01-31 17:16:38,Staff,Female,0-17,Medium
CASE000313,Registration,2026-01-31 18:52:20,Staff,Female,18-40,Medium
CASE000313,Triage,2026-01-31 19:00:36,Staff,Female,18-40,Medium
CASE000313,X-Ray,2026-01-31 19:19:14,Staff,Female,18-40,Medium
CASE000313,Triage,2026-01-31 19:27:56,Staff,Female,18-40,Medium
CASE000313,X-Ray,2026-01-31 20:04:48,Staff,Female,18-40,Medium
CASE000313,Doctor Consultation,2026-01-31 20:44:26,Dr. Reddy,Female,18-40,Medium
CASE000313,Treatment,2026-01-31 20:59:22,Dr. Reddy,Female,18-40,Medium
CASE000313,Admission,2026-01-31 21:25:26,Staff,Female,18-40,Medium
CASE000321,Registration,2026-01-31 21:45:18,Staff,Female,61+,Low
CASE000321,Triage,2026-01-31 21:53:25,Staff,Female,61+,Low
CASE000321,Lab Test,2026-01-31 22:14:02,Staff,Female,61+,Low
CASE000321,Doctor Consultation,2026-01-31 22:44:40,Dr. Iyer,Female,61+,Low
CASE000321,Treatment,2026-01-31 23:13:39,Dr. Iyer,Female,61+,Low
CASE000321,Discharge,2026-01-31 23:29:14,Staff,Female,61+,Low
CASE000762,Registration,2026-02-01 09:35:58,Staff,Female,18-40,Low
CASE000762,Triage,2026-02-01 09:49:20,Staff,Female,18-40,Low
CASE000762,Doctor Consultation,2026-02-01 10:31:40,Dr. Reddy,Female,18-40,Low
CASE000762,Treatment,2026-02-01 10:39:32,Dr. Reddy,Female,18-40,Low
CASE000651,Registration,2026-02-01 10:52:50,Staff,Female,41-60,Low
CASE000762,Admission,2026-02-01 11:08:03,Staff,Female,18-40,Low
CASE000651,Triage,2026-02-01 11:15:55,Staff,Female,41-60,Low
CASE000651,X-Ray,2026-02-01 12:05:43,Staff,Female,41-60,Low
CASE000651,Triage,2026-02-01 12:17:32,Staff,Female,41-60,Low
CASE000651,X-Ray,2026-02-01 12:35:28,Staff,Female,41-60,Low
CASE000651,Doctor Consultation,2026-02-01 12:53:52,Dr. Sharma,Female,41-60,Low
CASE000651,Treatment,2026-02-01 13:19:20,Dr. Sharma,Female,41-60,Low
CASE000651,Discharge,2026-02-01 13:38:49,Staff,Female,41-60,Low
CASE000797,Registration,2026-02-01 14:25:36,Staff,Female,18-40,Medium
CASE000797,Triage,2026-02-01 14:46:07,Staff,Female,18-40,Medium
CASE000848,Registration,2026-02-01 15:10:57,Staff,Female,18-40,Low
CASE000797,X-Ray,2026-02-01 15:25:37,Staff,Female,18-40,Medium
CASE000848,Triage,2026-02-01 15:31:52,Staff,Female,18-40,Low
CASE000853,Registration,2026-02-01 15:31:53,Staff,Male,61+,High
CASE000848,X-Ray,2026-02-01 15:47:46,Staff,Female,18-40,Low
CASE000853,Triage,2026-02-01 15:56:32,Staff,Male,61+,High
CASE000797,Doctor Consultation,2026-02-01 15:57:38,Dr. Reddy,Female,18-40,Medium
CASE000797,Treatment,2026-02-01 16:08:07,Dr. Reddy,Female,18-40,Medium
CASE000853,X-Ray,2026-02-01 16:16:43,Staff,Male,61+,High
CASE000848,Doctor Consultation,2026-02-01 16:23:55,Dr. Sharma,Female,18-40,Low
CASE000797,Discharge,2026-02-01 16:27:12,Staff,Female,18-40,Medium
CASE000853,Triage,2026-02-01 16:30:09,Staff,Male,61+,High
CASE000727,Registration,2026-02-01 16:33:26,Staff,Female,18-40,Medium
CASE000727,Triage,2026-02-01 16:40:51,Staff,Female,18-40,Medium
CASE000848,Treatment,2026-02-01 16:52:09,Dr. Sharma,Female,18-40,Low
CASE000114,Registration,2026-02-01 16:56:32,Staff,Male,41-60,Low
CASE000727,Lab Test,2026-02-01 16:57:47,Staff,Female,18-40,Medium
CASE000853,X-Ray,2026-02-01 17:06:38,Staff,Male,61+,High
CASE000848,Discharge,2026-02-01 17:07:18,Staff,Female,18-40,Low
CASE000727,Doctor Consultation,2026-02-01 17:18:37,Dr. Iyer,Female,18-40,Medium
CASE000114,Triage,2026-02-01 17:23:03,Staff,Male,41-60,Low
CASE000853,Doctor Consultation,2026-02-01 17:40:25,Dr. Sharma,Male,61+,High
CASE000727,Treatment,2026-02-01 17:41:32,Dr. Iyer,Female,18-40,Medium
CASE000114,X-Ray,2026-02-01 17:49:24,Staff,Male,41-60,Low
CASE000853,Treatment,2026-02-01 17:53:22,Dr. Sharma,Male,61+,High
CASE000727,Discharge,2026-02-01 18:11:10,Staff,Female,18-40,Medium
CASE000853,Discharge,2026-02-01 18:15:34,Staff,Male,61+,High
CASE000114,Doctor Consultation,2026-02-01 18:24:10,Dr. Patel,Male,41-60,Low
CASE000114,Treatment,2026-02-01 18:43:22,Dr. Patel,Male,41-60,Low
CASE000114,Discharge,2026-02-01 18:56:15,Staff,Male,41-60,Low
CASE000314,Registration,2026-02-01 19:46:52,Staff,Female,41-60,Low
CASE000717,Registration,2026-02-01 19:56:38,Staff,Female,41-60,Medium
CASE000314,Triage,2026-02-01 20:09:50,Staff,Female,41-60,Low
CASE000717,Triage,2026-02-01 20:10:40,Staff,Female,41-60,Medium
CASE000314,X-Ray,2026-02-01 20:34:40,Staff,Female,41-60,Low
CASE000604,Registration,2026-02-01 20:37:25,Staff,Male,41-60,Low
CASE000314,Triage,2026-02-01 20:43:43,Staff,Female,41-60,Low
CASE000717,Doctor Consultation,2026-02-01 20:51:33,Dr. Iyer,Female,41-60,Medium
CASE000604,Triage,2026-02-01 20:52:03,Staff,Male,41-60,Low
CASE000537,Registration,2026-02-01 20:57:44,Staff,Female,18-40,Medium
CASE000717,Treatment,2026-02-01 21:08:20,Dr. Iyer,Female,41-60,Medium
CASE000537,Triage,2026-02-01 21:08:54,Staff,Female,18-40,Medium
CASE000314,X-Ray,2026-02-01 21:11:49,Staff,Female,41-60,Low
CASE000604,Doctor Consultation,2026-02-01 21:21:49,Dr. Reddy,Male,41-60,Low
CASE000604,Treatment,2026-02-01 21:32:00,Dr. Reddy,Male,41-60,Low
CASE000717,Discharge,2026-02-01 21:33:43,Staff,Female,41-60,Medium
CASE000537,Doctor Consultation,2026-02-01 21:38:47,Dr. Sharma,Female,18-40,Medium
CASE000604,Discharge,2026-02-01 21:52:54,Staff,Male,41-60,Low
CASE000314,Lab Test,2026-02-01 22:00:26,Staff,Female,41-60,Low
CASE000537,Treatment,2026-02-01 22:06:13,Dr. Sharma,Female,18-40,Medium
CASE000314,Doctor Consultation,2026-02-01 22:16:32,Dr. Sharma,Female,41-60,Low
CASE000537,Discharge,2026-02-01 22:17:29,Staff,Female,18-40,Medium
CASE000314,Treatment,2026-02-01 22:41:24,Dr. Sharma,Female,41-60,Low
CASE000314,Discharge,2026-02-01 22:56:58,Staff,Female,41-60,Low
CASE000777,Triage,2026-02-02 07:53:08,Staff,Female,18-40,Low
CASE000777,Doctor Consultation,2026-02-02 08:52:53,Dr. Sharma,Female,18-40,Low
CASE000777,Treatment,2026-02-02 09:14:27,Dr. Sharma,Female,18-40,Low
CASE000777,Admission,2026-02-02 09:40:58,Staff,Female,18-40,Low
CASE000334,Registration,2026-02-02 09:43:45,Staff,Male,18-40,Medium
CASE000780,Registration,2026-02-02 09:59:07,Staff,Female,18-40,Medium
CASE000695,Registration,2026-02-02 10:08:17,Staff,Female,18-40,Low
CASE000334,Triage,2026-02-02 10:13:41,Staff,Male,18-40,Medium
CASE000695,Triage,2026-02-02 10:25:53,Staff,Female,18-40,Low
CASE000196,Registration,2026-02-02 10:46:31,Staff,Male,18-40,Low
CASE000780,X-Ray,2026-02-02 10:53:51,Staff,Female,18-40,Medium
CASE000196,Triage,2026-02-02 11:08:18,Staff,Male,18-40,Low
CASE000780,Doctor Consultation,2026-02-02 11:26:54,Dr. Iyer,Female,18-40,Medium
CASE000695,X-Ray,2026-02-02 11:33:45,Staff,Female,18-40,Low
CASE000334,X-Ray,2026-02-02 11:35:30,Staff,Male,18-40,Medium
CASE000196,Lab Test,2026-02-02 11:36:59,Staff,Male,18-40,Low
CASE000780,Treatment,2026-02-02 11:45:27,Dr. Iyer,Female,18-40,Medium
CASE000334,Triage,2026-02-02 11:48:59,Staff,Male,18-40,Medium
CASE000890,Triage,2026-02-02 11:56:17,Staff,Female,18-40,Medium
CASE000695,Triage,2026-02-02 12:02:27,Staff,Female,18-40,Low
CASE000780,Discharge,2026-02-02 12:02:36,Staff,Female,18-40,Medium
CASE000196,Doctor Consultation,2026-02-02 12:08:19,Dr. Sharma,Male,18-40,Low
CASE000334,X-Ray,2026-02-02 12:15:16,Staff,Male,18-40,Medium
CASE000890,X-Ray,2026-02-02 12:24:06,Staff,Female,18-40,Medium
CASE000695,X-Ray,2026-02-02 12:24:26,Staff,Female,18-40,Low
CASE000774,Registration,2026-02-02 12:33:13,Staff,Male,18-40,Low
CASE000890,Triage,2026-02-02 12:34:25,Staff,Female,18-40,Medium
CASE000196,Treatment,2026-02-02 12:35:04,Dr. Sharma,Male,18-40,Low
CASE000170,Registration,2026-02-02 12:43:20,Staff,Female,41-60,Low
CASE000334,Doctor Consultation,2026-02-02 12:48:00,Dr. Reddy,Male,18-40,Medium
CASE000695,Lab Test,2026-02-02 12:51:04,Staff,Female,18-40,Low
CASE000774,Triage,2026-02-02 12:58:56,Staff,Male,18-40,Low
CASE000890,X-Ray,2026-02-02 13:00:38,Staff,Female,18-40,Medium
CASE000196,Discharge,2026-02-02 13:04:59,Staff,Male,18-40,Low
CASE000170,X-Ray,2026-02-02 13:06:10,Staff,Female,41-60,Low
CASE000334,Treatment,2026-02-02 13:12:55,Dr. Reddy,Male,18-40,Medium
CASE000695,Doctor Consultation,2026-02-02 13:19:41,Dr. Reddy,Female,18-40,Low
CASE000774,Doctor Consultation,2026-02-02 13:19:59,Dr. Khan,Male,18-40,Low
CASE000334,Admission,2026-02-02 13:36:04,Staff,Male,18-40,Medium
CASE000695,Treatment,2026-02-02 13:37:26,Dr. Reddy,Female,18-40,Low
CASE000890,Doctor Consultation,2026-02-02 13:43:16,Dr. Khan,Female,18-40,Medium
CASE000170,Lab Test,2026-02-02 13:47:20,Staff,Female,41-60,Low
CASE000890,Treatment,2026-02-02 13:51:59,Dr. Khan,Female,18-40,Medium
CASE000774,Treatment,2026-02-02 13:53:51,Dr. Khan,Male,18-40,Low
CASE000890,Discharge,2026-02-02 13:58:11,Staff,Female,18-40,Medium
CASE000695,Discharge,2026-02-02 13:58:41,Staff,Female,18-40,Low
CASE000678,Registration,2026-02-02 13:59:04,Staff,Female,18-40,Low
CASE000170,Doctor Consultation,2026-02-02 14:03:03,Dr. Patel,Female,41-60,Low
CASE000774,Discharge,2026-02-02 14:11:35,Staff,Male,18-40,Low
CASE000678,Triage,2026-02-02 14:19:47,Staff,Female,18-40,Low
CASE000170,Treatment,2026-02-02 14:21:31,Dr. Patel,Female,41-60,Low
CASE000170,Discharge,2026-02-02 14:46:17,Staff,Female,41-60,Low
CASE000678,Doctor Consultation,2026-02-02 14:46:42,Dr. Khan,Female,18-40,Low
CASE000678,Treatment,2026-02-02 15:03:53,Dr. Khan,Female,18-40,Low
CASE000678,Discharge,2026-02-02 15:15:42,Staff,Female,18-40,Low
CASE000535,Registration,2026-02-02 15:48:00,Staff,Male,61+,Low
CASE000594,Registration,2026-02-02 15:58:21,Staff,Male,61+,Low
CASE000535,Triage,2026-02-02 16:10:06,Staff,Male,61+,Low
CASE000594,Triage,2026-02-02 16:20:35,Staff,Male,61+,Low
CASE000535,X-Ray,2026-02-02 16:28:48,Staff,Male,61+,Low
CASE000594,Doctor Consultation,2026-02-02 16:46:49,Dr. Reddy,Male,61+,Low
CASE000535,Doctor Consultation,2026-02-02 16:47:18,Dr. Patel,Male,61+,Low
CASE000535,Treatment,2026-02-02 17:05:59,Dr. Patel,Male,61+,Low
CASE000594,Treatment,2026-02-02 17:10:21,Dr. Reddy,Male,61+,Low
CASE000535,Discharge,2026-02-02 17:21:12,Staff,Male,61+,Low
CASE000594,Discharge,2026-02-02 17:34:50,Staff,Male,61+,Low
CASE000362,Registration,2026-02-02 18:34:18,Staff,Male,61+,Low
CASE000362,Triage,2026-02-02 19:01:06,Staff,Male,61+,Low
CASE000362,X-Ray,2026-02-02 19:26:35,Staff,Male,61+,Low
CASE000362,Doctor Consultation,2026-02-02 19:49:25,Dr. Iyer,Male,61+,Low
CASE000362,Treatment,2026-02-02 20:14:07,Dr. Iyer,Male,61+,Low
CASE000362,Discharge,2026-02-02 20:33:45,Staff,Male,61+,Low
CASE000726,Registration,2026-02-03 05:27:22,Staff,Male,61+,Low
CASE000726,Triage,2026-02-03 05:47:01,Staff,Male,61+,Low
CASE000726,X-Ray,2026-02-03 06:12:09,Staff,Male,61+,Low
CASE000726,Doctor Consultation,2026-02-03 06:39:37,Dr. Khan,Male,61+,Low
CASE000726,Treatment,2026-02-03 07:01:13,Dr. Khan,Male,61+,Low
CASE000726,Discharge,2026-02-03 07:17:03,Staff,Male,61+,Low
CASE000262,Registration,2026-02-03 08:34:40,Staff,Male,0-17,Medium
CASE000262,Triage,2026-02-03 08:51:58,Staff,Male,0-17,Medium
CASE000262,X-Ray,2026-02-03 09:51:32,Staff,Male,0-17,Medium
CASE000262,Doctor Consultation,2026-02-03 10:23:21,Dr. Khan,Male,0-17,Medium
CASE000262,Treatment,2026-02-03 10:51:59,Dr. Khan,Male,0-17,Medium
CASE000262,Discharge,2026-02-03 11:17:54,Staff,Male,0-17,Medium
CASE000526,Registration,2026-02-03 13:05:50,Staff,Female,41-60,Low
CASE000526,Doctor Consultation,2026-02-03 13:34:26,Dr. Iyer,Female,41-60,Low
CASE000911,Registration,2026-02-03 13:50:37,Staff,Female,61+,High
CASE000526,Treatment,2026-02-03 14:02:41,Dr. Iyer,Female,41-60,Low
CASE000911,Triage,2026-02-03 14:10:22,Staff,Female,61+,High
CASE000526,Discharge,2026-02-03 14:32:44,Staff,Female,41-60,Low
CASE000911,X-Ray,2026-02-03 14:41:52,Staff,Female,61+,High
CASE000911,Triage,2026-02-03 14:52:46,Staff,Female,61+,High
CASE000465,Registration,2026-02-03 14:56:44,Staff,Female,41-60,High
CASE000465,Triage,2026-02-03 15:08:45,Staff,Female,41-60,High
CASE000911,X-Ray,2026-02-03 15:25:12,Staff,Female,61+,High
CASE000642,Registration,2026-02-03 15:40:31,Staff,Male,41-60,Low
CASE000465,X-Ray,2026-02-03 15:46:26,Staff,Female,41-60,High
CASE000642,Triage,2026-02-03 15:50:58,Staff,Male,41-60,Low
CASE000911,Doctor Consultation,2026-02-03 15:55:52,Dr. Sharma,Female,61+,High
CASE000465,Triage,2026-02-03 16:09:45,Staff,Female,41-60,High
CASE000911,Treatment,2026-02-03 16:24:56,Dr. Sharma,Female,61+,High
CASE000642,Lab Test,2026-02-03 16:34:00,Staff,Male,41-60,Low
CASE000465,X-Ray,2026-02-03 16:40:01,Staff,Female,41-60,High
CASE000911,Discharge,2026-02-03 16:40:57,Staff,Female,61+,High
CASE000642,Doctor Consultation,2026-02-03 17:00:18,Dr. Patel,Male,41-60,Low
CASE000465,Doctor Consultation,2026-02-03 17:07:23,Dr. Patel,Female,41-60,High
CASE000642,Treatment,2026-02-03 17:09:21,Dr. Patel,Male,41-60,Low
CASE000465,Treatment,2026-02-03 17:21:34,Dr. Patel,Female,41-60,High
CASE000673,Registration,2026-02-03 17:28:51,Staff,Female,18-40,Low
CASE000642,Discharge,2026-02-03 17:33:06,Staff,Male,41-60,Low
CASE000465,Discharge,2026-02-03 17:36:07,Staff,Female,41-60,High
CASE000673,Triage,2026-02-03 17:38:58,Staff,Female,18-40,Low
CASE000673,X-Ray,2026-02-03 18:07:53,Staff,Female,18-40,Low
CASE000980,Registration,2026-02-03 18:21:40,Staff,Male,18-40,Low
CASE000859,Registration,2026-02-03 18:24:42,Staff,Male,18-40,Low
CASE000673,Doctor Consultation,2026-02-03 18:33:49,Dr. Patel,Female,18-40,Low
CASE000980,Triage,2026-02-03 18:36:29,Staff,Male,18-40,Low
CASE000859,Triage,2026-02-03 18:47:39,Staff,Male,18-40,Low
CASE000673,Treatment,2026-02-03 18:53:17,Dr. Patel,Female,18-40,Low
CASE000980,Doctor Consultation,2026-02-03 18:56:37,Dr. Patel,Male,18-40,Low
CASE000673,Discharge,2026-02-03 19:06:16,Staff,Female,18-40,Low
CASE000571,Registration,2026-02-03 19:11:58,Staff,Female,18-40,Medium
CASE000980,Treatment,2026-02-03 19:18:14,Dr. Patel,Male,18-40,Low
CASE000859,X-Ray,2026-02-03 19:23:24,Staff,Male,18-40,Low
CASE000571,Triage,2026-02-03 19:24:26,Staff,Female,18-40,Medium
CASE000980,Admission,2026-02-03 19:39:53,Staff,Male,18-40,Low
CASE000571,X-Ray,2026-02-03 19:45:44,Staff,Female,18-40,Medium
CASE000859,Lab Test,2026-02-03 19:51:46,Staff,Male,18-40,Low
CASE000571,Triage,2026-02-03 19:57:46,Staff,Female,18-40,Medium
CASE000373,Registration,2026-02-03 20:08:32,Staff,Male,61+,Medium
CASE000859,Doctor Consultation,2026-02-03 20:20:44,Dr. Iyer,Male,18-40,Low
CASE000373,Triage,2026-02-03 20:24:42,Staff,Male,61+,Medium
CASE000571,X-Ray,2026-02-03 20:25:50,Staff,Female,18-40,Medium
CASE000859,Treatment,2026-02-03 20:35:49,Dr. Iyer,Male,18-40,Low
CASE000454,Registration,2026-02-03 20:38:41,Staff,Male,0-17,Low
CASE000373,Lab Test,2026-02-03 20:54:10,Staff,Male,61+,Medium
CASE000571,Doctor Consultation,2026-02-03 20:54:31,Dr. Khan,Female,18-40,Medium
CASE000859,Discharge,2026-02-03 20:57:38,Staff,Male,18-40,Low
CASE000454,Triage,2026-02-03 20:59:56,Staff,Male,0-17,Low
CASE000373,Doctor Consultation,2026-02-03 21:06:47,Dr. Patel,Male,61+,Medium
CASE000571,Treatment,2026-02-03 21:26:28,Dr. Khan,Female,18-40,Medium
CASE000373,Treatment,2026-02-03 21:30:01,Dr. Patel,Male,61+,Medium
CASE000454,Lab Test,2026-02-03 21:33:52,Staff,Male,0-17,Low
CASE000373,Admission,2026-02-03 21:52:12,Staff,Male,61+,Medium
CASE000571,Admission,2026-02-03 21:52:56,Staff,Female,18-40,Medium
CASE000454,Doctor Consultation,2026-02-03 21:59:57,Dr. Khan,Male,0-17,Low
CASE000454,Treatment,2026-02-03 22:29:41,Dr. Khan,Male,0-17,Low
CASE000454,Discharge,2026-02-03 22:48:30,Staff,Male,0-17,Low
CASE000005,Registration,2026-02-03 22:51:43,Staff,Male,41-60,Medium
CASE000005,Triage,2026-02-03 23:02:16,Staff,Male,41-60,Medium
CASE000005,X-Ray,2026-02-03 23:36:13,Staff,Male,41-60,Medium
CASE000005,Triage,2026-02-03 23:46:50,Staff,Male,41-60,Medium
CASE000274,Registration,2026-02-03 23:55:12,Staff,Female,41-60,Low
CASE000274,Triage,2026-02-04 00:16:38,Staff,Female,41-60,Low
CASE000005,X-Ray,2026-02-04 00:16:48,Staff,Male,41-60,Medium
CASE000274,X-Ray,2026-02-04 00:57:23,Staff,Female,41-60,Low
CASE000005,Lab Test,2026-02-04 01:03:51,Staff,Male,41-60,Medium
CASE000005,Doctor Consultation,2026-02-04 01:33:20,Dr. Iyer,Male,41-60,Medium
CASE000274,Lab Test,2026-02-04 01:37:19,Staff,Female,41-60,Low
CASE000005,Treatment,2026-02-04 01:45:35,Dr. Iyer,Male,41-60,Medium
CASE000274,Doctor Consultation,2026-02-04 01:50:57,Dr. Patel,Female,41-60,Low
CASE000005,Discharge,2026-02-04 02:18:01,Staff,Male,41-60,Medium
CASE000274,Treatment,2026-02-04 02:22:37,Dr. Patel,Female,41-60,Low
CASE000274,Discharge,2026-02-04 02:54:04,Staff,Female,41-60,Low
CASE000086,Registration,2026-02-04 05:10:20,Staff,Female,41-60,Low
CASE000086,Triage,2026-02-04 05:34:00,Staff,Female,41-60,Low
CASE000086,X-Ray,2026-02-04 06:01:21,Staff,Female,41-60,Low
CASE000086,Doctor Consultation,2026-02-04 06:34:03,Dr. Sharma,Female,41-60,Low
CASE000359,Registration,2026-02-04 06:37:49,Staff,Female,18-40,Low
CASE000086,Treatment,2026-02-04 06:59:03,Dr. Sharma,Female,41-60,Low
CASE000359,Triage,2026-02-04 07:02:29,Staff,Female,18-40,Low
CASE000359,X-Ray,2026-02-04 07:15:53,Staff,Female,18-40,Low
CASE000086,Discharge,2026-02-04 07:21:57,Staff,Female,41-60,Low
CASE000359,Doctor Consultation,2026-02-04 07:48:48,Dr. Reddy,Female,18-40,Low
CASE000359,Treatment,2026-02-04 08:19:05,Dr. Reddy,Female,18-40,Low
CASE000359,Admission,2026-02-04 08:37:22,Staff,Female,18-40,Low
CASE000288,Registration,2026-02-04 09:22:24,Staff,Female,18-40,Medium
CASE000591,Registration,2026-02-04 09:44:46,Staff,Male,18-40,Low
CASE000288,Triage,2026-02-04 09:51:37,Staff,Female,18-40,Medium
CASE000469,Registration,2026-02-04 10:03:04,Staff,Male,41-60,Medium
CASE000591,Triage,2026-02-04 10:09:44,Staff,Male,18-40,Low
CASE000469,Triage,2026-02-04 10:24:42,Staff,Male,41-60,Medium
CASE000288,Doctor Consultation,2026-02-04 10:29:10,Dr. Iyer,Female,18-40,Medium
CASE000591,Doctor Consultation,2026-02-04 10:55:44,Dr. Reddy,Male,18-40,Low
CASE000288,Treatment,2026-02-04 10:58:10,Dr. Iyer,Female,18-40,Medium
CASE000288,Discharge,2026-02-04 11:04:21,Staff,Female,18-40,Medium
CASE000469,X-Ray,2026-02-04 11:14:18,Staff,Male,41-60,Medium
CASE000591,Treatment,2026-02-04 11:20:42,Dr. Reddy,Male,18-40,Low
CASE000591,Admission,2026-02-04 11:35:30,Staff,Male,18-40,Low
CASE000212,Registration,2026-02-04 11:37:26,Staff,Female,41-60,Low
CASE000469,Triage,2026-02-04 11:38:47,Staff,Male,41-60,Medium
CASE000212,Triage,2026-02-04 12:10:35,Staff,Female,41-60,Low
CASE000212,X-Ray,2026-02-04 12:35:29,Staff,Female,41-60,Low
CASE000469,X-Ray,2026-02-04 12:59:59,Staff,Male,41-60,Medium
CASE000212,Doctor Consultation,2026-02-04 13:06:25,Dr. Iyer,Female,41-60,Low
CASE000469,Lab Test,2026-02-04 13:17:30,Staff,Male,41-60,Medium
CASE000212,Treatment,2026-02-04 13:23:36,Dr. Iyer,Female,41-60,Low
CASE000469,Doctor Consultation,2026-02-04 13:39:20,Dr. Sharma,Male,41-60,Medium
CASE000212,Discharge,2026-02-04 13:58:08,Staff,Female,41-60,Low
CASE000422,Registration,2026-02-04 14:01:48,Staff,Female,41-60,Medium
CASE000469,Treatment,2026-02-04 14:05:32,Dr. Sharma,Male,41-60,Medium
CASE000422,Triage,2026-02-04 14:12:28,Staff,Female,41-60,Medium
CASE000469,Discharge,2026-02-04 14:25:17,Staff,Male,41-60,Medium
CASE000422,Doctor Consultation,2026-02-04 14:33:19,Dr. Khan,Female,41-60,Medium
CASE000286,Registration,2026-02-04 14:39:13,Staff,Female,61+,Low
CASE000422,Treatment,2026-02-04 14:51:16,Dr. Khan,Female,41-60,Medium
CASE000286,Triage,2026-02-04 15:01:06,Staff,Female,61+,Low
CASE000265,Registration,2026-02-04 15:06:11,Staff,Male,18-40,Medium
CASE000422,Admission,2026-02-04 15:15:00,Staff,Female,41-60,Medium
CASE000286,X-Ray,2026-02-04 15:23:53,Staff,Female,61+,Low
CASE000265,Triage,2026-02-04 15:28:03,Staff,Male,18-40,Medium
CASE000265,X-Ray,2026-02-04 15:57:01,Staff,Male,18-40,Medium
CASE000286,Lab Test,2026-02-04 16:01:24,Staff,Female,61+,Low
CASE000286,Doctor Consultation,2026-02-04 16:34:13,Dr. Iyer,Female,61+,Low
CASE000265,Doctor Consultation,2026-02-04 16:36:46,Dr. Sharma,Male,18-40,Medium
CASE000286,Treatment,2026-02-04 16:49:07,Dr. Iyer,Female,61+,Low
CASE000265,Treatment,2026-02-04 16:54:59,Dr. Sharma,Male,18-40,Medium
CASE000286,Discharge,2026-02-04 17:00:55,Staff,Female,61+,Low
CASE000265,Discharge,2026-02-04 17:09:32,Staff,Male,18-40,Medium
CASE000702,Registration,2026-02-04 19:46:19,Staff,Female,18-40,Low
CASE000702,Triage,2026-02-04 19:55:08,Staff,Female,18-40,Low
CASE000702,Doctor Consultation,2026-02-04 20:19:50,Dr. Iyer,Female,18-40,Low
CASE000702,Treatment,2026-02-04 20:46:39,Dr. Iyer,Female,18-40,Low
CASE000881,Registration,2026-02-04 20:49:42,Staff,Male,61+,Low
CASE000702,Discharge,2026-02-04 20:59:25,Staff,Female,18-40,Low
CASE000881,Triage,2026-02-04 21:06:20,Staff,Male,61+,Low
CASE000881,Doctor Consultation,2026-02-04 21:40:30,Dr. Patel,Male,61+,Low
CASE000071,Registration,2026-02-04 21:45:58,Staff,Male,18-40,Medium
CASE000071,Triage,2026-02-04 22:04:57,Staff,Male,18-40,Medium
CASE000881,Treatment,2026-02-04 22:10:12,Dr. Patel,Male,61+,Low
CASE000567,Registration,2026-02-04 22:11:03,Staff,Male,0-17,Low
CASE000881,Discharge,2026-02-04 22:29:00,Staff,Male,61+,Low
CASE000071,Lab Test,2026-02-04 22:35:28,Staff,Male,18-40,Medium
CASE000567,X-Ray,2026-02-04 22:37:08,Staff,Male,0-17,Low
CASE000071,Doctor Consultation,2026-02-04 23:06:20,Dr. Iyer,Male,18-40,Medium
CASE000567,Doctor Consultation,2026-02-04 23:09:18,Dr. Sharma,Male,0-17,Low
CASE000071,Treatment,2026-02-04 23:18:12,Dr. Iyer,Male,18-40,Medium
CASE000567,Treatment,2026-02-04 23:25:23,Dr. Sharma,Male,0-17,Low
CASE000567,Discharge,2026-02-04 23:37:07,Staff,Male,0-17,Low
CASE000071,Discharge,2026-02-04 23:37:36,Staff,Male,18-40,Medium
CASE000878,Registration,2026-02-04 23:48:09,Staff,Female,18-40,Low
CASE000878,Triage,2026-02-04 23:59:35,Staff,Female,18-40,Low
CASE000878,Lab Test,2026-02-05 00:27:59,Staff,Female,18-40,Low
CASE000878,Doctor Consultation,2026-02-05 01:02:40,Dr. Patel,Female,18-40,Low
CASE000878,Treatment,2026-02-05 01:22:16,Dr. Patel,Female,18-40,Low
CASE000878,Discharge,2026-02-05 01:48:16,Staff,Female,18-40,Low
CASE000694,Registration,2026-02-05 06:26:13,Staff,Male,61+,Low
CASE000694,Triage,2026-02-05 06:45:41,Staff,Male,61+,Low
CASE000694,X-Ray,2026-02-05 07:02:08,Staff,Male,61+,Low
CASE000694,Triage,2026-02-05 07:18:25,Staff,Male,61+,Low
CASE000694,X-Ray,2026-02-05 07:45:08,Staff,Male,61+,Low
CASE000110,Registration,2026-02-05 08:03:43,Staff,Male,41-60,Low
CASE000694,Doctor Consultation,2026-02-05 08:16:42,Dr. Patel,Male,61+,Low
CASE000224,Registration,2026-02-05 08:30:38,Staff,Male,61+,Medium
CASE000110,Triage,2026-02-05 08:31:04,Staff,Male,41-60,Low
CASE000694,Treatment,2026-02-05 08:47:54,Dr. Patel,Male,61+,Low
CASE000291,Registration,2026-02-05 08:48:58,Staff,Male,0-17,Low
CASE000224,Triage,2026-02-05 08:54:38,Staff,Male,61+,Medium
CASE000694,Discharge,2026-02-05 09:10:46,Staff,Male,61+,Low
CASE000291,Triage,2026-02-05 09:16:45,Staff,Male,0-17,Low
CASE000224,X-Ray,2026-02-05 09:40:12,Staff,Male,61+,Medium
CASE000110,X-Ray,2026-02-05 09:49:15,Staff,Male,41-60,Low
CASE000824,Registration,2026-02-05 09:53:38,Staff,Male,41-60,Low
CASE000291,Doctor Consultation,2026-02-05 09:55:51,Dr. Sharma,Male,0-17,Low
CASE000224,Triage,2026-02-05 10:02:36,Staff,Male,61+,Medium
CASE000110,Lab Test,2026-02-05 10:05:36,Staff,Male,41-60,Low
CASE000824,Triage,2026-02-05 10:16:19,Staff,Male,41-60,Low
CASE000291,Treatment,2026-02-05 10:20:49,Dr. Sharma,Male,0-17,Low
CASE000291,Discharge,2026-02-05 10:49:02,Staff,Male,0-17,Low
CASE000110,Doctor Consultation,2026-02-05 10:50:28,Dr. Iyer,Male,41-60,Low
CASE000824,Lab Test,2026-02-05 10:52:08,Staff,Male,41-60,Low
CASE000110,Treatment,2026-02-05 11:04:33,Dr. Iyer,Male,41-60,Low
CASE000224,X-Ray,2026-02-05 11:16:01,Staff,Male,61+,Medium
CASE000143,Registration,2026-02-05 11:24:33,Staff,Male,0-17,Medium
CASE000110,Discharge,2026-02-05 11:29:31,Staff,Male,41-60,Low
CASE000824,Doctor Consultation,2026-02-05 11:31:36,Dr. Iyer,Male,41-60,Low
CASE000224,Lab Test,2026-02-05 11:39:01,Staff,Male,61+,Medium
CASE000143,Triage,2026-02-05 11:41:01,Staff,Male,0-17,Medium
CASE000824,Treatment,2026-02-05 11:44:19,Dr. Iyer,Male,41-60,Low
CASE000224,Doctor Consultation,2026-02-05 12:02:30,Dr. Reddy,Male,61+,Medium
CASE000824,Admission,2026-02-05 12:06:15,Staff,Male,41-60,Low
CASE000224,Treatment,2026-02-05 12:17:51,Dr. Reddy,Male,61+,Medium
CASE000224,Admission,2026-02-05 12:43:55,Staff,Male,61+,Medium
CASE000143,X-Ray,2026-02-05 12:54:36,Staff,Male,0-17,Medium
CASE000239,Registration,2026-02-05 13:09:21,Staff,Female,0-17,Medium
CASE000143,Doctor Consultation,2026-02-05 13:22:36,Dr. Patel,Male,0-17,Medium
CASE000239,Triage,2026-02-05 13:27:37,Staff,Female,0-17,Medium
CASE000143,Treatment,2026-02-05 13:51:47,Dr. Patel,Male,0-17,Medium
CASE000239,Lab Test,2026-02-05 14:07:57,Staff,Female,0-17,Medium
CASE000143,Discharge,2026-02-05 14:21:16,Staff,Male,0-17,Medium
CASE000239,Doctor Consultation,2026-02-05 14:38:50,Dr. Iyer,Female,0-17,Medium
CASE000239,Treatment,2026-02-05 14:53:01,Dr. Iyer,Female,0-17,Medium
CASE000489,Registration,2026-02-05 14:58:54,Staff,Male,0-17,Low
CASE000489,Triage,2026-02-05 15:16:39,Staff,Male,0-17,Low
CASE000239,Admission,2026-02-05 15:18:57,Staff,Female,0-17,Medium
CASE000489,Lab Test,2026-02-05 15:45:18,Staff,Male,0-17,Low
CASE000489,Doctor Consultation,2026-02-05 16:14:17,Dr. Sharma,Male,0-17,Low
CASE000489,Treatment,2026-02-05 16:33:55,Dr. Sharma,Male,0-17,Low
CASE000489,Discharge,2026-02-05 16:47:54,Staff,Male,0-17,Low
CASE000129,Registration,2026-02-05 16:57:35,Staff,Male,0-17,High
CASE000129,Triage,2026-02-05 17:20:01,Staff,Male,0-17,High
CASE000129,X-Ray,2026-02-05 17:38:39,Staff,Male,0-17,High
CASE000471,Registration,2026-02-05 17:58:33,Staff,Female,61+,Medium
CASE000129,Doctor Consultation,2026-02-05 18:17:58,Dr. Iyer,Male,0-17,High
CASE000471,Triage,2026-02-05 18:19:01,Staff,Female,61+,Medium
CASE000471,Doctor Consultation,2026-02-05 18:39:00,Dr. Reddy,Female,61+,Medium
CASE000129,Treatment,2026-02-05 18:47:17,Dr. Iyer,Male,0-17,High
CASE000471,Treatment,2026-02-05 18:53:01,Dr. Reddy,Female,61+,Medium
CASE000471,Discharge,2026-02-05 19:06:50,Staff,Female,61+,Medium
CASE000129,Discharge,2026-02-05 19:11:24,Staff,Male,0-17,High
CASE000357,Registration,2026-02-06 07:08:08,Staff,Male,18-40,Low
CASE000357,Triage,2026-02-06 07:24:27,Staff,Male,18-40,Low
CASE000357,X-Ray,2026-02-06 07:44:55,Staff,Male,18-40,Low
CASE000357,Triage,2026-02-06 08:02:48,Staff,Male,18-40,Low
CASE000259,Registration,2026-02-06 08:28:17,Staff,Male,61+,Medium
CASE000259,Triage,2026-02-06 09:05:21,Staff,Male,61+,Medium
CASE000357,X-Ray,2026-02-06 09:10:32,Staff,Male,18-40,Low
CASE000357,Doctor Consultation,2026-02-06 09:50:05,Dr. Patel,Male,18-40,Low
CASE000259,X-Ray,2026-02-06 09:58:29,Staff,Male,61+,Medium
CASE000357,Treatment,2026-02-06 10:04:01,Dr. Patel,Male,18-40,Low
CASE000353,Registration,2026-02-06 10:11:51,Staff,Male,18-40,Medium
CASE000357,Discharge,2026-02-06 10:29:07,Staff,Male,18-40,Low
CASE000259,Triage,2026-02-06 10:36:27,Staff,Male,61+,Medium
CASE000353,Triage,2026-02-06 10:45:06,Staff,Male,18-40,Medium
CASE000072,Registration,2026-02-06 10:46:35,Staff,Male,61+,High
CASE000072,Triage,2026-02-06 11:04:43,Staff,Male,61+,High
CASE000353,Doctor Consultation,2026-02-06 11:38:13,Dr. Patel,Male,18-40,Medium
CASE000259,X-Ray,2026-02-06 11:43:39,Staff,Male,61+,Medium
CASE000353,Treatment,2026-02-06 11:45:33,Dr. Patel,Male,18-40,Medium
CASE000072,Doctor Consultation,2026-02-06 11:53:30,Dr. Reddy,Male,61+,High
CASE000353,Discharge,2026-02-06 12:09:11,Staff,Male,18-40,Medium
CASE000171,Registration,2026-02-06 12:11:45,Staff,Male,61+,Low
CASE000173,Registration,2026-02-06 12:11:46,Staff,Male,0-17,Low
CASE000173,Triage,2026-02-06 12:19:52,Staff,Male,0-17,Low
CASE000072,Treatment,2026-02-06 12:26:23,Dr. Reddy,Male,61+,High
CASE000259,Doctor Consultation,2026-02-06 12:26:38,Dr. Iyer,Male,61+,Medium
CASE000171,Triage,2026-02-06 12:32:30,Staff,Male,61+,Low
CASE000259,Treatment,2026-02-06 12:44:25,Dr. Iyer,Male,61+,Medium
CASE000072,Discharge,2026-02-06 12:45:57,Staff,Male,61+,High
CASE000342,Registration,2026-02-06 12:50:41,Staff,Male,18-40,Low
CASE000173,X-Ray,2026-02-06 12:52:30,Staff,Male,0-17,Low
CASE000259,Discharge,2026-02-06 12:58:06,Staff,Male,61+,Medium
CASE000342,Triage,2026-02-06 13:01:20,Staff,Male,18-40,Low
CASE000171,Doctor Consultation,2026-02-06 13:03:57,Dr. Iyer,Male,61+,Low
CASE000540,Registration,2026-02-06 13:08:26,Staff,Male,18-40,High
CASE000540,Triage,2026-02-06 13:23:54,Staff,Male,18-40,High
CASE000171,Treatment,2026-02-06 13:25:14,Dr. Iyer,Male,61+,Low
CASE000173,Doctor Consultation,2026-02-06 13:26:08,Dr. Sharma,Male,0-17,Low
CASE000342,X-Ray,2026-02-06 13:29:37,Staff,Male,18-40,Low
CASE000171,Discharge,2026-02-06 13:36:44,Staff,Male,61+,Low
CASE000588,Registration,2026-02-06 13:52:36,Staff,Male,0-17,Medium
CASE000173,Treatment,2026-02-06 13:58:09,Dr. Sharma,Male,0-17,Low
CASE000540,Lab Test,2026-02-06 14:04:25,Staff,Male,18-40,High
CASE000245,Registration,2026-02-06 14:04:43,Staff,Female,18-40,Low
CASE000588,Triage,2026-02-06 14:08:37,Staff,Male,0-17,Medium
CASE000245,Triage,2026-02-06 14:13:23,Staff,Female,18-40,Low
CASE000173,Discharge,2026-02-06 14:15:06,Staff,Male,0-17,Low
CASE000342,Lab Test,2026-02-06 14:17:11,Staff,Male,18-40,Low
CASE000795,Registration,2026-02-06 14:19:51,Staff,Female,61+,Low
CASE000795,Triage,2026-02-06 14:27:04,Staff,Female,61+,Low
CASE000588,X-Ray,2026-02-06 14:28:18,Staff,Male,0-17,Medium
CASE000540,Doctor Consultation,2026-02-06 14:29:14,Dr. Patel,Male,18-40,High
CASE000245,X-Ray,2026-02-06 14:39:54,Staff,Female,18-40,Low
CASE000540,Treatment,2026-02-06 14:43:20,Dr. Patel,Male,18-40,High
CASE000342,Doctor Consultation,2026-02-06 14:46:21,Dr. Reddy,Male,18-40,Low
CASE000795,Doctor Consultation,2026-02-06 14:47:07,Dr. Reddy,Female,61+,Low
CASE000588,Doctor Consultation,2026-02-06 14:51:23,Dr. Patel,Male,0-17,Medium
CASE000342,Treatment,2026-02-06 15:04:12,Dr. Reddy,Male,18-40,Low
CASE000795,Treatment,2026-02-06 15:07:46,Dr. Reddy,Female,61+,Low
CASE000540,Discharge,2026-02-06 15:12:13,Staff,Male,18-40,High
CASE000245,Doctor Consultation,2026-02-06 15:15:02,Dr. Sharma,Female,18-40,Low
CASE000588,Treatment,2026-02-06 15:16:59,Dr. Patel,Male,0-17,Medium
CASE000795,Discharge,2026-02-06 15:24:20,Staff,Female,61+,Low
CASE000342,Discharge,2026-02-06 15:32:23,Staff,Male,18-40,Low
CASE000245,Treatment,2026-02-06 15:33:56,Dr. Sharma,Female,18-40,Low
CASE000588,Discharge,2026-02-06 15:34:52,Staff,Male,0-17,Medium
CASE000245,Discharge,2026-02-06 15:56:45,Staff,Female,18-40,Low
CASE000791,Registration,2026-02-06 19:45:35,Staff,Male,41-60,High
CASE000791,Triage,2026-02-06 19:58:21,Staff,Male,41-60,High
CASE000791,Lab Test,2026-02-06 20:13:56,Staff,Male,41-60,High
CASE000791,Doctor Consultation,2026-02-06 20:35:52,Dr. Patel,Male,41-60,High
CASE000791,Treatment,2026-02-06 20:52:02,Dr. Patel,Male,41-60,High
CASE000939,Registration,2026-02-06 21:00:57,Staff,Female,18-40,Medium
CASE000791,Discharge,2026-02-06 21:10:18,Staff,Male,41-60,High
CASE000939,Triage,2026-02-06 21:12:17,Staff,Female,18-40,Medium
CASE000216,Registration,2026-02-06 21:32:47,Staff,Female,18-40,High
CASE000939,Doctor Consultation,2026-02-06 21:43:38,Dr. Sharma,Female,18-40,Medium
CASE000216,Triage,2026-02-06 21:58:14,Staff,Female,18-40,High
CASE000939,Treatment,2026-02-06 22:02:25,Dr. Sharma,Female,18-40,Medium
CASE000939,Discharge,2026-02-06 22:24:54,Staff,Female,18-40,Medium
CASE000216,X-Ray,2026-02-06 22:25:32,Staff,Female,18-40,High
CASE000216,Triage,2026-02-06 22:47:06,Staff,Female,18-40,High
CASE000216,X-Ray,2026-02-06 23:21:03,Staff,Female,18-40,High
CASE000216,Doctor Consultation,2026-02-06 23:52:20,Dr. Patel,Female,18-40,High
CASE000216,Treatment,2026-02-07 00:04:03,Dr. Patel,Female,18-40,High
CASE000216,Discharge,2026-02-07 00:25:52,Staff,Female,18-40,High
CASE000210,Registration,2026-02-07 07:03:25,Staff,Female,61+,High
CASE000210,Triage,2026-02-07 07:11:47,Staff,Female,61+,High
CASE000421,Registration,2026-02-07 07:13:25,Staff,Male,61+,Medium
CASE000421,Triage,2026-02-07 07:33:55,Staff,Male,61+,Medium
CASE000210,Doctor Consultation,2026-02-07 07:41:18,Dr. Iyer,Female,61+,High
CASE000210,Treatment,2026-02-07 07:52:28,Dr. Iyer,Female,61+,High
CASE000751,Registration,2026-02-07 07:54:12,Staff,Male,41-60,Medium
CASE000421,Doctor Consultation,2026-02-07 07:56:43,Dr. Iyer,Male,61+,Medium
CASE000421,Treatment,2026-02-07 08:12:03,Dr. Iyer,Male,61+,Medium
CASE000751,Triage,2026-02-07 08:12:46,Staff,Male,41-60,Medium
CASE000210,Discharge,2026-02-07 08:12:53,Staff,Female,61+,High
CASE000421,Discharge,2026-02-07 08:42:15,Staff,Male,61+,Medium
CASE000751,Doctor Consultation,2026-02-07 09:01:35,Dr. Iyer,Male,41-60,Medium
CASE000751,Treatment,2026-02-07 09:14:27,Dr. Iyer,Male,41-60,Medium
CASE000751,Discharge,2026-02-07 09:38:13,Staff,Male,41-60,Medium
CASE000059,Registration,2026-02-07 10:41:52,Staff,Female,41-60,Medium
CASE000059,Triage,2026-02-07 11:06:52,Staff,Female,41-60,Medium
CASE000059,X-Ray,2026-02-07 12:14:45,Staff,Female,41-60,Medium
CASE000059,Triage,2026-02-07 12:31:44,Staff,Female,41-60,Medium
CASE000798,Registration,2026-02-07 12:53:50,Staff,Female,18-40,Low
CASE000059,X-Ray,2026-02-07 13:04:03,Staff,Female,41-60,Medium
CASE000798,Triage,2026-02-07 13:14:29,Staff,Female,18-40,Low
CASE000059,Lab Test,2026-02-07 13:34:40,Staff,Female,41-60,Medium
CASE000798,X-Ray,2026-02-07 13:35:45,Staff,Female,18-40,Low
CASE000798,Triage,2026-02-07 13:49:29,Staff,Female,18-40,Low
CASE000733,Registration,2026-02-07 14:00:29,Staff,Male,41-60,Low
CASE000240,Registration,2026-02-07 14:02:38,Staff,Male,0-17,Low
CASE000059,Doctor Consultation,2026-02-07 14:02:41,Dr. Sharma,Female,41-60,Medium
CASE000798,X-Ray,2026-02-07 14:04:25,Staff,Female,18-40,Low
CASE000733,Triage,2026-02-07 14:12:45,Staff,Male,41-60,Low
CASE000240,Triage,2026-02-07 14:21:45,Staff,Male,0-17,Low
CASE000109,Registration,2026-02-07 14:23:53,Staff,Male,61+,Low
CASE000059,Treatment,2026-02-07 14:30:27,Dr. Sharma,Female,41-60,Medium
CASE000798,Doctor Consultation,2026-02-07 14:37:21,Dr. Sharma,Female,18-40,Low
CASE000109,Triage,2026-02-07 14:40:20,Staff,Male,61+,Low
CASE000733,Lab Test,2026-02-07 14:41:29,Staff,Male,41-60,Low
CASE000691,Registration,2026-02-07 14:46:10,Staff,Female,61+,Medium
CASE000240,X-Ray,2026-02-07 14:47:09,Staff,Male,0-17,Low
CASE000059,Discharge,2026-02-07 14:54:22,Staff,Female,41-60,Medium
CASE000964,Registration,2026-02-07 14:58:32,Staff,Female,61+,High
CASE000691,Triage,2026-02-07 14:59:02,Staff,Female,61+,Medium
CASE000798,Treatment,2026-02-07 14:59:10,Dr. Sharma,Female,18-40,Low
CASE000733,Doctor Consultation,2026-02-07 15:07:48,Dr. Sharma,Male,41-60,Low
CASE000486,Registration,2026-02-07 15:11:19,Staff,Female,61+,Low
CASE000109,X-Ray,2026-02-07 15:12:51,Staff,Male,61+,Low
CASE000691,X-Ray,2026-02-07 15:16:57,Staff,Female,61+,Medium
CASE000240,Doctor Consultation,2026-02-07 15:22:14,Dr. Reddy,Male,0-17,Low
CASE000964,Triage,2026-02-07 15:23:13,Staff,Female,61+,High
CASE000798,Discharge,2026-02-07 15:23:46,Staff,Female,18-40,Low
CASE000486,Triage,2026-02-07 15:24:05,Staff,Female,61+,Low
CASE000109,Triage,2026-02-07 15:26:34,Staff,Male,61+,Low
CASE000691,Triage,2026-02-07 15:29:36,Staff,Female,61+,Medium
CASE000733,Treatment,2026-02-07 15:30:15,Dr. Sharma,Male,41-60,Low
CASE000691,X-Ray,2026-02-07 15:48:56,Staff,Female,61+,Medium
CASE000240,Treatment,2026-02-07 15:50:30,Dr. Reddy,Male,0-17,Low
CASE000733,Admission,2026-02-07 15:52:31,Staff,Male,41-60,Low
CASE000109,X-Ray,2026-02-07 15:54:40,Staff,Male,61+,Low
CASE000486,Lab Test,2026-02-07 15:59:45,Staff,Female,61+,Low
CASE000964,X-Ray,2026-02-07 16:00:59,Staff,Female,61+,High
CASE000240,Admission,2026-02-07 16:09:51,Staff,Male,0-17,Low
CASE000109,Doctor Consultation,2026-02-07 16:12:45,Dr. Khan,Male,61+,Low
CASE000691,Lab Test,2026-02-07 16:19:09,Staff,Female,61+,Medium
CASE000486,Doctor Consultation,2026-02-07 16:23:49,Dr. Iyer,Female,61+,Low
CASE000109,Treatment,2026-02-07 16:26:52,Dr. Khan,Male,61+,Low
CASE000691,Doctor Consultation,2026-02-07 16:40:57,Dr. Patel,Female,61+,Medium
CASE000389,Registration,2026-02-07 16:44:41,Staff,Female,41-60,Medium
CASE000964,Lab Test,2026-02-07 16:45:10,Staff,Female,61+,High
CASE000486,Treatment,2026-02-07 16:55:47,Dr. Iyer,Female,61+,Low
CASE000109,Discharge,2026-02-07 16:57:40,Staff,Male,61+,Low
CASE000389,Triage,2026-02-07 16:59:23,Staff,Female,41-60,Medium
CASE000691,Treatment,2026-02-07 17:05:33,Dr. Patel,Female,61+,Medium
CASE000486,Discharge,2026-02-07 17:08:40,Staff,Female,61+,Low
CASE000389,X-Ray,2026-02-07 17:11:20,Staff,Female,41-60,Medium
CASE000964,Doctor Consultation,2026-02-07 17:16:28,Dr. Khan,Female,61+,High
CASE000691,Discharge,2026-02-07 17:24:54,Staff,Female,61+,Medium
CASE000389,Doctor Consultation,2026-02-07 17:37:14,Dr. Iyer,Female,41-60,Medium
CASE000964,Treatment,2026-02-07 17:42:47,Dr. Khan,Female,61+,High
CASE000672,Registration,2026-02-07 17:44:28,Staff,Female,61+,High
CASE000389,Treatment,2026-02-07 17:47:48,Dr. Iyer,Female,41-60,Medium
CASE000964,Discharge,2026-02-07 17:53:13,Staff,Female,61+,High
CASE000672,Triage,2026-02-07 17:58:07,Staff,Female,61+,High
CASE000389,Discharge,2026-02-07 18:09:03,Staff,Female,41-60,Medium
CASE000823,Registration,2026-02-07 18:25:54,Staff,Female,41-60,Medium
CASE000672,Lab Test,2026-02-07 18:26:23,Staff,Female,61+,High
CASE000823,Triage,2026-02-07 18:46:02,Staff,Female,41-60,Medium
CASE000672,Doctor Consultation,2026-02-07 19:03:01,Dr. Khan,Female,61+,High
CASE000823,Lab Test,2026-02-07 19:09:23,Staff,Female,41-60,Medium
CASE000672,Treatment,2026-02-07 19:21:45,Dr. Khan,Female,61+,High
CASE000823,Doctor Consultation,2026-02-07 19:35:01,Dr. Khan,Female,41-60,Medium
CASE000672,Discharge,2026-02-07 19:45:12,Staff,Female,61+,High
CASE000823,Treatment,2026-02-07 19:58:35,Dr. Khan,Female,41-60,Medium
CASE000823,Discharge,2026-02-07 20:16:57,Staff,Female,41-60,Medium
CASE000956,Registration,2026-02-07 22:10:30,Staff,Male,41-60,Medium
CASE000956,Triage,2026-02-07 22:19:28,Staff,Male,41-60,Medium
CASE000956,Doctor Consultation,2026-02-07 22:52:07,Dr. Sharma,Male,41-60,Medium
CASE000956,Treatment,2026-02-07 23:11:05,Dr. Sharma,Male,41-60,Medium
CASE000956,Discharge,2026-02-07 23:39:32,Staff,Male,41-60,Medium
CASE000305,Registration,2026-02-08 07:10:28,Staff,Female,61+,Low
CASE000305,Triage,2026-02-08 07:20:09,Staff,Female,61+,Low
CASE000904,Registration,2026-02-08 07:31:51,Staff,Female,41-60,Low
CASE000305,X-Ray,2026-02-08 07:42:38,Staff,Female,61+,Low
CASE000904,Triage,2026-02-08 07:48:30,Staff,Female,41-60,Low
CASE000305,Triage,2026-02-08 07:54:35,Staff,Female,61+,Low
CASE000305,X-Ray,2026-02-08 08:37:54,Staff,Female,61+,Low
CASE000904,Doctor Consultation,2026-02-08 08:50:55,Dr. Reddy,Female,41-60,Low
CASE000305,Doctor Consultation,2026-02-08 09:09:13,Dr. Khan,Female,61+,Low
CASE000904,Treatment,2026-02-08 09:16:09,Dr. Reddy,Female,41-60,Low
CASE000305,Treatment,2026-02-08 09:22:25,Dr. Khan,Female,61+,Low
CASE000904,Discharge,2026-02-08 09:29:13,Staff,Female,41-60,Low
CASE000305,Discharge,2026-02-08 09:41:39,Staff,Female,61+,Low
CASE000073,Registration,2026-02-08 14:12:53,Staff,Male,61+,Low
CASE000073,Triage,2026-02-08 14:28:40,Staff,Male,61+,Low
CASE000460,Registration,2026-02-08 14:42:45,Staff,Male,18-40,Medium
CASE000460,Triage,2026-02-08 14:54:58,Staff,Male,18-40,Medium
CASE000073,Lab Test,2026-02-08 15:00:47,Staff,Male,61+,Low
CASE000460,X-Ray,2026-02-08 15:22:29,Staff,Male,18-40,Medium
CASE000073,Doctor Consultation,2026-02-08 15:42:12,Dr. Khan,Male,61+,Low
CASE000460,Triage,2026-02-08 15:44:52,Staff,Male,18-40,Medium
CASE000073,Treatment,2026-02-08 15:58:28,Dr. Khan,Male,61+,Low
CASE000460,X-Ray,2026-02-08 16:03:38,Staff,Male,18-40,Medium
CASE000073,Admission,2026-02-08 16:08:20,Staff,Male,61+,Low
CASE000460,Doctor Consultation,2026-02-08 16:37:41,Dr. Reddy,Male,18-40,Medium
CASE000460,Treatment,2026-02-08 16:54:11,Dr. Reddy,Male,18-40,Medium
CASE000828,Registration,2026-02-08 17:14:18,Staff,Female,18-40,Medium
CASE000460,Discharge,2026-02-08 17:14:59,Staff,Male,18-40,Medium
CASE000828,Triage,2026-02-08 17:34:54,Staff,Female,18-40,Medium
CASE000828,X-Ray,2026-02-08 18:15:32,Staff,Female,18-40,Medium
CASE000828,Lab Test,2026-02-08 18:45:49,Staff,Female,18-40,Medium
CASE000070,Registration,2026-02-08 18:49:40,Staff,Female,18-40,Medium
CASE000070,Triage,2026-02-08 19:05:51,Staff,Female,18-40,Medium
CASE000828,Doctor Consultation,2026-02-08 19:21:14,Dr. Iyer,Female,18-40,Medium
CASE000070,X-Ray,2026-02-08 19:42:16,Staff,Female,18-40,Medium
CASE000828,Treatment,2026-02-08 19:51:47,Dr. Iyer,Female,18-40,Medium
CASE000070,Lab Test,2026-02-08 20:13:17,Staff,Female,18-40,Medium
CASE000828,Discharge,2026-02-08 20:15:27,Staff,Female,18-40,Medium
CASE000070,Doctor Consultation,2026-02-08 20:43:16,Dr. Iyer,Female,18-40,Medium
CASE000070,Treatment,2026-02-08 21:09:14,Dr. Iyer,Female,18-40,Medium
CASE000070,Discharge,2026-02-08 21:30:23,Staff,Female,18-40,Medium
CASE000046,Registration,2026-02-08 21:53:57,Staff,Male,18-40,Low
CASE000046,Triage,2026-02-08 22:04:35,Staff,Male,18-40,Low
CASE000046,X-Ray,2026-02-08 22:31:22,Staff,Male,18-40,Low
CASE000046,Triage,2026-02-08 22:41:45,Staff,Male,18-40,Low
CASE000046,X-Ray,2026-02-08 23:06:10,Staff,Male,18-40,Low
CASE000046,Doctor Consultation,2026-02-08 23:34:33,Dr. Patel,Male,18-40,Low
CASE000046,Treatment,2026-02-08 23:56:12,Dr. Patel,Male,18-40,Low
CASE000046,Admission,2026-02-09 00:15:08,Staff,Male,18-40,Low
CASE000234,Registration,2026-02-09 08:19:39,Staff,Female,41-60,Medium
CASE000188,Registration,2026-02-09 08:27:45,Staff,Female,18-40,High
CASE000234,Triage,2026-02-09 08:55:42,Staff,Female,41-60,Medium
CASE000188,Triage,2026-02-09 08:58:45,Staff,Female,18-40,High
CASE000846,Registration,2026-02-09 09:32:02,Staff,Male,41-60,Medium
CASE000234,X-Ray,2026-02-09 09:40:23,Staff,Female,41-60,Medium
CASE000234,Doctor Consultation,2026-02-09 10:11:08,Dr. Iyer,Female,41-60,Medium
CASE000846,X-Ray,2026-02-09 10:12:14,Staff,Male,41-60,Medium
CASE000188,X-Ray,2026-02-09 10:15:49,Staff,Female,18-40,High
CASE000188,Triage,2026-02-09 10:38:04,Staff,Female,18-40,High
CASE000234,Treatment,2026-02-09 10:41:23,Dr. Iyer,Female,41-60,Medium
CASE000846,Lab Test,2026-02-09 10:41:27,Staff,Male,41-60,Medium
CASE000234,Discharge,2026-02-09 11:03:55,Staff,Female,41-60,Medium
CASE000846,Doctor Consultation,2026-02-09 11:28:13,Dr. Reddy,Male,41-60,Medium
CASE000846,Treatment,2026-02-09 11:39:07,Dr. Reddy,Male,41-60,Medium
CASE000188,X-Ray,2026-02-09 11:41:30,Staff,Female,18-40,High
CASE000188,Lab Test,2026-02-09 12:10:45,Staff,Female,18-40,High
CASE000846,Discharge,2026-02-09 12:12:58,Staff,Male,41-60,Medium
CASE000188,Doctor Consultation,2026-02-09 12:36:27,Dr. Sharma,Female,18-40,High
CASE000188,Treatment,2026-02-09 12:54:57,Dr. Sharma,Female,18-40,High
CASE000188,Discharge,2026-02-09 13:09:57,Staff,Female,18-40,High
CASE000283,Registration,2026-02-09 14:11:28,Staff,Male,61+,High
CASE000283,Triage,2026-02-09 14:23:27,Staff,Male,61+,High
CASE000283,Doctor Consultation,2026-02-09 14:45:10,Dr. Iyer,Male,61+,High
CASE000283,Treatment,2026-02-09 15:03:08,Dr. Iyer,Male,61+,High
CASE000987,Registration,2026-02-09 15:19:05,Staff,Male,18-40,Low
CASE000283,Discharge,2026-02-09 15:27:59,Staff,Male,61+,High
CASE000987,Triage,2026-02-09 15:33:14,Staff,Male,18-40,Low
CASE000987,X-Ray,2026-02-09 16:02:05,Staff,Male,18-40,Low
CASE000337,Registration,2026-02-09 16:08:20,Staff,Female,18-40,High
CASE000337,Triage,2026-02-09 16:19:12,Staff,Female,18-40,High
CASE000987,Doctor Consultation,2026-02-09 16:39:40,Dr. Iyer,Male,18-40,Low
CASE000337,X-Ray,2026-02-09 16:43:58,Staff,Female,18-40,High
CASE000922,Registration,2026-02-09 17:06:21,Staff,Female,41-60,Low
CASE000987,Treatment,2026-02-09 17:07:20,Dr. Iyer,Male,18-40,Low
CASE000337,Doctor Consultation,2026-02-09 17:13:50,Dr. Khan,Female,18-40,High
CASE000922,Triage,2026-02-09 17:19:54,Staff,Female,41-60,Low
CASE000987,Discharge,2026-02-09 17:20:36,Staff,Male,18-40,Low
CASE000203,Registration,2026-02-09 17:21:54,Staff,Male,18-40,Low
CASE000337,Treatment,2026-02-09 17:29:44,Dr. Khan,Female,18-40,High
CASE000203,Triage,2026-02-09 17:36:55,Staff,Male,18-40,Low
CASE000922,Doctor Consultation,2026-02-09 17:38:02,Dr. Iyer,Female,41-60,Low
CASE000075,Registration,2026-02-09 17:46:40,Staff,Male,18-40,Low
CASE000337,Discharge,2026-02-09 17:51:04,Staff,Female,18-40,High
CASE000075,Triage,2026-02-09 17:59:14,Staff,Male,18-40,Low
CASE000203,X-Ray,2026-02-09 17:59:38,Staff,Male,18-40,Low
CASE000393,Registration,2026-02-09 18:04:01,Staff,Male,41-60,Medium
CASE000922,Treatment,2026-02-09 18:07:14,Dr. Iyer,Female,41-60,Low
CASE000922,Discharge,2026-02-09 18:17:38,Staff,Female,41-60,Low
CASE000393,Triage,2026-02-09 18:20:50,Staff,Male,41-60,Medium
CASE000203,Triage,2026-02-09 18:22:06,Staff,Male,18-40,Low
CASE000075,X-Ray,2026-02-09 18:34:38,Staff,Male,18-40,Low
CASE000393,X-Ray,2026-02-09 18:35:34,Staff,Male,41-60,Medium
CASE000203,X-Ray,2026-02-09 18:40:09,Staff,Male,18-40,Low
CASE000075,Doctor Consultation,2026-02-09 19:10:11,Dr. Reddy,Male,18-40,Low
CASE000393,Doctor Consultation,2026-02-09 19:10:22,Dr. Patel,Male,41-60,Medium
CASE000203,Doctor Consultation,2026-02-09 19:17:43,Dr. Khan,Male,18-40,Low
CASE000393,Treatment,2026-02-09 19:21:49,Dr. Patel,Male,41-60,Medium
CASE000075,Treatment,2026-02-09 19:30:58,Dr. Reddy,Male,18-40,Low
CASE000393,Discharge,2026-02-09 19:34:18,Staff,Male,41-60,Medium
CASE000203,Treatment,2026-02-09 19:44:34,Dr. Khan,Male,18-40,Low
CASE000385,Registration,2026-02-09 19:46:06,Staff,Male,18-40,Low
CASE000203,Discharge,2026-02-09 19:56:47,Staff,Male,18-40,Low
CASE000075,Discharge,2026-02-09 20:01:34,Staff,Male,18-40,Low
CASE000385,Triage,2026-02-09 20:03:41,Staff,Male,18-40,Low
CASE000385,X-Ray,2026-02-09 20:28:04,Staff,Male,18-40,Low
CASE000385,Triage,2026-02-09 20:53:25,Staff,Male,18-40,Low
CASE000385,X-Ray,2026-02-09 21:12:03,Staff,Male,18-40,Low
CASE000385,Doctor Consultation,2026-02-09 21:54:35,Dr. Iyer,Male,18-40,Low
CASE000385,Treatment,2026-02-09 22:12:37,Dr. Iyer,Male,18-40,Low
CASE000385,Discharge,2026-02-09 22:23:00,Staff,Male,18-40,Low
CASE000364,Registration,2026-02-10 10:40:34,Staff,Female,0-17,Low
CASE000327,Registration,2026-02-10 10:46:29,Staff,Male,18-40,Low
CASE000668,Registration,2026-02-10 10:58:11,Staff,Male,41-60,Medium
CASE000364,Triage,2026-02-10 11:02:53,Staff,Female,0-17,Low
CASE000327,Triage,2026-02-10 11:17:30,Staff,Male,18-40,Low
CASE000668,Triage,2026-02-10 11:19:09,Staff,Male,41-60,Medium
CASE000069,Registration,2026-02-10 11:28:45,Staff,Male,18-40,Medium
CASE000364,Lab Test,2026-02-10 11:34:31,Staff,Female,0-17,Low
CASE000327,Doctor Consultation,2026-02-10 11:52:42,Dr. Patel,Male,18-40,Low
CASE000069,Triage,2026-02-10 11:54:27,Staff,Male,18-40,Medium
CASE000668,Doctor Consultation,2026-02-10 11:59:13,Dr. Khan,Male,41-60,Medium
CASE000364,Doctor Consultation,2026-02-10 12:13:00,Dr. Sharma,Female,0-17,Low
CASE000327,Treatment,2026-02-10 12:15:15,Dr. Patel,Male,18-40,Low
CASE000668,Treatment,2026-02-10 12:27:36,Dr. Khan,Male,41-60,Medium
CASE000069,X-Ray,2026-02-10 12:27:53,Staff,Male,18-40,Medium
CASE000364,Treatment,2026-02-10 12:29:27,Dr. Sharma,Female,0-17,Low
CASE000327,Admission,2026-02-10 12:31:58,Staff,Male,18-40,Low
CASE000668,Admission,2026-02-10 12:57:23,Staff,Male,41-60,Medium
CASE000364,Discharge,2026-02-10 13:01:32,Staff,Female,0-17,Low
CASE000069,Lab Test,2026-02-10 13:07:22,Staff,Male,18-40,Medium
CASE000069,Doctor Consultation,2026-02-10 13:36:43,Dr. Khan,Male,18-40,Medium
CASE000069,Treatment,2026-02-10 14:05:26,Dr. Khan,Male,18-40,Medium
CASE000069,Admission,2026-02-10 14:29:19,Staff,Male,18-40,Medium
CASE000676,Registration,2026-02-10 17:02:46,Staff,Male,41-60,Low
CASE000676,Triage,2026-02-10 17:25:37,Staff,Male,41-60,Low
CASE000715,Registration,2026-02-10 17:31:23,Staff,Male,18-40,Low
CASE000676,X-Ray,2026-02-10 17:46:39,Staff,Male,41-60,Low
CASE000715,Triage,2026-02-10 17:54:48,Staff,Male,18-40,Low
CASE000676,Triage,2026-02-10 18:08:23,Staff,Male,41-60,Low
CASE000715,X-Ray,2026-02-10 18:25:53,Staff,Male,18-40,Low
CASE000676,X-Ray,2026-02-10 18:29:55,Staff,Male,41-60,Low
CASE000715,Triage,2026-02-10 18:49:54,Staff,Male,18-40,Low
CASE000676,Lab Test,2026-02-10 18:59:31,Staff,Male,41-60,Low
CASE000715,X-Ray,2026-02-10 19:13:34,Staff,Male,18-40,Low
CASE000970,Registration,2026-02-10 19:28:02,Staff,Male,18-40,Low
CASE000676,Doctor Consultation,2026-02-10 19:28:08,Dr. Khan,Male,41-60,Low
CASE000715,Lab Test,2026-02-10 19:40:22,Staff,Male,18-40,Low
CASE000970,Triage,2026-02-10 19:50:29,Staff,Male,18-40,Low
CASE000676,Treatment,2026-02-10 19:51:05,Dr. Khan,Male,41-60,Low
CASE000277,Registration,2026-02-10 20:03:15,Staff,Male,61+,Low
CASE000715,Doctor Consultation,2026-02-10 20:06:59,Dr. Iyer,Male,18-40,Low
CASE000676,Discharge,2026-02-10 20:16:45,Staff,Male,41-60,Low
CASE000970,X-Ray,2026-02-10 20:18:48,Staff,Male,18-40,Low
CASE000277,Triage,2026-02-10 20:22:45,Staff,Male,61+,Low
CASE000715,Treatment,2026-02-10 20:24:49,Dr. Iyer,Male,18-40,Low
CASE000771,Registration,2026-02-10 20:48:12,Staff,Female,41-60,Medium
CASE000970,Lab Test,2026-02-10 20:48:35,Staff,Male,18-40,Low
CASE000715,Discharge,2026-02-10 20:49:32,Staff,Male,18-40,Low
CASE000277,Doctor Consultation,2026-02-10 20:53:15,Dr. Patel,Male,61+,Low
CASE000771,Triage,2026-02-10 21:00:48,Staff,Female,41-60,Medium
CASE000970,Doctor Consultation,2026-02-10 21:04:27,Dr. Khan,Male,18-40,Low
CASE000277,Treatment,2026-02-10 21:09:16,Dr. Patel,Male,61+,Low
CASE000970,Treatment,2026-02-10 21:24:11,Dr. Khan,Male,18-40,Low
CASE000771,X-Ray,2026-02-10 21:29:55,Staff,Female,41-60,Medium
CASE000277,Discharge,2026-02-10 21:36:29,Staff,Male,61+,Low
CASE000970,Admission,2026-02-10 21:46:01,Staff,Male,18-40,Low
CASE000771,Triage,2026-02-10 21:50:11,Staff,Female,41-60,Medium
CASE000771,X-Ray,2026-02-10 22:16:31,Staff,Female,41-60,Medium
CASE000771,Lab Test,2026-02-10 22:43:23,Staff,Female,41-60,Medium
CASE000771,Doctor Consultation,2026-02-10 23:18:01,Dr. Khan,Female,41-60,Medium
CASE000771,Treatment,2026-02-10 23:29:11,Dr. Khan,Female,41-60,Medium
CASE000771,Discharge,2026-02-10 23:50:35,Staff,Female,41-60,Medium
CASE000462,Registration,2026-02-11 08:54:20,Staff,Male,18-40,Low
CASE000462,Triage,2026-02-11 09:25:59,Staff,Male,18-40,Low
CASE000462,Lab Test,2026-02-11 10:00:47,Staff,Male,18-40,Low
CASE000462,Doctor Consultation,2026-02-11 10:55:04,Dr. Patel,Male,18-40,Low
CASE000229,Registration,2026-02-11 11:20:35,Staff,Female,61+,Low
CASE000462,Treatment,2026-02-11 11:23:50,Dr. Patel,Male,18-40,Low
CASE000462,Discharge,2026-02-11 11:45:37,Staff,Male,18-40,Low
CASE000229,Triage,2026-02-11 11:58:22,Staff,Female,61+,Low
CASE000229,Doctor Consultation,2026-02-11 12:31:45,Dr. Khan,Female,61+,Low
CASE000229,Treatment,2026-02-11 12:50:23,Dr. Khan,Female,61+,Low
CASE000229,Discharge,2026-02-11 13:14:55,Staff,Female,61+,Low
CASE000556,Registration,2026-02-11 13:47:53,Staff,Female,61+,High
CASE000556,Triage,2026-02-11 14:07:00,Staff,Female,61+,High
CASE000556,Doctor Consultation,2026-02-11 14:44:57,Dr. Iyer,Female,61+,High
CASE000556,Treatment,2026-02-11 15:04:54,Dr. Iyer,Female,61+,High
CASE000556,Discharge,2026-02-11 15:21:32,Staff,Female,61+,High
CASE000802,Registration,2026-02-11 15:34:12,Staff,Male,18-40,Low
CASE000802,Triage,2026-02-11 15:54:17,Staff,Male,18-40,Low
CASE000802,X-Ray,2026-02-11 16:29:25,Staff,Male,18-40,Low
CASE000802,Triage,2026-02-11 16:41:46,Staff,Male,18-40,Low
CASE000802,X-Ray,2026-02-11 17:10:56,Staff,Male,18-40,Low
CASE000802,Doctor Consultation,2026-02-11 17:41:54,Dr. Patel,Male,18-40,Low
CASE000144,Registration,2026-02-11 17:52:10,Staff,Female,41-60,High
CASE000802,Treatment,2026-02-11 17:55:39,Dr. Patel,Male,18-40,Low
CASE000517,Registration,2026-02-11 18:04:25,Staff,Female,41-60,Medium
CASE000144,Triage,2026-02-11 18:12:44,Staff,Female,41-60,High
CASE000802,Admission,2026-02-11 18:23:09,Staff,Male,18-40,Low
CASE000517,Triage,2026-02-11 18:25:36,Staff,Female,41-60,Medium
CASE000133,Registration,2026-02-11 18:34:17,Staff,Female,41-60,Low
CASE000144,Doctor Consultation,2026-02-11 18:47:16,Dr. Reddy,Female,41-60,High
CASE000517,X-Ray,2026-02-11 18:49:28,Staff,Female,41-60,Medium
CASE000619,Registration,2026-02-11 18:52:09,Staff,Female,18-40,Low
CASE000133,X-Ray,2026-02-11 18:57:49,Staff,Female,41-60,Low
CASE000619,Triage,2026-02-11 19:01:38,Staff,Female,18-40,Low
CASE000144,Treatment,2026-02-11 19:14:52,Dr. Reddy,Female,41-60,High
CASE000517,Doctor Consultation,2026-02-11 19:19:46,Dr. Reddy,Female,41-60,Medium
CASE000133,Doctor Consultation,2026-02-11 19:27:35,Dr. Khan,Female,41-60,Low
CASE000619,Doctor Consultation,2026-02-11 19:28:27,Dr. Khan,Female,18-40,Low
CASE000133,Treatment,2026-02-11 19:40:07,Dr. Khan,Female,41-60,Low
CASE000144,Discharge,2026-02-11 19:40:51,Staff,Female,41-60,High
CASE000517,Treatment,2026-02-11 19:48:27,Dr. Reddy,Female,41-60,Medium
CASE000133,Admission,2026-02-11 19:58:21,Staff,Female,41-60,Low
CASE000619,Treatment,2026-02-11 20:00:06,Dr. Khan,Female,18-40,Low
CASE000517,Discharge,2026-02-11 20:20:15,Staff,Female,41-60,Medium
CASE000619,Admission,2026-02-11 20:21:00,Staff,Female,18-40,Low
CASE000377,Triage,2026-02-11 20:39:22,Staff,Female,18-40,Medium
CASE000377,Lab Test,2026-02-11 21:13:09,Staff,Female,18-40,Medium
CASE000377,Doctor Consultation,2026-02-11 21:30:37,Dr. Sharma,Female,18-40,Medium
CASE000377,Treatment,2026-02-11 21:57:34,Dr. Sharma,Female,18-40,Medium
CASE000377,Discharge,2026-02-11 22:19:05,Staff,Female,18-40,Medium
CASE000826,Registration,2026-02-12 04:34:53,Staff,Male,61+,Low
CASE000826,Triage,2026-02-12 04:49:34,Staff,Male,61+,Low
CASE000826,Lab Test,2026-02-12 05:26:25,Staff,Male,61+,Low
CASE000826,Doctor Consultation,2026-02-12 05:57:30,Dr. Khan,Male,61+,Low
CASE000826,Treatment,2026-02-12 06:09:41,Dr. Khan,Male,61+,Low
CASE000826,Discharge,2026-02-12 06:33:01,Staff,Male,61+,Low
CASE000113,Registration,2026-02-12 07:30:53,Staff,Female,61+,Low
CASE000228,Registration,2026-02-12 07:45:53,Staff,Female,0-17,High
CASE000113,Triage,2026-02-12 07:50:34,Staff,Female,61+,Low
CASE000228,Triage,2026-02-12 07:58:19,Staff,Female,0-17,High
CASE000113,Lab Test,2026-02-12 08:10:52,Staff,Female,61+,Low
CASE000057,Registration,2026-02-12 08:25:15,Staff,Female,61+,Low
CASE000228,X-Ray,2026-02-12 08:41:49,Staff,Female,0-17,High
CASE000113,Doctor Consultation,2026-02-12 08:45:40,Dr. Sharma,Female,61+,Low
CASE000057,Triage,2026-02-12 08:56:38,Staff,Female,61+,Low
CASE000113,Treatment,2026-02-12 08:57:34,Dr. Sharma,Female,61+,Low
CASE000228,Triage,2026-02-12 09:08:57,Staff,Female,0-17,High
CASE000940,Registration,2026-02-12 09:10:13,Staff,Male,61+,High
CASE000113,Discharge,2026-02-12 09:18:56,Staff,Female,61+,Low
CASE000940,Triage,2026-02-12 09:44:14,Staff,Male,61+,High
CASE000057,X-Ray,2026-02-12 10:20:25,Staff,Female,61+,Low
CASE000228,X-Ray,2026-02-12 10:22:45,Staff,Female,0-17,High
CASE000940,Lab Test,2026-02-12 10:25:18,Staff,Male,61+,High
CASE000057,Lab Test,2026-02-12 10:45:11,Staff,Female,61+,Low
CASE000940,Doctor Consultation,2026-02-12 10:53:57,Dr. Iyer,Male,61+,High
CASE000228,Doctor Consultation,2026-02-12 11:09:56,Dr. Khan,Female,0-17,High
CASE000940,Treatment,2026-02-12 11:24:56,Dr. Iyer,Male,61+,High
CASE000057,Doctor Consultation,2026-02-12 11:26:58,Dr. Sharma,Female,61+,Low
CASE000228,Treatment,2026-02-12 11:30:28,Dr. Khan,Female,0-17,High
CASE000929,Registration,2026-02-12 11:31:12,Staff,Male,0-17,Low
CASE000929,Triage,2026-02-12 11:43:33,Staff,Male,0-17,Low
CASE000057,Treatment,2026-02-12 11:49:27,Dr. Sharma,Female,61+,Low
CASE000940,Admission,2026-02-12 11:49:50,Staff,Male,61+,High
CASE000228,Discharge,2026-02-12 11:52:03,Staff,Female,0-17,High
CASE000057,Discharge,2026-02-12 12:08:22,Staff,Female,61+,Low
CASE000929,Doctor Consultation,2026-02-12 12:32:35,Dr. Khan,Male,0-17,Low
CASE000929,Treatment,2026-02-12 12:58:53,Dr. Khan,Male,0-17,Low
CASE000929,Admission,2026-02-12 13:24:48,Staff,Male,0-17,Low
CASE000949,Registration,2026-02-12 13:42:11,Staff,Female,18-40,Medium
CASE000949,Triage,2026-02-12 14:04:35,Staff,Female,18-40,Medium
CASE000872,Registration,2026-02-12 14:05:17,Staff,Male,18-40,Low
CASE000872,Triage,2026-02-12 14:20:16,Staff,Male,18-40,Low
CASE000949,X-Ray,2026-02-12 14:29:53,Staff,Female,18-40,Medium
CASE000872,X-Ray,2026-02-12 14:45:45,Staff,Male,18-40,Low
CASE000949,Doctor Consultation,2026-02-12 14:54:07,Dr. Sharma,Female,18-40,Medium
CASE000872,Doctor Consultation,2026-02-12 15:14:52,Dr. Sharma,Male,18-40,Low
CASE000949,Treatment,2026-02-12 15:20:36,Dr. Sharma,Female,18-40,Medium
CASE000949,Discharge,2026-02-12 15:27:31,Staff,Female,18-40,Medium
CASE000872,Treatment,2026-02-12 15:30:23,Dr. Sharma,Male,18-40,Low
CASE000872,Discharge,2026-02-12 15:37:06,Staff,Male,18-40,Low
CASE000013,Registration,2026-02-12 18:31:11,Staff,Female,61+,Medium
CASE000013,Triage,2026-02-12 18:50:11,Staff,Female,61+,Medium
CASE000013,Doctor Consultation,2026-02-12 19:15:48,Dr. Reddy,Female,61+,Medium
CASE000013,Treatment,2026-02-12 19:28:46,Dr. Reddy,Female,61+,Medium
CASE000013,Admission,2026-02-12 19:45:10,Staff,Female,61+,Medium
CASE000341,Registration,2026-02-12 20:12:41,Staff,Male,18-40,Low
CASE000341,Triage,2026-02-12 20:29:50,Staff,Male,18-40,Low
CASE000341,X-Ray,2026-02-12 20:52:30,Staff,Male,18-40,Low
CASE000341,Triage,2026-02-12 21:11:39,Staff,Male,18-40,Low
CASE000341,X-Ray,2026-02-12 21:40:19,Staff,Male,18-40,Low
CASE000341,Lab Test,2026-02-12 22:23:57,Staff,Male,18-40,Low
CASE000341,Doctor Consultation,2026-02-12 22:59:11,Dr. Iyer,Male,18-40,Low
CASE000341,Treatment,2026-02-12 23:24:11,Dr. Iyer,Male,18-40,Low
CASE000986,Registration,2026-02-12 23:27:14,Staff,Female,41-60,Low
CASE000341,Discharge,2026-02-12 23:33:20,Staff,Male,18-40,Low
CASE000986,Triage,2026-02-12 23:44:50,Staff,Female,41-60,Low
CASE000986,X-Ray,2026-02-13 00:13:34,Staff,Female,41-60,Low
CASE000986,Triage,2026-02-13 00:37:37,Staff,Female,41-60,Low
CASE000986,X-Ray,2026-02-13 01:07:43,Staff,Female,41-60,Low
CASE000986,Doctor Consultation,2026-02-13 01:46:39,Dr. Reddy,Female,41-60,Low
CASE000986,Treatment,2026-02-13 02:09:32,Dr. Reddy,Female,41-60,Low
CASE000967,Registration,2026-02-13 02:13:03,Staff,Female,0-17,Medium
CASE000967,X-Ray,2026-02-13 02:31:28,Staff,Female,0-17,Medium
CASE000986,Discharge,2026-02-13 02:31:35,Staff,Female,41-60,Low
CASE000967,Doctor Consultation,2026-02-13 02:59:01,Dr. Iyer,Female,0-17,Medium
CASE000967,Treatment,2026-02-13 03:24:25,Dr. Iyer,Female,0-17,Medium
CASE000967,Admission,2026-02-13 03:50:19,Staff,Female,0-17,Medium
CASE000754,Registration,2026-02-13 05:41:31,Staff,Female,18-40,Medium
CASE000754,Triage,2026-02-13 05:47:14,Staff,Female,18-40,Medium
CASE000754,Doctor Consultation,2026-02-13 06:09:11,Dr. Reddy,Female,18-40,Medium
CASE000754,Treatment,2026-02-13 06:23:42,Dr. Reddy,Female,18-40,Medium
CASE000754,Discharge,2026-02-13 06:40:52,Staff,Female,18-40,Medium
CASE000812,Registration,2026-02-13 16:54:01,Staff,Male,0-17,Low
CASE000812,Triage,2026-02-13 17:04:46,Staff,Male,0-17,Low
CASE000812,Doctor Consultation,2026-02-13 17:29:25,Dr. Reddy,Male,0-17,Low
CASE000812,Treatment,2026-02-13 17:50:25,Dr. Reddy,Male,0-17,Low
CASE000812,Discharge,2026-02-13 18:03:41,Staff,Male,0-17,Low
CASE000476,Registration,2026-02-13 18:20:58,Staff,Female,18-40,High
CASE000476,Triage,2026-02-13 18:33:22,Staff,Female,18-40,High
CASE000476,Doctor Consultation,2026-02-13 18:55:13,Dr. Iyer,Female,18-40,High
CASE000351,Registration,2026-02-13 19:06:53,Staff,Male,0-17,Medium
CASE000476,Treatment,2026-02-13 19:27:45,Dr. Iyer,Female,18-40,High
CASE000351,Triage,2026-02-13 19:30:09,Staff,Male,0-17,Medium
CASE000635,Registration,2026-02-13 19:39:19,Staff,Female,41-60,Low
CASE000476,Admission,2026-02-13 19:44:21,Staff,Female,18-40,High
CASE000635,Triage,2026-02-13 19:50:11,Staff,Female,41-60,Low
CASE000293,Registration,2026-02-13 19:55:56,Staff,Male,0-17,Low
CASE000351,X-Ray,2026-02-13 20:00:15,Staff,Male,0-17,Medium
CASE000293,Triage,2026-02-13 20:05:24,Staff,Male,0-17,Low
CASE000635,X-Ray,2026-02-13 20:07:52,Staff,Female,41-60,Low
CASE000351,Doctor Consultation,2026-02-13 20:23:32,Dr. Iyer,Male,0-17,Medium
CASE000293,X-Ray,2026-02-13 20:34:03,Staff,Male,0-17,Low
CASE000635,Doctor Consultation,2026-02-13 20:36:09,Dr. Iyer,Female,41-60,Low
CASE000351,Treatment,2026-02-13 20:41:59,Dr. Iyer,Male,0-17,Medium
CASE000293,Triage,2026-02-13 20:43:22,Staff,Male,0-17,Low
CASE000351,Admission,2026-02-13 20:57:29,Staff,Male,0-17,Medium
CASE000635,Treatment,2026-02-13 21:08:29,Dr. Iyer,Female,41-60,Low
CASE000293,X-Ray,2026-02-13 21:13:03,Staff,Male,0-17,Low
CASE000635,Discharge,2026-02-13 21:25:00,Staff,Female,41-60,Low
CASE000971,Registration,2026-02-13 21:31:15,Staff,Male,18-40,Low
CASE000971,Triage,2026-02-13 21:39:16,Staff,Male,18-40,Low
CASE000293,Lab Test,2026-02-13 21:49:11,Staff,Male,0-17,Low
CASE000760,Registration,2026-02-13 21:54:29,Staff,Male,61+,Medium
CASE000760,Triage,2026-02-13 22:07:31,Staff,Male,61+,Medium
CASE000971,Lab Test,2026-02-13 22:18:48,Staff,Male,18-40,Low
CASE000293,Doctor Consultation,2026-02-13 22:27:06,Dr. Sharma,Male,0-17,Low
CASE000760,X-Ray,2026-02-13 22:28:23,Staff,Male,61+,Medium
CASE000760,Triage,2026-02-13 22:39:09,Staff,Male,61+,Medium
CASE000293,Treatment,2026-02-13 22:47:09,Dr. Sharma,Male,0-17,Low
CASE000971,Doctor Consultation,2026-02-13 22:52:56,Dr. Patel,Male,18-40,Low
CASE000293,Discharge,2026-02-13 23:07:27,Staff,Male,0-17,Low
CASE000760,X-Ray,2026-02-13 23:09:13,Staff,Male,61+,Medium
CASE000971,Treatment,2026-02-13 23:16:03,Dr. Patel,Male,18-40,Low
CASE000760,Doctor Consultation,2026-02-13 23:30:24,Dr. Sharma,Male,61+,Medium
CASE000374,Registration,2026-02-13 23:34:38,Staff,Female,41-60,Low
CASE000971,Discharge,2026-02-13 23:42:14,Staff,Male,18-40,Low
CASE000374,Triage,2026-02-13 23:42:51,Staff,Female,41-60,Low
CASE000760,Treatment,2026-02-13 23:50:42,Dr. Sharma,Male,61+,Medium
CASE000374,Doctor Consultation,2026-02-14 00:00:15,Dr. Sharma,Female,41-60,Low
CASE000760,Discharge,2026-02-14 00:00:50,Staff,Male,61+,Medium
CASE000374,Treatment,2026-02-14 00:22:59,Dr. Sharma,Female,41-60,Low
CASE000374,Admission,2026-02-14 00:46:55,Staff,Female,41-60,Low
CASE000683,Registration,2026-02-14 07:05:00,Staff,Female,18-40,Medium
CASE000683,Triage,2026-02-14 07:14:27,Staff,Female,18-40,Medium
CASE000436,Registration,2026-02-14 07:34:46,Staff,Female,41-60,Medium
CASE000078,Registration,2026-02-14 07:38:03,Staff,Female,18-40,High
CASE000683,X-Ray,2026-02-14 07:46:48,Staff,Female,18-40,Medium
CASE000436,Triage,2026-02-14 07:46:49,Staff,Female,41-60,Medium
CASE000078,Triage,2026-02-14 07:56:46,Staff,Female,18-40,High
CASE000683,Doctor Consultation,2026-02-14 08:04:08,Dr. Reddy,Female,18-40,Medium
CASE000078,Doctor Consultation,2026-02-14 08:08:12,Dr. Khan,Female,18-40,High
CASE000436,Lab Test,2026-02-14 08:19:41,Staff,Female,41-60,Medium
CASE000683,Treatment,2026-02-14 08:21:41,Dr. Reddy,Female,18-40,Medium
CASE000078,Treatment,2026-02-14 08:27:22,Dr. Khan,Female,18-40,High
CASE000235,Registration,2026-02-14 08:34:26,Staff,Male,18-40,Low
CASE000683,Admission,2026-02-14 08:39:17,Staff,Female,18-40,Medium
CASE000436,Doctor Consultation,2026-02-14 08:43:22,Dr. Khan,Female,41-60,Medium
CASE000078,Discharge,2026-02-14 08:49:00,Staff,Female,18-40,High
CASE000235,Triage,2026-02-14 08:53:20,Staff,Male,18-40,Low
CASE000436,Treatment,2026-02-14 09:02:17,Dr. Khan,Female,41-60,Medium
CASE000657,Registration,2026-02-14 09:07:28,Staff,Female,41-60,High
CASE000436,Discharge,2026-02-14 09:10:40,Staff,Female,41-60,Medium
CASE000657,Triage,2026-02-14 09:29:21,Staff,Female,41-60,High
CASE000235,X-Ray,2026-02-14 10:03:39,Staff,Male,18-40,Low
CASE000657,X-Ray,2026-02-14 10:08:24,Staff,Female,41-60,High
CASE000657,Triage,2026-02-14 10:35:51,Staff,Female,41-60,High
CASE000235,Triage,2026-02-14 10:38:56,Staff,Male,18-40,Low
CASE000235,X-Ray,2026-02-14 11:29:44,Staff,Male,18-40,Low
CASE000657,X-Ray,2026-02-14 11:36:41,Staff,Female,41-60,High
CASE000745,Registration,2026-02-14 11:56:19,Staff,Female,18-40,Medium
CASE000745,Triage,2026-02-14 12:19:44,Staff,Female,18-40,Medium
CASE000235,Doctor Consultation,2026-02-14 12:20:36,Dr. Iyer,Male,18-40,Low
CASE000657,Doctor Consultation,2026-02-14 12:30:29,Dr. Reddy,Female,41-60,High
CASE000745,X-Ray,2026-02-14 12:37:15,Staff,Female,18-40,Medium
CASE000235,Treatment,2026-02-14 12:43:00,Dr. Iyer,Male,18-40,Low
CASE000745,Doctor Consultation,2026-02-14 12:49:02,Dr. Patel,Female,18-40,Medium
CASE000657,Treatment,2026-02-14 12:49:21,Dr. Reddy,Female,41-60,High
CASE000235,Discharge,2026-02-14 13:04:46,Staff,Male,18-40,Low
CASE000745,Treatment,2026-02-14 13:05:35,Dr. Patel,Female,18-40,Medium
CASE000657,Discharge,2026-02-14 13:15:42,Staff,Female,41-60,High
CASE000745,Admission,2026-02-14 13:24:21,Staff,Female,18-40,Medium
CASE000014,Registration,2026-02-14 16:31:37,Staff,Female,18-40,Medium
CASE000014,Triage,2026-02-14 16:51:22,Staff,Female,18-40,Medium
CASE000014,X-Ray,2026-02-14 17:20:49,Staff,Female,18-40,Medium
CASE000014,Triage,2026-02-14 17:34:38,Staff,Female,18-40,Medium
CASE000061,Registration,2026-02-14 17:38:01,Staff,Male,0-17,Low
CASE000077,Registration,2026-02-14 17:39:43,Staff,Female,41-60,Low
CASE000061,Triage,2026-02-14 17:49:03,Staff,Male,0-17,Low
CASE000077,Triage,2026-02-14 17:51:29,Staff,Female,41-60,Low
CASE000014,X-Ray,2026-02-14 17:51:59,Staff,Female,18-40,Medium
CASE000077,Doctor Consultation,2026-02-14 18:09:59,Dr. Sharma,Female,41-60,Low
CASE000061,X-Ray,2026-02-14 18:24:01,Staff,Male,0-17,Low
CASE000014,Lab Test,2026-02-14 18:26:57,Staff,Female,18-40,Medium
CASE000077,Treatment,2026-02-14 18:38:15,Dr. Sharma,Female,41-60,Low
CASE000061,Doctor Consultation,2026-02-14 18:44:08,Dr. Reddy,Male,0-17,Low
CASE000014,Doctor Consultation,2026-02-14 18:53:35,Dr. Reddy,Female,18-40,Medium
CASE000061,Treatment,2026-02-14 19:05:46,Dr. Reddy,Male,0-17,Low
CASE000077,Admission,2026-02-14 19:08:38,Staff,Female,41-60,Low
CASE000014,Treatment,2026-02-14 19:12:54,Dr. Reddy,Female,18-40,Medium
CASE000061,Discharge,2026-02-14 19:28:04,Staff,Male,0-17,Low
CASE000014,Discharge,2026-02-14 19:31:46,Staff,Female,18-40,Medium
CASE000411,Registration,2026-02-14 21:28:47,Staff,Male,61+,Low
CASE000411,Triage,2026-02-14 21:45:52,Staff,Male,61+,Low
CASE000411,Doctor Consultation,2026-02-14 22:20:52,Dr. Patel,Male,61+,Low
CASE000411,Treatment,2026-02-14 22:54:36,Dr. Patel,Male,61+,Low
CASE000411,Discharge,2026-02-14 23:24:15,Staff,Male,61+,Low
CASE000494,Registration,2026-02-15 06:03:33,Staff,Female,61+,Medium
CASE000494,Triage,2026-02-15 06:28:15,Staff,Female,61+,Medium
CASE000494,X-Ray,2026-02-15 06:55:12,Staff,Female,61+,Medium
CASE000494,Lab Test,2026-02-15 07:30:18,Staff,Female,61+,Medium
CASE000847,Registration,2026-02-15 07:50:03,Staff,Female,18-40,Low
CASE000494,Doctor Consultation,2026-02-15 07:55:43,Dr. Sharma,Female,61+,Medium
CASE000847,Triage,2026-02-15 08:01:06,Staff,Female,18-40,Low
CASE000494,Treatment,2026-02-15 08:17:53,Dr. Sharma,Female,61+,Medium
CASE000494,Discharge,2026-02-15 08:37:08,Staff,Female,61+,Medium
CASE000847,X-Ray,2026-02-15 08:47:04,Staff,Female,18-40,Low
CASE000847,Doctor Consultation,2026-02-15 09:40:44,Dr. Patel,Female,18-40,Low
CASE000847,Treatment,2026-02-15 09:57:08,Dr. Patel,Female,18-40,Low
CASE000131,Registration,2026-02-15 09:58:25,Staff,Female,0-17,Low
CASE000847,Discharge,2026-02-15 10:16:52,Staff,Female,18-40,Low
CASE000131,Triage,2026-02-15 10:27:04,Staff,Female,0-17,Low
CASE000131,Lab Test,2026-02-15 10:59:18,Staff,Female,0-17,Low
CASE000981,Registration,2026-02-15 11:11:47,Staff,Male,18-40,Medium
CASE000131,Doctor Consultation,2026-02-15 11:20:54,Dr. Patel,Female,0-17,Low
CASE000131,Treatment,2026-02-15 11:44:39,Dr. Patel,Female,0-17,Low
CASE000981,Triage,2026-02-15 11:47:44,Staff,Male,18-40,Medium
CASE000131,Admission,2026-02-15 12:06:52,Staff,Female,0-17,Low
CASE000981,X-Ray,2026-02-15 12:33:04,Staff,Male,18-40,Medium
CASE000981,Doctor Consultation,2026-02-15 12:50:41,Dr. Sharma,Male,18-40,Medium
CASE000981,Treatment,2026-02-15 13:01:23,Dr. Sharma,Male,18-40,Medium
CASE000981,Discharge,2026-02-15 13:26:52,Staff,Male,18-40,Medium
CASE000720,Registration,2026-02-15 13:40:22,Staff,Male,0-17,Medium
CASE000720,Triage,2026-02-15 13:59:02,Staff,Male,0-17,Medium
CASE000731,Registration,2026-02-15 14:02:50,Staff,Male,18-40,High
CASE000731,Triage,2026-02-15 14:17:52,Staff,Male,18-40,High
CASE000720,X-Ray,2026-02-15 14:40:41,Staff,Male,0-17,Medium
CASE000731,X-Ray,2026-02-15 14:41:34,Staff,Male,18-40,High
CASE000731,Lab Test,2026-02-15 15:02:25,Staff,Male,18-40,High
CASE000720,Lab Test,2026-02-15 15:11:44,Staff,Male,0-17,Medium
CASE000650,Registration,2026-02-15 15:20:01,Staff,Female,0-17,Low
CASE000731,Doctor Consultation,2026-02-15 15:28:25,Dr. Iyer,Male,18-40,High
CASE000650,Triage,2026-02-15 15:32:58,Staff,Female,0-17,Low
CASE000641,Registration,2026-02-15 15:38:24,Staff,Male,41-60,Low
CASE000731,Treatment,2026-02-15 15:45:54,Dr. Iyer,Male,18-40,High
CASE000720,Doctor Consultation,2026-02-15 15:52:07,Dr. Iyer,Male,0-17,Medium
CASE000641,Triage,2026-02-15 15:58:08,Staff,Male,41-60,Low
CASE000650,X-Ray,2026-02-15 16:00:25,Staff,Female,0-17,Low
CASE000731,Discharge,2026-02-15 16:07:45,Staff,Male,18-40,High
CASE000720,Treatment,2026-02-15 16:19:49,Dr. Iyer,Male,0-17,Medium
CASE000641,Doctor Consultation,2026-02-15 16:26:20,Dr. Khan,Male,41-60,Low
CASE000650,Triage,2026-02-15 16:26:25,Staff,Female,0-17,Low
CASE000720,Discharge,2026-02-15 16:34:35,Staff,Male,0-17,Medium
CASE000641,Treatment,2026-02-15 16:44:18,Dr. Khan,Male,41-60,Low
CASE000650,X-Ray,2026-02-15 16:48:45,Staff,Female,0-17,Low
CASE000641,Admission,2026-02-15 16:59:32,Staff,Male,41-60,Low
CASE000650,Doctor Consultation,2026-02-15 17:15:28,Dr. Iyer,Female,0-17,Low
CASE000866,Lab Test,2026-02-15 17:19:43,Staff,Male,61+,Low
CASE000650,Treatment,2026-02-15 17:27:23,Dr. Iyer,Female,0-17,Low
CASE000650,Discharge,2026-02-15 17:54:53,Staff,Female,0-17,Low
CASE000866,Doctor Consultation,2026-02-15 17:59:15,Dr. Reddy,Male,61+,Low
CASE000024,Registration,2026-02-15 18:26:41,Staff,Male,18-40,Low
CASE000866,Treatment,2026-02-15 18:30:05,Dr. Reddy,Male,61+,Low
CASE000024,Triage,2026-02-15 18:45:15,Staff,Male,18-40,Low
CASE000866,Discharge,2026-02-15 18:46:16,Staff,Male,61+,Low
CASE000024,X-Ray,2026-02-15 19:12:33,Staff,Male,18-40,Low
CASE000024,Lab Test,2026-02-15 19:41:24,Staff,Male,18-40,Low
CASE000024,Doctor Consultation,2026-02-15 20:13:36,Dr. Khan,Male,18-40,Low
CASE000024,Treatment,2026-02-15 20:39:05,Dr. Khan,Male,18-40,Low
CASE000024,Discharge,2026-02-15 21:02:57,Staff,Male,18-40,Low
CASE000481,Registration,2026-02-16 09:58:10,Staff,Male,61+,Medium
CASE000481,Triage,2026-02-16 10:24:35,Staff,Male,61+,Medium
CASE000481,X-Ray,2026-02-16 10:58:17,Staff,Male,61+,Medium
CASE000481,Doctor Consultation,2026-02-16 11:54:38,Dr. Khan,Male,61+,Medium
CASE000481,Treatment,2026-02-16 12:23:57,Dr. Khan,Male,61+,Medium
CASE000481,Discharge,2026-02-16 12:44:46,Staff,Male,61+,Medium
CASE000656,Registration,2026-02-16 13:32:02,Staff,Female,18-40,Low
CASE000656,Triage,2026-02-16 13:40:14,Staff,Female,18-40,Low
CASE000656,X-Ray,2026-02-16 14:20:29,Staff,Female,18-40,Low
CASE000656,Lab Test,2026-02-16 14:53:44,Staff,Female,18-40,Low
CASE000656,Doctor Consultation,2026-02-16 15:23:41,Dr. Iyer,Female,18-40,Low
CASE000656,Treatment,2026-02-16 15:39:50,Dr. Iyer,Female,18-40,Low
CASE000656,Discharge,2026-02-16 16:02:13,Staff,Female,18-40,Low
CASE000508,Registration,2026-02-16 19:14:56,Staff,Male,61+,Low
CASE000508,Triage,2026-02-16 19:34:16,Staff,Male,61+,Low
CASE000508,X-Ray,2026-02-16 20:08:59,Staff,Male,61+,Low
CASE000472,Registration,2026-02-16 20:09:38,Staff,Female,18-40,Low
CASE000472,Triage,2026-02-16 20:24:56,Staff,Female,18-40,Low
CASE000508,Doctor Consultation,2026-02-16 20:24:56,Dr. Sharma,Male,61+,Low
CASE000508,Treatment,2026-02-16 20:41:32,Dr. Sharma,Male,61+,Low
CASE000508,Discharge,2026-02-16 20:55:23,Staff,Male,61+,Low
CASE000472,X-Ray,2026-02-16 21:02:01,Staff,Female,18-40,Low
CASE000472,Triage,2026-02-16 21:13:27,Staff,Female,18-40,Low
CASE000472,X-Ray,2026-02-16 21:43:24,Staff,Female,18-40,Low
CASE000472,Doctor Consultation,2026-02-16 22:10:06,Dr. Reddy,Female,18-40,Low
CASE000472,Treatment,2026-02-16 22:41:53,Dr. Reddy,Female,18-40,Low
CASE000472,Discharge,2026-02-16 22:53:12,Staff,Female,18-40,Low
CASE000675,Registration,2026-02-17 00:08:58,Staff,Male,18-40,Low
CASE000675,Triage,2026-02-17 00:33:51,Staff,Male,18-40,Low
CASE000675,X-Ray,2026-02-17 00:58:39,Staff,Male,18-40,Low
CASE000675,Triage,2026-02-17 01:07:52,Staff,Male,18-40,Low
CASE000675,X-Ray,2026-02-17 01:21:54,Staff,Male,18-40,Low
CASE000675,Doctor Consultation,2026-02-17 01:54:31,Dr. Khan,Male,18-40,Low
CASE000675,Treatment,2026-02-17 02:25:05,Dr. Khan,Male,18-40,Low
CASE000675,Discharge,2026-02-17 02:41:34,Staff,Male,18-40,Low
CASE000424,Registration,2026-02-17 10:18:15,Staff,Male,18-40,Low
CASE000424,Triage,2026-02-17 10:42:46,Staff,Male,18-40,Low
CASE000424,X-Ray,2026-02-17 11:53:25,Staff,Male,18-40,Low
CASE000424,Lab Test,2026-02-17 12:16:07,Staff,Male,18-40,Low
CASE000424,Doctor Consultation,2026-02-17 12:38:02,Dr. Reddy,Male,18-40,Low
CASE000424,Treatment,2026-02-17 12:51:55,Dr. Reddy,Male,18-40,Low
CASE000897,Registration,2026-02-17 13:07:42,Staff,Male,18-40,Medium
CASE000424,Discharge,2026-02-17 13:14:01,Staff,Male,18-40,Low
CASE000897,Triage,2026-02-17 13:27:36,Staff,Male,18-40,Medium
CASE000897,X-Ray,2026-02-17 13:43:34,Staff,Male,18-40,Medium
CASE000897,Triage,2026-02-17 13:50:33,Staff,Male,18-40,Medium
CASE000897,X-Ray,2026-02-17 14:06:33,Staff,Male,18-40,Medium
CASE000429,Registration,2026-02-17 14:12:36,Staff,Female,18-40,Low
CASE000550,Registration,2026-02-17 14:19:42,Staff,Male,18-40,High
CASE000429,Triage,2026-02-17 14:34:03,Staff,Female,18-40,Low
CASE000550,X-Ray,2026-02-17 14:35:33,Staff,Male,18-40,High
CASE000897,Lab Test,2026-02-17 14:35:59,Staff,Male,18-40,Medium
CASE000550,Lab Test,2026-02-17 15:05:34,Staff,Male,18-40,High
CASE000429,Lab Test,2026-02-17 15:10:40,Staff,Female,18-40,Low
CASE000897,Doctor Consultation,2026-02-17 15:13:47,Dr. Iyer,Male,18-40,Medium
CASE000897,Treatment,2026-02-17 15:29:37,Dr. Iyer,Male,18-40,Medium
CASE000550,Doctor Consultation,2026-02-17 15:30:32,Dr. Khan,Male,18-40,High
CASE000429,Doctor Consultation,2026-02-17 15:39:58,Dr. Khan,Female,18-40,Low
CASE000897,Discharge,2026-02-17 15:42:25,Staff,Male,18-40,Medium
CASE000261,Registration,2026-02-17 15:42:54,Staff,Female,41-60,Low
CASE000550,Treatment,2026-02-17 15:42:58,Dr. Khan,Male,18-40,High
CASE000429,Treatment,2026-02-17 15:53:31,Dr. Khan,Female,18-40,Low
CASE000261,Triage,2026-02-17 16:01:06,Staff,Female,41-60,Low
CASE000550,Discharge,2026-02-17 16:06:23,Staff,Male,18-40,High
CASE000429,Discharge,2026-02-17 16:24:10,Staff,Female,18-40,Low
CASE000589,Registration,2026-02-17 16:28:25,Staff,Female,18-40,Low
CASE000261,X-Ray,2026-02-17 16:35:26,Staff,Female,41-60,Low
CASE000261,Triage,2026-02-17 16:46:20,Staff,Female,41-60,Low
CASE000589,Triage,2026-02-17 16:49:01,Staff,Female,18-40,Low
CASE000589,Doctor Consultation,2026-02-17 17:12:52,Dr. Patel,Female,18-40,Low
CASE000261,X-Ray,2026-02-17 17:14:41,Staff,Female,41-60,Low
CASE000589,Treatment,2026-02-17 17:30:08,Dr. Patel,Female,18-40,Low
CASE000261,Doctor Consultation,2026-02-17 17:36:24,Dr. Reddy,Female,41-60,Low
CASE000053,Registration,2026-02-17 17:39:46,Staff,Female,41-60,Medium
CASE000589,Discharge,2026-02-17 17:44:35,Staff,Female,18-40,Low
CASE000053,Triage,2026-02-17 17:51:51,Staff,Female,41-60,Medium
CASE000261,Treatment,2026-02-17 17:54:27,Dr. Reddy,Female,41-60,Low
CASE000261,Discharge,2026-02-17 18:12:43,Staff,Female,41-60,Low
CASE000053,Doctor Consultation,2026-02-17 18:28:14,Dr. Reddy,Female,41-60,Medium
CASE000370,Registration,2026-02-17 18:34:38,Staff,Male,18-40,Medium
CASE000146,Registration,2026-02-17 18:38:48,Staff,Male,0-17,Low
CASE000370,Triage,2026-02-17 18:52:40,Staff,Male,18-40,Medium
CASE000053,Treatment,2026-02-17 18:57:45,Dr. Reddy,Female,41-60,Medium
CASE000146,Triage,2026-02-17 19:02:46,Staff,Male,0-17,Low
CASE000053,Discharge,2026-02-17 19:09:06,Staff,Female,41-60,Medium
CASE000146,X-Ray,2026-02-17 19:21:47,Staff,Male,0-17,Low
CASE000370,Doctor Consultation,2026-02-17 19:34:29,Dr. Khan,Male,18-40,Medium
CASE000146,Triage,2026-02-17 19:39:31,Staff,Male,0-17,Low
CASE000410,Registration,2026-02-17 19:44:47,Staff,Female,18-40,Low
CASE000370,Treatment,2026-02-17 19:51:58,Dr. Khan,Male,18-40,Medium
CASE000410,Triage,2026-02-17 19:58:44,Staff,Female,18-40,Low
CASE000146,X-Ray,2026-02-17 20:02:12,Staff,Male,0-17,Low
CASE000281,Registration,2026-02-17 20:12:53,Staff,Male,18-40,Low
CASE000370,Admission,2026-02-17 20:13:49,Staff,Male,18-40,Medium
CASE000410,X-Ray,2026-02-17 20:20:28,Staff,Female,18-40,Low
CASE000281,Triage,2026-02-17 20:21:59,Staff,Male,18-40,Low
CASE000146,Doctor Consultation,2026-02-17 20:26:54,Dr. Patel,Male,0-17,Low
CASE000146,Treatment,2026-02-17 20:43:56,Dr. Patel,Male,0-17,Low
CASE000281,X-Ray,2026-02-17 20:46:47,Staff,Male,18-40,Low
CASE000410,Lab Test,2026-02-17 20:59:06,Staff,Female,18-40,Low
CASE000146,Discharge,2026-02-17 21:02:55,Staff,Male,0-17,Low
CASE000281,Doctor Consultation,2026-02-17 21:04:59,Dr. Patel,Male,18-40,Low
CASE000281,Treatment,2026-02-17 21:20:52,Dr. Patel,Male,18-40,Low
CASE000281,Discharge,2026-02-17 21:29:04,Staff,Male,18-40,Low
CASE000410,Doctor Consultation,2026-02-17 21:31:43,Dr. Reddy,Female,18-40,Low
CASE000410,Treatment,2026-02-17 21:57:16,Dr. Reddy,Female,18-40,Low
CASE000410,Discharge,2026-02-17 22:08:13,Staff,Female,18-40,Low
CASE000601,Registration,2026-02-17 23:39:04,Staff,Female,41-60,Low
CASE000601,Triage,2026-02-17 23:52:26,Staff,Female,41-60,Low
CASE000601,Doctor Consultation,2026-02-18 00:31:28,Dr. Sharma,Female,41-60,Low
CASE000601,Treatment,2026-02-18 00:48:14,Dr. Sharma,Female,41-60,Low
CASE000601,Admission,2026-02-18 01:12:48,Staff,Female,41-60,Low
CASE000509,Registration,2026-02-18 08:33:20,Staff,Female,41-60,Low
CASE000509,Triage,2026-02-18 08:57:12,Staff,Female,41-60,Low
CASE000509,Doctor Consultation,2026-02-18 09:32:35,Dr. Sharma,Female,41-60,Low
CASE000665,Registration,2026-02-18 09:56:23,Staff,Male,18-40,High
CASE000509,Treatment,2026-02-18 09:59:14,Dr. Sharma,Female,41-60,Low
CASE000509,Admission,2026-02-18 10:20:56,Staff,Female,41-60,Low
CASE000665,Triage,2026-02-18 10:29:16,Staff,Male,18-40,High
CASE000209,Registration,2026-02-18 10:43:00,Staff,Female,18-40,Low
CASE000209,Triage,2026-02-18 10:56:47,Staff,Female,18-40,Low
CASE000665,X-Ray,2026-02-18 11:45:37,Staff,Male,18-40,High
CASE000033,Registration,2026-02-18 11:47:56,Staff,Female,61+,High
CASE000665,Triage,2026-02-18 11:58:34,Staff,Male,18-40,High
CASE000655,Registration,2026-02-18 12:06:59,Staff,Female,18-40,Low
CASE000209,X-Ray,2026-02-18 12:08:38,Staff,Female,18-40,Low
CASE000033,Triage,2026-02-18 12:12:34,Staff,Female,61+,High
CASE000665,X-Ray,2026-02-18 12:22:30,Staff,Male,18-40,High
CASE000655,Triage,2026-02-18 12:24:51,Staff,Female,18-40,Low
CASE000019,Registration,2026-02-18 12:27:05,Staff,Female,0-17,Medium
CASE000209,Triage,2026-02-18 12:31:56,Staff,Female,18-40,Low
CASE000033,Lab Test,2026-02-18 12:36:15,Staff,Female,61+,High
CASE000665,Doctor Consultation,2026-02-18 12:44:59,Dr. Khan,Male,18-40,High
CASE000655,X-Ray,2026-02-18 12:47:11,Staff,Female,18-40,Low
CASE000019,Triage,2026-02-18 12:52:18,Staff,Female,0-17,Medium
CASE000360,Registration,2026-02-18 12:57:05,Staff,Female,61+,Medium
CASE000209,X-Ray,2026-02-18 13:01:53,Staff,Female,18-40,Low
CASE000665,Treatment,2026-02-18 13:02:43,Dr. Khan,Male,18-40,High
CASE000360,Triage,2026-02-18 13:08:55,Staff,Female,61+,Medium
CASE000033,Doctor Consultation,2026-02-18 13:12:04,Dr. Reddy,Female,61+,High
CASE000655,Lab Test,2026-02-18 13:13:38,Staff,Female,18-40,Low
CASE000019,Doctor Consultation,2026-02-18 13:23:08,Dr. Khan,Female,0-17,Medium
CASE000665,Admission,2026-02-18 13:24:00,Staff,Male,18-40,High
CASE000209,Doctor Consultation,2026-02-18 13:28:18,Dr. Khan,Female,18-40,Low
CASE000360,X-Ray,2026-02-18 13:31:54,Staff,Female,61+,Medium
CASE000655,Doctor Consultation,2026-02-18 13:36:01,Dr. Khan,Female,18-40,Low
CASE000033,Treatment,2026-02-18 13:38:13,Dr. Reddy,Female,61+,High
CASE000209,Treatment,2026-02-18 13:44:22,Dr. Khan,Female,18-40,Low
CASE000019,Treatment,2026-02-18 13:45:40,Dr. Khan,Female,0-17,Medium
CASE000019,Discharge,2026-02-18 13:58:02,Staff,Female,0-17,Medium
CASE000033,Discharge,2026-02-18 13:58:38,Staff,Female,61+,High
CASE000655,Treatment,2026-02-18 13:58:46,Dr. Khan,Female,18-40,Low
CASE000360,Doctor Consultation,2026-02-18 14:03:02,Dr. Sharma,Female,61+,Medium
CASE000209,Discharge,2026-02-18 14:08:53,Staff,Female,18-40,Low
CASE000360,Treatment,2026-02-18 14:20:52,Dr. Sharma,Female,61+,Medium
CASE000655,Discharge,2026-02-18 14:27:01,Staff,Female,18-40,Low
CASE000360,Admission,2026-02-18 14:37:53,Staff,Female,61+,Medium
CASE000325,Registration,2026-02-18 16:56:24,Staff,Female,0-17,Medium
CASE000325,Triage,2026-02-18 17:10:14,Staff,Female,0-17,Medium
CASE000491,Registration,2026-02-18 17:11:36,Staff,Male,41-60,Low
CASE000491,Triage,2026-02-18 17:20:22,Staff,Male,41-60,Low
CASE000325,Doctor Consultation,2026-02-18 17:30:35,Dr. Reddy,Female,0-17,Medium
CASE000325,Treatment,2026-02-18 17:42:34,Dr. Reddy,Female,0-17,Medium
CASE000402,Triage,2026-02-18 17:52:19,Staff,Female,18-40,Medium
CASE000491,X-Ray,2026-02-18 17:58:20,Staff,Male,41-60,Low
CASE000325,Discharge,2026-02-18 18:00:53,Staff,Female,0-17,Medium
CASE000402,Doctor Consultation,2026-02-18 18:17:14,Dr. Reddy,Female,18-40,Medium
CASE000491,Doctor Consultation,2026-02-18 18:20:58,Dr. Sharma,Male,41-60,Low
CASE000491,Treatment,2026-02-18 18:36:31,Dr. Sharma,Male,41-60,Low
CASE000402,Treatment,2026-02-18 18:40:12,Dr. Reddy,Female,18-40,Medium
CASE000402,Discharge,2026-02-18 18:55:07,Staff,Female,18-40,Medium
CASE000491,Discharge,2026-02-18 19:06:52,Staff,Male,41-60,Low
CASE000894,Registration,2026-02-18 19:10:30,Staff,Male,41-60,Low
CASE000289,Registration,2026-02-18 19:24:17,Staff,Female,41-60,Medium
CASE000894,Triage,2026-02-18 19:24:35,Staff,Male,41-60,Low
CASE000289,Triage,2026-02-18 19:46:31,Staff,Female,41-60,Medium
CASE000894,X-Ray,2026-02-18 19:48:57,Staff,Male,41-60,Low
CASE000880,Registration,2026-02-18 19:56:09,Staff,Male,18-40,High
CASE000289,Doctor Consultation,2026-02-18 20:05:31,Dr. Sharma,Female,41-60,Medium
CASE000894,Triage,2026-02-18 20:09:23,Staff,Male,41-60,Low
CASE000880,Triage,2026-02-18 20:11:30,Staff,Male,18-40,High
CASE000289,Treatment,2026-02-18 20:32:47,Dr. Sharma,Female,41-60,Medium
CASE000894,X-Ray,2026-02-18 20:42:15,Staff,Male,41-60,Low
CASE000289,Admission,2026-02-18 20:42:47,Staff,Female,41-60,Medium
CASE000880,X-Ray,2026-02-18 20:52:35,Staff,Male,18-40,High
CASE000894,Doctor Consultation,2026-02-18 21:09:21,Dr. Iyer,Male,41-60,Low
CASE000880,Lab Test,2026-02-18 21:26:04,Staff,Male,18-40,High
CASE000894,Treatment,2026-02-18 21:27:09,Dr. Iyer,Male,41-60,Low
CASE000894,Admission,2026-02-18 21:44:29,Staff,Male,41-60,Low
CASE000880,Doctor Consultation,2026-02-18 21:47:20,Dr. Patel,Male,18-40,High
CASE000880,Treatment,2026-02-18 22:05:53,Dr. Patel,Male,18-40,High
CASE000880,Discharge,2026-02-18 22:33:51,Staff,Male,18-40,High
CASE000396,Registration,2026-02-18 22:40:36,Staff,Female,18-40,High
CASE000396,Triage,2026-02-18 23:00:41,Staff,Female,18-40,High
CASE000396,X-Ray,2026-02-18 23:27:17,Staff,Female,18-40,High
CASE000396,Triage,2026-02-18 23:47:41,Staff,Female,18-40,High
CASE000396,X-Ray,2026-02-19 00:18:30,Staff,Female,18-40,High
CASE000396,Doctor Consultation,2026-02-19 00:44:45,Dr. Reddy,Female,18-40,High
CASE000396,Treatment,2026-02-19 01:00:03,Dr. Reddy,Female,18-40,High
CASE000396,Discharge,2026-02-19 01:17:58,Staff,Female,18-40,High
CASE000208,Registration,2026-02-19 06:18:20,Staff,Female,41-60,Low
CASE000208,Triage,2026-02-19 06:36:32,Staff,Female,41-60,Low
CASE000208,X-Ray,2026-02-19 07:03:00,Staff,Female,41-60,Low
CASE000208,Doctor Consultation,2026-02-19 07:28:45,Dr. Iyer,Female,41-60,Low
CASE000667,Registration,2026-02-19 07:40:10,Staff,Female,0-17,High
CASE000667,Triage,2026-02-19 07:50:41,Staff,Female,0-17,High
CASE000208,Treatment,2026-02-19 07:55:00,Dr. Iyer,Female,41-60,Low
CASE000667,Doctor Consultation,2026-02-19 08:04:19,Dr. Patel,Female,0-17,High
CASE000382,Registration,2026-02-19 08:08:23,Staff,Female,41-60,High
CASE000208,Discharge,2026-02-19 08:23:08,Staff,Female,41-60,Low
CASE000667,Treatment,2026-02-19 08:33:24,Dr. Patel,Female,0-17,High
CASE000382,Triage,2026-02-19 08:34:20,Staff,Female,41-60,High
CASE000667,Discharge,2026-02-19 08:48:09,Staff,Female,0-17,High
CASE000988,Registration,2026-02-19 09:47:18,Staff,Male,0-17,Low
CASE000382,X-Ray,2026-02-19 09:51:09,Staff,Female,41-60,High
CASE000988,Triage,2026-02-19 10:09:55,Staff,Male,0-17,Low
CASE000382,Triage,2026-02-19 10:11:16,Staff,Female,41-60,High
CASE000382,X-Ray,2026-02-19 11:04:35,Staff,Female,41-60,High
CASE000988,X-Ray,2026-02-19 11:06:51,Staff,Male,0-17,Low
CASE000839,Registration,2026-02-19 11:10:13,Staff,Male,0-17,Low
CASE000988,Triage,2026-02-19 11:27:49,Staff,Male,0-17,Low
CASE000839,Triage,2026-02-19 11:34:01,Staff,Male,0-17,Low
CASE000376,Registration,2026-02-19 11:39:14,Staff,Female,18-40,Low
CASE000382,Doctor Consultation,2026-02-19 11:44:41,Dr. Reddy,Female,41-60,High
CASE000376,Triage,2026-02-19 11:58:57,Staff,Female,18-40,Low
CASE000382,Treatment,2026-02-19 12:08:34,Dr. Reddy,Female,41-60,High
CASE000376,X-Ray,2026-02-19 12:13:22,Staff,Female,18-40,Low
CASE000839,X-Ray,2026-02-19 12:20:45,Staff,Male,0-17,Low
CASE000150,Registration,2026-02-19 12:28:01,Staff,Female,41-60,Low
CASE000376,Triage,2026-02-19 12:30:35,Staff,Female,18-40,Low
CASE000988,X-Ray,2026-02-19 12:34:36,Staff,Male,0-17,Low
CASE000382,Discharge,2026-02-19 12:35:29,Staff,Female,41-60,High
CASE000150,Triage,2026-02-19 12:40:21,Staff,Female,41-60,Low
CASE000839,Doctor Consultation,2026-02-19 12:52:09,Dr. Iyer,Male,0-17,Low
CASE000376,X-Ray,2026-02-19 13:00:37,Staff,Female,18-40,Low
CASE000988,Doctor Consultation,2026-02-19 13:01:07,Dr. Sharma,Male,0-17,Low
CASE000150,X-Ray,2026-02-19 13:03:42,Staff,Female,41-60,Low
CASE000988,Treatment,2026-02-19 13:13:47,Dr. Sharma,Male,0-17,Low
CASE000839,Treatment,2026-02-19 13:20:29,Dr. Iyer,Male,0-17,Low
CASE000988,Discharge,2026-02-19 13:26:51,Staff,Male,0-17,Low
CASE000150,Lab Test,2026-02-19 13:32:42,Staff,Female,41-60,Low
CASE000376,Lab Test,2026-02-19 13:43:54,Staff,Female,18-40,Low
CASE000839,Admission,2026-02-19 13:47:30,Staff,Male,0-17,Low
CASE000150,Doctor Consultation,2026-02-19 13:58:53,Dr. Sharma,Female,41-60,Low
CASE000376,Doctor Consultation,2026-02-19 14:01:23,Dr. Khan,Female,18-40,Low
CASE000376,Treatment,2026-02-19 14:14:19,Dr. Khan,Female,18-40,Low
CASE000150,Treatment,2026-02-19 14:17:00,Dr. Sharma,Female,41-60,Low
CASE000150,Discharge,2026-02-19 14:36:10,Staff,Female,41-60,Low
CASE000376,Admission,2026-02-19 14:38:03,Staff,Female,18-40,Low
CASE000065,Registration,2026-02-19 19:32:03,Staff,Female,0-17,Low
CASE000065,Triage,2026-02-19 19:57:17,Staff,Female,0-17,Low
CASE000065,X-Ray,2026-02-19 20:36:24,Staff,Female,0-17,Low
CASE000065,Lab Test,2026-02-19 20:55:49,Staff,Female,0-17,Low
CASE000163,Registration,2026-02-19 21:29:55,Staff,Male,41-60,Medium
CASE000065,Doctor Consultation,2026-02-19 21:31:41,Dr. Patel,Female,0-17,Low
CASE000163,Triage,2026-02-19 21:45:34,Staff,Male,41-60,Medium
CASE000065,Treatment,2026-02-19 21:58:36,Dr. Patel,Female,0-17,Low
CASE000785,Registration,2026-02-19 22:04:38,Staff,Male,41-60,Low
CASE000163,X-Ray,2026-02-19 22:10:42,Staff,Male,41-60,Medium
CASE000065,Admission,2026-02-19 22:10:51,Staff,Female,0-17,Low
CASE000163,Triage,2026-02-19 22:21:39,Staff,Male,41-60,Medium
CASE000785,Triage,2026-02-19 22:30:58,Staff,Male,41-60,Low
CASE000163,X-Ray,2026-02-19 22:47:17,Staff,Male,41-60,Medium
CASE000785,X-Ray,2026-02-19 22:47:58,Staff,Male,41-60,Low
CASE000785,Triage,2026-02-19 23:14:00,Staff,Male,41-60,Low
CASE000163,Lab Test,2026-02-19 23:26:29,Staff,Male,41-60,Medium
CASE000785,X-Ray,2026-02-19 23:46:58,Staff,Male,41-60,Low
CASE000163,Doctor Consultation,2026-02-19 23:54:07,Dr. Khan,Male,41-60,Medium
CASE000785,Doctor Consultation,2026-02-20 00:15:56,Dr. Khan,Male,41-60,Low
CASE000163,Treatment,2026-02-20 00:17:10,Dr. Khan,Male,41-60,Medium
CASE000163,Admission,2026-02-20 00:41:43,Staff,Male,41-60,Medium
CASE000785,Treatment,2026-02-20 00:45:46,Dr. Khan,Male,41-60,Low
CASE000785,Discharge,2026-02-20 01:02:21,Staff,Male,41-60,Low
CASE000781,Registration,2026-02-20 08:36:52,Staff,Male,41-60,Low
CASE000781,Triage,2026-02-20 08:49:59,Staff,Male,41-60,Low
CASE000629,Registration,2026-02-20 09:04:15,Staff,Female,41-60,Low
CASE000781,X-Ray,2026-02-20 09:29:37,Staff,Male,41-60,Low
CASE000629,Triage,2026-02-20 09:35:38,Staff,Female,41-60,Low
CASE000781,Doctor Consultation,2026-02-20 10:18:52,Dr. Reddy,Male,41-60,Low
CASE000781,Treatment,2026-02-20 10:38:01,Dr. Reddy,Male,41-60,Low
CASE000475,Registration,2026-02-20 10:39:55,Staff,Male,41-60,Medium
CASE000629,X-Ray,2026-02-20 10:42:15,Staff,Female,41-60,Low
CASE000328,Registration,2026-02-20 10:58:15,Staff,Male,61+,High
CASE000781,Admission,2026-02-20 11:00:43,Staff,Male,41-60,Low
CASE000475,Triage,2026-02-20 11:03:11,Staff,Male,41-60,Medium
CASE000328,Triage,2026-02-20 11:09:17,Staff,Male,61+,High
CASE000629,Doctor Consultation,2026-02-20 11:15:54,Dr. Khan,Female,41-60,Low
CASE000328,Lab Test,2026-02-20 11:37:24,Staff,Male,61+,High
CASE000629,Treatment,2026-02-20 11:44:20,Dr. Khan,Female,41-60,Low
CASE000475,X-Ray,2026-02-20 12:11:03,Staff,Male,41-60,Medium
CASE000629,Discharge,2026-02-20 12:11:44,Staff,Female,41-60,Low
CASE000328,Doctor Consultation,2026-02-20 12:13:54,Dr. Reddy,Male,61+,High
CASE000328,Treatment,2026-02-20 12:27:25,Dr. Reddy,Male,61+,High
CASE000475,Doctor Consultation,2026-02-20 12:33:23,Dr. Sharma,Male,41-60,Medium
CASE000328,Discharge,2026-02-20 12:49:09,Staff,Male,61+,High
CASE000475,Treatment,2026-02-20 12:56:30,Dr. Sharma,Male,41-60,Medium
CASE000475,Discharge,2026-02-20 13:07:51,Staff,Male,41-60,Medium
CASE000685,Registration,2026-02-20 13:30:02,Staff,Male,41-60,Medium
CASE000685,Triage,2026-02-20 13:39:40,Staff,Male,41-60,Medium
CASE000685,Doctor Consultation,2026-02-20 14:05:08,Dr. Iyer,Male,41-60,Medium
CASE000685,Treatment,2026-02-20 14:26:06,Dr. Iyer,Male,41-60,Medium
CASE000685,Admission,2026-02-20 14:40:16,Staff,Male,41-60,Medium
CASE000020,Registration,2026-02-20 15:43:26,Staff,Male,18-40,Medium
CASE000020,Triage,2026-02-20 16:00:55,Staff,Male,18-40,Medium
CASE000020,Doctor Consultation,2026-02-20 16:19:26,Dr. Khan,Male,18-40,Medium
CASE000020,Treatment,2026-02-20 16:36:27,Dr. Khan,Male,18-40,Medium
CASE000020,Discharge,2026-02-20 16:58:45,Staff,Male,18-40,Medium
CASE000643,Registration,2026-02-20 18:37:42,Staff,Male,18-40,Medium
CASE000643,Triage,2026-02-20 18:54:55,Staff,Male,18-40,Medium
CASE000643,Doctor Consultation,2026-02-20 19:27:36,Dr. Sharma,Male,18-40,Medium
CASE000643,Treatment,2026-02-20 19:52:01,Dr. Sharma,Male,18-40,Medium
CASE000643,Discharge,2026-02-20 20:10:59,Staff,Male,18-40,Medium
CASE000022,Registration,2026-02-20 21:16:01,Staff,Male,41-60,Low
CASE000022,X-Ray,2026-02-20 21:45:16,Staff,Male,41-60,Low
CASE000022,Doctor Consultation,2026-02-20 22:13:15,Dr. Iyer,Male,41-60,Low
CASE000022,Treatment,2026-02-20 22:40:33,Dr. Iyer,Male,41-60,Low
CASE000022,Discharge,2026-02-20 23:06:52,Staff,Male,41-60,Low
CASE000338,Registration,2026-02-21 01:18:07,Staff,Female,41-60,High
CASE000338,Triage,2026-02-21 01:25:47,Staff,Female,41-60,High
CASE000338,Doctor Consultation,2026-02-21 01:51:44,Dr. Reddy,Female,41-60,High
CASE000338,Treatment,2026-02-21 02:22:34,Dr. Reddy,Female,41-60,High
CASE000578,Registration,2026-02-21 02:38:28,Staff,Male,0-17,Medium
CASE000338,Discharge,2026-02-21 02:56:13,Staff,Female,41-60,High
CASE000578,Triage,2026-02-21 03:00:15,Staff,Male,0-17,Medium
CASE000578,Doctor Consultation,2026-02-21 03:31:41,Dr. Patel,Male,0-17,Medium
CASE000578,Treatment,2026-02-21 04:03:47,Dr. Patel,Male,0-17,Medium
CASE000578,Discharge,2026-02-21 04:30:39,Staff,Male,0-17,Medium
CASE000125,Registration,2026-02-21 04:59:35,Staff,Female,61+,Low
CASE000125,Triage,2026-02-21 05:13:06,Staff,Female,61+,Low
CASE000463,Registration,2026-02-21 05:30:35,Staff,Female,18-40,Low
CASE000463,Triage,2026-02-21 05:40:42,Staff,Female,18-40,Low
CASE000125,X-Ray,2026-02-21 05:55:00,Staff,Female,61+,Low
CASE000463,X-Ray,2026-02-21 06:10:17,Staff,Female,18-40,Low
CASE000125,Doctor Consultation,2026-02-21 06:20:14,Dr. Khan,Female,61+,Low
CASE000125,Treatment,2026-02-21 06:34:45,Dr. Khan,Female,61+,Low
CASE000463,Doctor Consultation,2026-02-21 06:35:59,Dr. Iyer,Female,18-40,Low
CASE000379,Registration,2026-02-21 06:52:48,Staff,Male,18-40,Low
CASE000463,Treatment,2026-02-21 06:56:19,Dr. Iyer,Female,18-40,Low
CASE000125,Discharge,2026-02-21 06:57:28,Staff,Female,61+,Low
CASE000379,Triage,2026-02-21 07:00:23,Staff,Male,18-40,Low
CASE000463,Admission,2026-02-21 07:07:51,Staff,Female,18-40,Low
CASE000379,Lab Test,2026-02-21 07:39:59,Staff,Male,18-40,Low
CASE000379,Doctor Consultation,2026-02-21 08:17:21,Dr. Khan,Male,18-40,Low
CASE000738,Registration,2026-02-21 08:31:20,Staff,Male,41-60,Low
CASE000916,Registration,2026-02-21 08:44:24,Staff,Female,41-60,Low
CASE000379,Treatment,2026-02-21 08:48:56,Dr. Khan,Male,18-40,Low
CASE000841,Triage,2026-02-21 08:55:58,Staff,Male,61+,Low
CASE000916,Triage,2026-02-21 08:58:35,Staff,Female,41-60,Low
CASE000379,Discharge,2026-02-21 08:59:23,Staff,Male,18-40,Low
CASE000738,Triage,2026-02-21 09:03:12,Staff,Male,41-60,Low
CASE000916,Lab Test,2026-02-21 09:12:10,Staff,Female,41-60,Low
CASE000766,Registration,2026-02-21 09:31:32,Staff,Male,18-40,Low
CASE000916,Doctor Consultation,2026-02-21 09:39:43,Dr. Reddy,Female,41-60,Low
CASE000766,Triage,2026-02-21 09:47:17,Staff,Male,18-40,Low
CASE000738,Doctor Consultation,2026-02-21 09:52:14,Dr. Sharma,Male,41-60,Low
CASE000766,Lab Test,2026-02-21 10:00:41,Staff,Male,18-40,Low
CASE000841,X-Ray,2026-02-21 10:00:46,Staff,Male,61+,Low
CASE000738,Treatment,2026-02-21 10:09:26,Dr. Sharma,Male,41-60,Low
CASE000916,Treatment,2026-02-21 10:13:45,Dr. Reddy,Female,41-60,Low
CASE000916,Discharge,2026-02-21 10:24:19,Staff,Female,41-60,Low
CASE000738,Discharge,2026-02-21 10:31:18,Staff,Male,41-60,Low
CASE000841,Doctor Consultation,2026-02-21 10:51:12,Dr. Sharma,Male,61+,Low
CASE000766,Doctor Consultation,2026-02-21 11:02:28,Dr. Khan,Male,18-40,Low
CASE000766,Treatment,2026-02-21 11:20:33,Dr. Khan,Male,18-40,Low
CASE000841,Treatment,2026-02-21 11:22:09,Dr. Sharma,Male,61+,Low
CASE000766,Discharge,2026-02-21 11:42:24,Staff,Male,18-40,Low
CASE000841,Discharge,2026-02-21 11:47:21,Staff,Male,61+,Low
CASE000400,Registration,2026-02-21 16:40:11,Staff,Female,18-40,Low
CASE000985,Registration,2026-02-21 16:58:16,Staff,Male,18-40,Low
CASE000400,Triage,2026-02-21 17:00:43,Staff,Female,18-40,Low
CASE000796,Registration,2026-02-21 17:19:34,Staff,Male,18-40,Low
CASE000985,X-Ray,2026-02-21 17:29:43,Staff,Male,18-40,Low
CASE000400,X-Ray,2026-02-21 17:39:34,Staff,Female,18-40,Low
CASE000796,Triage,2026-02-21 17:45:39,Staff,Male,18-40,Low
CASE000166,Registration,2026-02-21 17:53:43,Staff,Male,41-60,Low
CASE000400,Doctor Consultation,2026-02-21 17:58:16,Dr. Reddy,Female,18-40,Low
CASE000816,Registration,2026-02-21 18:05:19,Staff,Female,41-60,Medium
CASE000985,Doctor Consultation,2026-02-21 18:07:20,Dr. Sharma,Male,18-40,Low
CASE000796,Doctor Consultation,2026-02-21 18:09:57,Dr. Khan,Male,18-40,Low
CASE000166,Triage,2026-02-21 18:17:25,Staff,Male,41-60,Low
CASE000816,Triage,2026-02-21 18:17:50,Staff,Female,41-60,Medium
CASE000400,Treatment,2026-02-21 18:18:20,Dr. Reddy,Female,18-40,Low
CASE000796,Treatment,2026-02-21 18:21:27,Dr. Khan,Male,18-40,Low
CASE000985,Treatment,2026-02-21 18:25:12,Dr. Sharma,Male,18-40,Low
CASE000400,Discharge,2026-02-21 18:27:48,Staff,Female,18-40,Low
CASE000551,Registration,2026-02-21 18:37:01,Staff,Female,41-60,Medium
CASE000816,Doctor Consultation,2026-02-21 18:41:38,Dr. Patel,Female,41-60,Medium
CASE000166,X-Ray,2026-02-21 18:49:38,Staff,Male,41-60,Low
CASE000985,Discharge,2026-02-21 18:51:44,Staff,Male,18-40,Low
CASE000796,Discharge,2026-02-21 18:51:58,Staff,Male,18-40,Low
CASE000551,Triage,2026-02-21 18:53:34,Staff,Female,41-60,Medium
CASE000816,Treatment,2026-02-21 18:55:25,Dr. Patel,Female,41-60,Medium
CASE000551,X-Ray,2026-02-21 19:21:46,Staff,Female,41-60,Medium
CASE000816,Discharge,2026-02-21 19:25:11,Staff,Female,41-60,Medium
CASE000166,Lab Test,2026-02-21 19:26:09,Staff,Male,41-60,Low
CASE000074,Registration,2026-02-21 19:33:46,Staff,Female,41-60,Low
CASE000551,Doctor Consultation,2026-02-21 19:49:13,Dr. Patel,Female,41-60,Medium
CASE000074,Triage,2026-02-21 19:51:15,Staff,Female,41-60,Low
CASE000166,Doctor Consultation,2026-02-21 20:04:14,Dr. Iyer,Male,41-60,Low
CASE000551,Treatment,2026-02-21 20:07:32,Dr. Patel,Female,41-60,Medium
CASE000074,Lab Test,2026-02-21 20:13:06,Staff,Female,41-60,Low
CASE000166,Treatment,2026-02-21 20:21:06,Dr. Iyer,Male,41-60,Low
CASE000551,Discharge,2026-02-21 20:25:03,Staff,Female,41-60,Medium
CASE000074,Doctor Consultation,2026-02-21 20:32:45,Dr. Iyer,Female,41-60,Low
CASE000166,Discharge,2026-02-21 20:50:05,Staff,Male,41-60,Low
CASE000074,Treatment,2026-02-21 20:51:48,Dr. Iyer,Female,41-60,Low
CASE000074,Discharge,2026-02-21 21:17:39,Staff,Female,41-60,Low
CASE000674,Triage,2026-02-22 09:11:03,Staff,Female,18-40,Low
CASE000542,Registration,2026-02-22 09:42:47,Staff,Female,41-60,Low
CASE000542,Triage,2026-02-22 10:03:11,Staff,Female,41-60,Low
CASE000674,X-Ray,2026-02-22 10:05:39,Staff,Female,18-40,Low
CASE000674,Triage,2026-02-22 10:43:13,Staff,Female,18-40,Low
CASE000829,Registration,2026-02-22 11:13:11,Staff,Male,41-60,Low
CASE000542,X-Ray,2026-02-22 11:20:40,Staff,Female,41-60,Low
CASE000829,Triage,2026-02-22 11:33:49,Staff,Male,41-60,Low
CASE000542,Triage,2026-02-22 11:43:13,Staff,Female,41-60,Low
CASE000674,X-Ray,2026-02-22 12:01:09,Staff,Female,18-40,Low
CASE000674,Doctor Consultation,2026-02-22 12:37:37,Dr. Patel,Female,18-40,Low
CASE000829,X-Ray,2026-02-22 12:54:56,Staff,Male,41-60,Low
CASE000542,X-Ray,2026-02-22 12:54:57,Staff,Female,41-60,Low
CASE000674,Treatment,2026-02-22 13:02:02,Dr. Patel,Female,18-40,Low
CASE000674,Discharge,2026-02-22 13:14:51,Staff,Female,18-40,Low
CASE000542,Doctor Consultation,2026-02-22 13:18:49,Dr. Iyer,Female,41-60,Low
CASE000829,Doctor Consultation,2026-02-22 13:21:25,Dr. Patel,Male,41-60,Low
CASE000542,Treatment,2026-02-22 13:38:56,Dr. Iyer,Female,41-60,Low
CASE000829,Treatment,2026-02-22 13:40:24,Dr. Patel,Male,41-60,Low
CASE000542,Discharge,2026-02-22 13:55:36,Staff,Female,41-60,Low
CASE000829,Discharge,2026-02-22 14:05:29,Staff,Male,41-60,Low
CASE000103,Registration,2026-02-22 15:31:00,Staff,Male,0-17,Medium
CASE000103,Triage,2026-02-22 15:52:05,Staff,Male,0-17,Medium
CASE000103,Doctor Consultation,2026-02-22 16:17:35,Dr. Patel,Male,0-17,Medium
CASE000103,Treatment,2026-02-22 16:34:43,Dr. Patel,Male,0-17,Medium
CASE000381,Registration,2026-02-22 16:45:43,Staff,Male,61+,Medium
CASE000103,Discharge,2026-02-22 16:57:08,Staff,Male,0-17,Medium
CASE000381,Triage,2026-02-22 16:57:40,Staff,Male,61+,Medium
CASE000531,Registration,2026-02-22 17:10:26,Staff,Female,18-40,Low
CASE000381,Doctor Consultation,2026-02-22 17:21:46,Dr. Sharma,Male,61+,Medium
CASE000030,Registration,2026-02-22 17:24:25,Staff,Female,18-40,Medium
CASE000531,Triage,2026-02-22 17:28:09,Staff,Female,18-40,Low
CASE000030,Triage,2026-02-22 17:46:33,Staff,Female,18-40,Medium
CASE000381,Treatment,2026-02-22 17:46:42,Dr. Sharma,Male,61+,Medium
CASE000531,Doctor Consultation,2026-02-22 17:57:34,Dr. Iyer,Female,18-40,Low
CASE000381,Discharge,2026-02-22 18:03:27,Staff,Male,61+,Medium
CASE000030,X-Ray,2026-02-22 18:10:38,Staff,Female,18-40,Medium
CASE000531,Treatment,2026-02-22 18:13:06,Dr. Iyer,Female,18-40,Low
CASE000030,Triage,2026-02-22 18:26:57,Staff,Female,18-40,Medium
CASE000531,Discharge,2026-02-22 18:28:58,Staff,Female,18-40,Low
CASE000030,X-Ray,2026-02-22 18:53:34,Staff,Female,18-40,Medium
CASE000062,Registration,2026-02-22 18:53:58,Staff,Female,41-60,Low
CASE000659,Registration,2026-02-22 18:58:21,Staff,Male,41-60,High
CASE000659,Triage,2026-02-22 19:11:28,Staff,Male,41-60,High
CASE000580,Registration,2026-02-22 19:16:32,Staff,Female,41-60,Medium
CASE000062,Triage,2026-02-22 19:19:21,Staff,Female,41-60,Low
CASE000659,X-Ray,2026-02-22 19:27:09,Staff,Male,41-60,High
CASE000030,Lab Test,2026-02-22 19:36:31,Staff,Female,18-40,Medium
CASE000580,Triage,2026-02-22 19:38:54,Staff,Female,41-60,Medium
CASE000659,Doctor Consultation,2026-02-22 19:45:53,Dr. Iyer,Male,41-60,High
CASE000062,X-Ray,2026-02-22 19:49:33,Staff,Female,41-60,Low
CASE000885,Registration,2026-02-22 19:56:05,Staff,Female,41-60,Medium
CASE000030,Doctor Consultation,2026-02-22 20:03:46,Dr. Khan,Female,18-40,Medium
CASE000062,Triage,2026-02-22 20:05:41,Staff,Female,41-60,Low
CASE000659,Treatment,2026-02-22 20:15:00,Dr. Iyer,Male,41-60,High
CASE000030,Treatment,2026-02-22 20:17:18,Dr. Khan,Female,18-40,Medium
CASE000580,X-Ray,2026-02-22 20:18:04,Staff,Female,41-60,Medium
CASE000885,Triage,2026-02-22 20:19:10,Staff,Female,41-60,Medium
CASE000580,Triage,2026-02-22 20:31:23,Staff,Female,41-60,Medium
CASE000659,Discharge,2026-02-22 20:31:58,Staff,Male,41-60,High
CASE000062,X-Ray,2026-02-22 20:40:49,Staff,Female,41-60,Low
CASE000030,Discharge,2026-02-22 20:43:40,Staff,Female,18-40,Medium
CASE000885,X-Ray,2026-02-22 20:43:47,Staff,Female,41-60,Medium
CASE000801,Registration,2026-02-22 20:49:00,Staff,Female,41-60,Low
CASE000580,X-Ray,2026-02-22 20:58:39,Staff,Female,41-60,Medium
CASE000202,Registration,2026-02-22 21:07:29,Staff,Female,61+,Medium
CASE000801,Triage,2026-02-22 21:08:24,Staff,Female,41-60,Low
CASE000062,Doctor Consultation,2026-02-22 21:11:21,Dr. Patel,Female,41-60,Low
CASE000580,Doctor Consultation,2026-02-22 21:15:39,Dr. Khan,Female,41-60,Medium
CASE000885,Lab Test,2026-02-22 21:19:14,Staff,Female,41-60,Medium
CASE000202,Triage,2026-02-22 21:26:09,Staff,Female,61+,Medium
CASE000062,Treatment,2026-02-22 21:35:37,Dr. Patel,Female,41-60,Low
CASE000580,Treatment,2026-02-22 21:42:10,Dr. Khan,Female,41-60,Medium
CASE000062,Discharge,2026-02-22 21:44:03,Staff,Female,41-60,Low
CASE000801,Doctor Consultation,2026-02-22 21:46:21,Dr. Reddy,Female,41-60,Low
CASE000202,Doctor Consultation,2026-02-22 21:46:55,Dr. Reddy,Female,61+,Medium
CASE000885,Doctor Consultation,2026-02-22 21:55:50,Dr. Khan,Female,41-60,Medium
CASE000801,Treatment,2026-02-22 21:57:01,Dr. Reddy,Female,41-60,Low
CASE000202,Treatment,2026-02-22 22:06:42,Dr. Reddy,Female,61+,Medium
CASE000580,Admission,2026-02-22 22:12:44,Staff,Female,41-60,Medium
CASE000801,Discharge,2026-02-22 22:13:09,Staff,Female,41-60,Low
CASE000885,Treatment,2026-02-22 22:24:00,Dr. Khan,Female,41-60,Medium
CASE000684,Registration,2026-02-22 22:37:39,Staff,Male,61+,Low
CASE000202,Discharge,2026-02-22 22:37:50,Staff,Female,61+,Medium
CASE000885,Discharge,2026-02-22 22:46:10,Staff,Female,41-60,Medium
CASE000684,Triage,2026-02-22 22:46:25,Staff,Male,61+,Low
CASE000684,X-Ray,2026-02-22 23:28:53,Staff,Male,61+,Low
CASE000684,Triage,2026-02-22 23:43:38,Staff,Male,61+,Low
CASE000684,X-Ray,2026-02-23 00:08:41,Staff,Male,61+,Low
CASE000684,Doctor Consultation,2026-02-23 00:37:23,Dr. Reddy,Male,61+,Low
CASE000684,Treatment,2026-02-23 01:10:33,Dr. Reddy,Male,61+,Low
CASE000684,Admission,2026-02-23 01:33:24,Staff,Male,61+,Low
CASE000425,Registration,2026-02-23 02:51:35,Staff,Male,41-60,Low
CASE000425,Triage,2026-02-23 03:12:47,Staff,Male,41-60,Low
CASE000425,X-Ray,2026-02-23 03:40:26,Staff,Male,41-60,Low
CASE000425,Triage,2026-02-23 04:04:43,Staff,Male,41-60,Low
CASE000425,X-Ray,2026-02-23 04:36:17,Staff,Male,41-60,Low
CASE000425,Lab Test,2026-02-23 05:07:58,Staff,Male,41-60,Low
CASE000425,Doctor Consultation,2026-02-23 05:28:28,Dr. Khan,Male,41-60,Low
CASE000425,Treatment,2026-02-23 05:57:51,Dr. Khan,Male,41-60,Low
CASE000930,Registration,2026-02-23 06:05:42,Staff,Male,41-60,High
CASE000425,Discharge,2026-02-23 06:15:25,Staff,Male,41-60,Low
CASE000930,Triage,2026-02-23 06:25:03,Staff,Male,41-60,High
CASE000930,X-Ray,2026-02-23 06:55:10,Staff,Male,41-60,High
CASE000930,Triage,2026-02-23 07:05:04,Staff,Male,41-60,High
CASE000930,X-Ray,2026-02-23 07:40:15,Staff,Male,41-60,High
CASE000930,Doctor Consultation,2026-02-23 07:58:05,Dr. Khan,Male,41-60,High
CASE000037,Registration,2026-02-23 08:12:31,Staff,Male,41-60,High
CASE000930,Treatment,2026-02-23 08:20:15,Dr. Khan,Male,41-60,High
CASE000037,Triage,2026-02-23 08:45:00,Staff,Male,41-60,High
CASE000930,Discharge,2026-02-23 08:45:03,Staff,Male,41-60,High
CASE000983,Registration,2026-02-23 09:04:08,Staff,Female,18-40,Medium
CASE000626,Registration,2026-02-23 09:14:48,Staff,Male,61+,Medium
CASE000983,Triage,2026-02-23 09:25:32,Staff,Female,18-40,Medium
CASE000626,Triage,2026-02-23 09:31:02,Staff,Male,61+,Medium
CASE000037,X-Ray,2026-02-23 10:05:54,Staff,Male,41-60,High
CASE000626,Doctor Consultation,2026-02-23 10:05:59,Dr. Iyer,Male,61+,Medium
CASE000626,Treatment,2026-02-23 10:21:51,Dr. Iyer,Male,61+,Medium
CASE000983,X-Ray,2026-02-23 10:29:50,Staff,Female,18-40,Medium
CASE000037,Lab Test,2026-02-23 10:39:46,Staff,Male,41-60,High
CASE000626,Discharge,2026-02-23 10:45:03,Staff,Male,61+,Medium
CASE000197,Registration,2026-02-23 10:52:37,Staff,Female,0-17,Low
CASE000032,Registration,2026-02-23 10:52:52,Staff,Female,18-40,Medium
CASE000983,Triage,2026-02-23 11:07:05,Staff,Female,18-40,Medium
CASE000197,Triage,2026-02-23 11:08:14,Staff,Female,0-17,Low
CASE000032,Triage,2026-02-23 11:11:48,Staff,Female,18-40,Medium
CASE000037,Doctor Consultation,2026-02-23 11:30:09,Dr. Sharma,Male,41-60,High
CASE000032,Lab Test,2026-02-23 11:50:38,Staff,Female,18-40,Medium
CASE000037,Treatment,2026-02-23 11:52:54,Dr. Sharma,Male,41-60,High
CASE000983,X-Ray,2026-02-23 12:03:34,Staff,Female,18-40,Medium
CASE000037,Discharge,2026-02-23 12:12:25,Staff,Male,41-60,High
CASE000282,Registration,2026-02-23 12:22:51,Staff,Female,0-17,High
CASE000032,Doctor Consultation,2026-02-23 12:27:34,Dr. Khan,Female,18-40,Medium
CASE000983,Doctor Consultation,2026-02-23 12:31:45,Dr. Iyer,Female,18-40,Medium
CASE000197,X-Ray,2026-02-23 12:34:44,Staff,Female,0-17,Low
CASE000282,Triage,2026-02-23 12:35:52,Staff,Female,0-17,High
CASE000983,Treatment,2026-02-23 12:44:43,Dr. Iyer,Female,18-40,Medium
CASE000032,Treatment,2026-02-23 12:46:58,Dr. Khan,Female,18-40,Medium
CASE000197,Lab Test,2026-02-23 13:03:06,Staff,Female,0-17,Low
CASE000983,Discharge,2026-02-23 13:06:14,Staff,Female,18-40,Medium
CASE000032,Admission,2026-02-23 13:07:46,Staff,Female,18-40,Medium
CASE000282,X-Ray,2026-02-23 13:15:13,Staff,Female,0-17,High
CASE000764,Registration,2026-02-23 13:21:30,Staff,Female,18-40,Medium
CASE000197,Doctor Consultation,2026-02-23 13:22:46,Dr. Iyer,Female,0-17,Low
CASE000282,Triage,2026-02-23 13:23:18,Staff,Female,0-17,High
CASE000197,Treatment,2026-02-23 13:46:56,Dr. Iyer,Female,0-17,Low
CASE000764,Triage,2026-02-23 13:47:16,Staff,Female,18-40,Medium
CASE000282,X-Ray,2026-02-23 13:58:05,Staff,Female,0-17,High
CASE000197,Discharge,2026-02-23 14:09:11,Staff,Female,0-17,Low
CASE000764,X-Ray,2026-02-23 14:20:41,Staff,Female,18-40,Medium
CASE000282,Lab Test,2026-02-23 14:25:24,Staff,Female,0-17,High
CASE000764,Triage,2026-02-23 14:26:47,Staff,Female,18-40,Medium
CASE000282,Doctor Consultation,2026-02-23 14:50:17,Dr. Iyer,Female,0-17,High
CASE000764,X-Ray,2026-02-23 14:59:22,Staff,Female,18-40,Medium
CASE000282,Treatment,2026-02-23 15:14:24,Dr. Iyer,Female,0-17,High
CASE000764,Doctor Consultation,2026-02-23 15:25:31,Dr. Patel,Female,18-40,Medium
CASE000282,Discharge,2026-02-23 15:37:47,Staff,Female,0-17,High
CASE000764,Treatment,2026-02-23 15:42:29,Dr. Patel,Female,18-40,Medium
CASE000068,Registration,2026-02-23 15:55:34,Staff,Female,18-40,Medium
CASE000764,Discharge,2026-02-23 16:05:27,Staff,Female,18-40,Medium
CASE000068,Triage,2026-02-23 16:12:25,Staff,Female,18-40,Medium
CASE000068,Doctor Consultation,2026-02-23 16:47:56,Dr. Khan,Female,18-40,Medium
CASE000068,Treatment,2026-02-23 17:16:33,Dr. Khan,Female,18-40,Medium
CASE000068,Discharge,2026-02-23 17:41:02,Staff,Female,18-40,Medium
CASE000909,Registration,2026-02-23 19:44:52,Staff,Female,41-60,Low
CASE000909,Triage,2026-02-23 20:04:43,Staff,Female,41-60,Low
CASE000909,Lab Test,2026-02-23 20:20:21,Staff,Female,41-60,Low
CASE000909,Doctor Consultation,2026-02-23 20:54:28,Dr. Sharma,Female,41-60,Low
CASE000186,Registration,2026-02-23 21:12:46,Staff,Female,0-17,Medium
CASE000909,Treatment,2026-02-23 21:13:43,Dr. Sharma,Female,41-60,Low
CASE000186,Triage,2026-02-23 21:35:34,Staff,Female,0-17,Medium
CASE000909,Discharge,2026-02-23 21:46:20,Staff,Female,41-60,Low
CASE000186,Lab Test,2026-02-23 22:17:02,Staff,Female,0-17,Medium
CASE000186,Doctor Consultation,2026-02-23 22:39:42,Dr. Khan,Female,0-17,Medium
CASE000186,Treatment,2026-02-23 22:58:27,Dr. Khan,Female,0-17,Medium
CASE000119,Registration,2026-02-23 22:59:53,Staff,Male,18-40,Low
CASE000633,Registration,2026-02-23 23:09:39,Staff,Male,0-17,Low
CASE000119,Triage,2026-02-23 23:14:36,Staff,Male,18-40,Low
CASE000186,Discharge,2026-02-23 23:17:58,Staff,Female,0-17,Medium
CASE000633,Triage,2026-02-23 23:26:48,Staff,Male,0-17,Low
CASE000119,Lab Test,2026-02-23 23:38:55,Staff,Male,18-40,Low
CASE000633,X-Ray,2026-02-23 23:46:31,Staff,Male,0-17,Low
CASE000119,Doctor Consultation,2026-02-24 00:15:40,Dr. Sharma,Male,18-40,Low
CASE000633,Lab Test,2026-02-24 00:24:55,Staff,Male,0-17,Low
CASE000056,Registration,2026-02-24 00:26:06,Staff,Female,0-17,Medium
CASE000119,Treatment,2026-02-24 00:35:18,Dr. Sharma,Male,18-40,Low
CASE000633,Doctor Consultation,2026-02-24 00:40:33,Dr. Iyer,Male,0-17,Low
CASE000056,X-Ray,2026-02-24 00:51:38,Staff,Female,0-17,Medium
CASE000119,Discharge,2026-02-24 00:52:43,Staff,Male,18-40,Low
CASE000633,Treatment,2026-02-24 01:12:23,Dr. Iyer,Male,0-17,Low
CASE000056,Lab Test,2026-02-24 01:20:45,Staff,Female,0-17,Medium
CASE000633,Admission,2026-02-24 01:39:37,Staff,Male,0-17,Low
CASE000056,Doctor Consultation,2026-02-24 01:57:12,Dr. Khan,Female,0-17,Medium
CASE000056,Treatment,2026-02-24 02:22:40,Dr. Khan,Female,0-17,Medium
CASE000056,Admission,2026-02-24 02:39:30,Staff,Female,0-17,Medium
CASE000792,Registration,2026-02-24 03:46:05,Staff,Female,18-40,Low
CASE000792,Triage,2026-02-24 04:07:24,Staff,Female,18-40,Low
CASE000792,X-Ray,2026-02-24 04:36:13,Staff,Female,18-40,Low
CASE000792,Triage,2026-02-24 04:58:00,Staff,Female,18-40,Low
CASE000792,X-Ray,2026-02-24 05:35:48,Staff,Female,18-40,Low
CASE000792,Lab Test,2026-02-24 06:02:53,Staff,Female,18-40,Low
CASE000792,Doctor Consultation,2026-02-24 06:19:17,Dr. Reddy,Female,18-40,Low
CASE000792,Treatment,2026-02-24 06:33:46,Dr. Reddy,Female,18-40,Low
CASE000792,Discharge,2026-02-24 06:52:25,Staff,Female,18-40,Low
CASE000121,Registration,2026-02-24 07:56:49,Staff,Female,41-60,Low
CASE000121,Triage,2026-02-24 08:14:26,Staff,Female,41-60,Low
CASE000318,Registration,2026-02-24 08:31:43,Staff,Male,0-17,Medium
CASE000121,Lab Test,2026-02-24 08:43:43,Staff,Female,41-60,Low
CASE000318,Triage,2026-02-24 08:56:14,Staff,Male,0-17,Medium
CASE000416,Registration,2026-02-24 09:29:07,Staff,Female,61+,Low
CASE000121,Doctor Consultation,2026-02-24 09:32:32,Dr. Sharma,Female,41-60,Low
CASE000318,Doctor Consultation,2026-02-24 09:46:53,Dr. Khan,Male,0-17,Medium
CASE000121,Treatment,2026-02-24 09:49:55,Dr. Sharma,Female,41-60,Low
CASE000318,Treatment,2026-02-24 10:14:23,Dr. Khan,Male,0-17,Medium
CASE000121,Discharge,2026-02-24 10:14:40,Staff,Female,41-60,Low
CASE000416,X-Ray,2026-02-24 10:15:12,Staff,Female,61+,Low
CASE000326,Registration,2026-02-24 10:28:14,Staff,Female,0-17,Low
CASE000318,Discharge,2026-02-24 10:46:32,Staff,Male,0-17,Medium
CASE000416,Doctor Consultation,2026-02-24 11:15:45,Dr. Iyer,Female,61+,Low
CASE000326,X-Ray,2026-02-24 11:33:10,Staff,Female,0-17,Low
CASE000416,Treatment,2026-02-24 11:39:20,Dr. Iyer,Female,61+,Low
CASE000416,Discharge,2026-02-24 12:00:37,Staff,Female,61+,Low
CASE000326,Doctor Consultation,2026-02-24 12:08:04,Dr. Khan,Female,0-17,Low
CASE000326,Treatment,2026-02-24 12:27:14,Dr. Khan,Female,0-17,Low
CASE000326,Discharge,2026-02-24 12:42:48,Staff,Female,0-17,Low
CASE000555,Triage,2026-02-24 14:20:13,Staff,Female,18-40,Low
CASE000555,X-Ray,2026-02-24 14:50:51,Staff,Female,18-40,Low
CASE000555,Triage,2026-02-24 15:00:51,Staff,Female,18-40,Low
CASE000555,X-Ray,2026-02-24 15:28:57,Staff,Female,18-40,Low
CASE000555,Doctor Consultation,2026-02-24 15:58:19,Dr. Iyer,Female,18-40,Low
CASE000555,Treatment,2026-02-24 16:17:08,Dr. Iyer,Female,18-40,Low
CASE000555,Discharge,2026-02-24 16:44:15,Staff,Female,18-40,Low
CASE000304,Registration,2026-02-24 17:30:41,Staff,Male,18-40,Medium
CASE000304,Triage,2026-02-24 17:46:47,Staff,Male,18-40,Medium
CASE000304,X-Ray,2026-02-24 18:11:32,Staff,Male,18-40,Medium
CASE000304,Doctor Consultation,2026-02-24 18:40:49,Dr. Reddy,Male,18-40,Medium
CASE000304,Treatment,2026-02-24 19:06:58,Dr. Reddy,Male,18-40,Medium
CASE000199,Registration,2026-02-24 19:07:39,Staff,Male,61+,Medium
CASE000199,Triage,2026-02-24 19:19:53,Staff,Male,61+,Medium
CASE000478,Registration,2026-02-24 19:22:50,Staff,Female,18-40,Medium
CASE000304,Discharge,2026-02-24 19:30:55,Staff,Male,18-40,Medium
CASE000199,X-Ray,2026-02-24 19:43:30,Staff,Male,61+,Medium
CASE000478,Triage,2026-02-24 19:45:45,Staff,Female,18-40,Medium
CASE000199,Triage,2026-02-24 19:53:20,Staff,Male,61+,Medium
CASE000199,X-Ray,2026-02-24 20:15:02,Staff,Male,61+,Medium
CASE000478,Doctor Consultation,2026-02-24 20:28:35,Dr. Patel,Female,18-40,Medium
CASE000199,Doctor Consultation,2026-02-24 20:51:40,Dr. Iyer,Male,61+,Medium
CASE000478,Treatment,2026-02-24 20:55:24,Dr. Patel,Female,18-40,Medium
CASE000199,Treatment,2026-02-24 21:07:51,Dr. Iyer,Male,61+,Medium
CASE000478,Discharge,2026-02-24 21:14:58,Staff,Female,18-40,Medium
CASE000199,Admission,2026-02-24 21:33:35,Staff,Male,61+,Medium
CASE000840,Registration,2026-02-25 01:09:31,Staff,Male,18-40,Medium
CASE000840,Triage,2026-02-25 01:20:35,Staff,Male,18-40,Medium
CASE000840,X-Ray,2026-02-25 01:50:36,Staff,Male,18-40,Medium
CASE000840,Doctor Consultation,2026-02-25 02:16:08,Dr. Khan,Male,18-40,Medium
CASE000840,Treatment,2026-02-25 02:34:56,Dr. Khan,Male,18-40,Medium
CASE000840,Discharge,2026-02-25 03:05:20,Staff,Male,18-40,Medium
CASE000583,Registration,2026-02-25 08:10:23,Staff,Female,18-40,Low
CASE000583,Triage,2026-02-25 08:26:33,Staff,Female,18-40,Low
CASE000583,X-Ray,2026-02-25 09:24:54,Staff,Female,18-40,Low
CASE000583,Doctor Consultation,2026-02-25 10:21:19,Dr. Sharma,Female,18-40,Low
CASE000583,Treatment,2026-02-25 10:38:21,Dr. Sharma,Female,18-40,Low
CASE000366,Registration,2026-02-25 10:47:32,Staff,Female,18-40,Medium
CASE000583,Discharge,2026-02-25 10:49:47,Staff,Female,18-40,Low
CASE000366,Triage,2026-02-25 11:07:27,Staff,Female,18-40,Medium
CASE000366,X-Ray,2026-02-25 11:49:06,Staff,Female,18-40,Medium
CASE000366,Doctor Consultation,2026-02-25 12:21:56,Dr. Reddy,Female,18-40,Medium
CASE000366,Treatment,2026-02-25 12:45:17,Dr. Reddy,Female,18-40,Medium
CASE000418,Registration,2026-02-25 13:07:36,Staff,Female,41-60,Medium
CASE000366,Discharge,2026-02-25 13:16:09,Staff,Female,18-40,Medium
CASE000418,Triage,2026-02-25 13:21:20,Staff,Female,41-60,Medium
CASE000269,Registration,2026-02-25 14:02:00,Staff,Female,18-40,High
CASE000418,Doctor Consultation,2026-02-25 14:02:28,Dr. Khan,Female,41-60,Medium
CASE000269,Triage,2026-02-25 14:12:46,Staff,Female,18-40,High
CASE000418,Treatment,2026-02-25 14:23:47,Dr. Khan,Female,41-60,Medium
CASE000418,Discharge,2026-02-25 14:32:56,Staff,Female,41-60,Medium
CASE000269,Lab Test,2026-02-25 14:54:55,Staff,Female,18-40,High
CASE001000,Registration,2026-02-25 15:08:12,Staff,Female,18-40,Low
CASE001000,Triage,2026-02-25 15:21:10,Staff,Female,18-40,Low
CASE000269,Doctor Consultation,2026-02-25 15:32:34,Dr. Reddy,Female,18-40,High
CASE001000,Doctor Consultation,2026-02-25 15:45:31,Dr. Sharma,Female,18-40,Low
CASE000269,Treatment,2026-02-25 15:54:15,Dr. Reddy,Female,18-40,High
CASE000483,Registration,2026-02-25 16:05:03,Staff,Male,18-40,Medium
CASE001000,Treatment,2026-02-25 16:08:13,Dr. Sharma,Female,18-40,Low
CASE000483,Triage,2026-02-25 16:16:08,Staff,Male,18-40,Medium
CASE000269,Discharge,2026-02-25 16:21:09,Staff,Female,18-40,High
CASE001000,Discharge,2026-02-25 16:38:59,Staff,Female,18-40,Low
CASE000483,Doctor Consultation,2026-02-25 16:44:28,Dr. Khan,Male,18-40,Medium
CASE000483,Treatment,2026-02-25 17:12:50,Dr. Khan,Male,18-40,Medium
CASE000483,Discharge,2026-02-25 17:36:19,Staff,Male,18-40,Medium
CASE000440,Registration,2026-02-25 18:33:06,Staff,Male,18-40,Low
CASE000440,Triage,2026-02-25 18:54:00,Staff,Male,18-40,Low
CASE000440,X-Ray,2026-02-25 19:20:01,Staff,Male,18-40,Low
CASE000440,Doctor Consultation,2026-02-25 19:47:30,Dr. Reddy,Male,18-40,Low
CASE000440,Treatment,2026-02-25 20:08:42,Dr. Reddy,Male,18-40,Low
CASE000440,Discharge,2026-02-25 20:31:45,Staff,Male,18-40,Low
CASE000712,Registration,2026-02-25 20:42:43,Staff,Male,41-60,Low
CASE000712,Triage,2026-02-25 21:00:05,Staff,Male,41-60,Low
CASE000712,X-Ray,2026-02-25 21:27:56,Staff,Male,41-60,Low
CASE000712,Triage,2026-02-25 21:41:26,Staff,Male,41-60,Low
CASE000712,X-Ray,2026-02-25 22:14:52,Staff,Male,41-60,Low
CASE000712,Doctor Consultation,2026-02-25 22:43:22,Dr. Khan,Male,41-60,Low
CASE000324,Registration,2026-02-25 23:06:48,Staff,Female,61+,Low
CASE000712,Treatment,2026-02-25 23:08:20,Dr. Khan,Male,41-60,Low
CASE000324,Triage,2026-02-25 23:19:39,Staff,Female,61+,Low
CASE000712,Discharge,2026-02-25 23:26:27,Staff,Male,41-60,Low
CASE000324,Doctor Consultation,2026-02-25 23:47:39,Dr. Patel,Female,61+,Low
CASE000324,Treatment,2026-02-26 00:16:23,Dr. Patel,Female,61+,Low
CASE000324,Admission,2026-02-26 00:41:46,Staff,Female,61+,Low
CASE000500,Registration,2026-02-26 02:33:17,Staff,Female,18-40,Medium
CASE000500,Triage,2026-02-26 02:50:14,Staff,Female,18-40,Medium
CASE000500,X-Ray,2026-02-26 03:13:16,Staff,Female,18-40,Medium
CASE000500,Triage,2026-02-26 03:24:20,Staff,Female,18-40,Medium
CASE000500,X-Ray,2026-02-26 03:45:15,Staff,Female,18-40,Medium
CASE000500,Doctor Consultation,2026-02-26 04:08:48,Dr. Khan,Female,18-40,Medium
CASE000500,Treatment,2026-02-26 04:30:58,Dr. Khan,Female,18-40,Medium
CASE000500,Discharge,2026-02-26 04:48:26,Staff,Female,18-40,Medium
CASE000126,Registration,2026-02-26 09:57:08,Staff,Male,0-17,High
CASE000799,Registration,2026-02-26 10:07:23,Staff,Male,18-40,Medium
CASE000126,Triage,2026-02-26 10:31:03,Staff,Male,0-17,High
CASE000799,Triage,2026-02-26 10:40:22,Staff,Male,18-40,Medium
CASE000126,Doctor Consultation,2026-02-26 11:18:28,Dr. Khan,Male,0-17,High
CASE000806,Registration,2026-02-26 11:19:44,Staff,Female,18-40,High
CASE000799,Doctor Consultation,2026-02-26 11:21:17,Dr. Reddy,Male,18-40,Medium
CASE000126,Treatment,2026-02-26 11:30:54,Dr. Khan,Male,0-17,High
CASE000799,Treatment,2026-02-26 11:32:06,Dr. Reddy,Male,18-40,Medium
CASE000432,Registration,2026-02-26 11:32:50,Staff,Male,0-17,Medium
CASE000126,Admission,2026-02-26 11:47:09,Staff,Male,0-17,High
CASE000806,Triage,2026-02-26 11:51:17,Staff,Female,18-40,High
CASE000799,Discharge,2026-02-26 11:51:32,Staff,Male,18-40,Medium
CASE000432,Triage,2026-02-26 11:57:22,Staff,Male,0-17,Medium
CASE000806,Doctor Consultation,2026-02-26 12:21:46,Dr. Khan,Female,18-40,High
CASE000432,X-Ray,2026-02-26 12:28:13,Staff,Male,0-17,Medium
CASE000408,Triage,2026-02-26 12:32:47,Staff,Female,41-60,Medium
CASE000806,Treatment,2026-02-26 12:46:41,Dr. Khan,Female,18-40,High
CASE000432,Triage,2026-02-26 12:47:21,Staff,Male,0-17,Medium
CASE000806,Discharge,2026-02-26 12:59:33,Staff,Female,18-40,High
CASE000408,Doctor Consultation,2026-02-26 13:08:22,Dr. Patel,Female,41-60,Medium
CASE000432,X-Ray,2026-02-26 13:18:00,Staff,Male,0-17,Medium
CASE000408,Treatment,2026-02-26 13:31:20,Dr. Patel,Female,41-60,Medium
CASE000934,Registration,2026-02-26 13:39:14,Staff,Male,18-40,Medium
CASE000432,Doctor Consultation,2026-02-26 13:40:37,Dr. Reddy,Male,0-17,Medium
CASE000408,Discharge,2026-02-26 13:49:36,Staff,Female,41-60,Medium
CASE000432,Treatment,2026-02-26 13:52:15,Dr. Reddy,Male,0-17,Medium
CASE000934,Triage,2026-02-26 13:53:47,Staff,Male,18-40,Medium
CASE000432,Admission,2026-02-26 14:12:21,Staff,Male,0-17,Medium
CASE000934,Doctor Consultation,2026-02-26 14:15:56,Dr. Khan,Male,18-40,Medium
CASE000934,Treatment,2026-02-26 14:27:40,Dr. Khan,Male,18-40,Medium
CASE000934,Discharge,2026-02-26 14:48:05,Staff,Male,18-40,Medium
CASE000404,Registration,2026-02-26 17:27:34,Staff,Male,41-60,Low
CASE000404,Triage,2026-02-26 17:48:48,Staff,Male,41-60,Low
CASE000404,Doctor Consultation,2026-02-26 18:20:24,Dr. Patel,Male,41-60,Low
CASE000554,Registration,2026-02-26 18:31:22,Staff,Female,0-17,Low
CASE000499,Registration,2026-02-26 18:33:28,Staff,Male,0-17,Low
CASE000404,Treatment,2026-02-26 18:36:52,Dr. Patel,Male,41-60,Low
CASE000060,Registration,2026-02-26 18:39:46,Staff,Female,0-17,Low
CASE000554,Triage,2026-02-26 18:50:59,Staff,Female,0-17,Low
CASE000499,Triage,2026-02-26 18:52:46,Staff,Male,0-17,Low
CASE000404,Discharge,2026-02-26 18:53:41,Staff,Male,41-60,Low
CASE000060,Triage,2026-02-26 18:55:26,Staff,Female,0-17,Low
CASE000060,X-Ray,2026-02-26 19:12:36,Staff,Female,0-17,Low
CASE000554,X-Ray,2026-02-26 19:23:19,Staff,Female,0-17,Low
CASE000060,Triage,2026-02-26 19:33:07,Staff,Female,0-17,Low
CASE000499,Lab Test,2026-02-26 19:37:42,Staff,Male,0-17,Low
CASE000554,Triage,2026-02-26 19:46:12,Staff,Female,0-17,Low
CASE000060,X-Ray,2026-02-26 20:00:14,Staff,Female,0-17,Low
CASE000499,Doctor Consultation,2026-02-26 20:01:46,Dr. Khan,Male,0-17,Low
CASE000499,Treatment,2026-02-26 20:09:50,Dr. Khan,Male,0-17,Low
CASE000554,X-Ray,2026-02-26 20:16:50,Staff,Female,0-17,Low
CASE000060,Doctor Consultation,2026-02-26 20:20:07,Dr. Iyer,Female,0-17,Low
CASE000499,Discharge,2026-02-26 20:33:28,Staff,Male,0-17,Low
CASE000060,Treatment,2026-02-26 20:45:39,Dr. Iyer,Female,0-17,Low
CASE000554,Doctor Consultation,2026-02-26 20:52:25,Dr. Patel,Female,0-17,Low
CASE000060,Discharge,2026-02-26 21:07:30,Staff,Female,0-17,Low
CASE000554,Treatment,2026-02-26 21:10:57,Dr. Patel,Female,0-17,Low
CASE000554,Admission,2026-02-26 21:32:15,Staff,Female,0-17,Low
CASE000647,Registration,2026-02-26 22:29:07,Staff,Female,18-40,Low
CASE000647,Triage,2026-02-26 22:43:39,Staff,Female,18-40,Low
CASE000647,X-Ray,2026-02-26 23:04:16,Staff,Female,18-40,Low
CASE000647,Doctor Consultation,2026-02-26 23:27:50,Dr. Sharma,Female,18-40,Low
CASE000647,Treatment,2026-02-26 23:55:07,Dr. Sharma,Female,18-40,Low
CASE000647,Discharge,2026-02-27 00:06:26,Staff,Female,18-40,Low
CASE000172,Registration,2026-02-27 11:13:00,Staff,Female,41-60,Medium
CASE000172,Triage,2026-02-27 11:43:19,Staff,Female,41-60,Medium
CASE000172,Doctor Consultation,2026-02-27 12:22:13,Dr. Khan,Female,41-60,Medium
CASE000172,Treatment,2026-02-27 12:31:34,Dr. Khan,Female,41-60,Medium
CASE000172,Discharge,2026-02-27 12:40:05,Staff,Female,41-60,Medium
CASE000622,Registration,2026-02-27 14:22:37,Staff,Female,41-60,High
CASE000622,Triage,2026-02-27 14:34:12,Staff,Female,41-60,High
CASE000622,Doctor Consultation,2026-02-27 15:10:36,Dr. Khan,Female,41-60,High
CASE000206,Registration,2026-02-27 15:24:26,Staff,Male,0-17,Low
CASE000844,Registration,2026-02-27 15:31:46,Staff,Male,41-60,High
CASE000622,Treatment,2026-02-27 15:35:08,Dr. Khan,Female,41-60,High
CASE000206,Triage,2026-02-27 15:45:34,Staff,Male,0-17,Low
CASE000844,Triage,2026-02-27 15:46:06,Staff,Male,41-60,High
CASE000622,Discharge,2026-02-27 16:00:41,Staff,Female,41-60,High
CASE000844,X-Ray,2026-02-27 16:18:08,Staff,Male,41-60,High
CASE000206,Doctor Consultation,2026-02-27 16:22:12,Dr. Khan,Male,0-17,Low
CASE000206,Treatment,2026-02-27 16:46:38,Dr. Khan,Male,0-17,Low
CASE000844,Lab Test,2026-02-27 16:56:52,Staff,Male,41-60,High
CASE000206,Discharge,2026-02-27 17:04:38,Staff,Male,0-17,Low
CASE000844,Doctor Consultation,2026-02-27 17:29:11,Dr. Khan,Male,41-60,High
CASE000844,Treatment,2026-02-27 17:53:18,Dr. Khan,Male,41-60,High
CASE000844,Discharge,2026-02-27 18:16:30,Staff,Male,41-60,High
CASE000528,Registration,2026-02-27 19:46:24,Staff,Female,41-60,Medium
CASE000237,Registration,2026-02-27 20:09:51,Staff,Male,61+,Low
CASE000528,X-Ray,2026-02-27 20:19:00,Staff,Female,41-60,Medium
CASE000237,Triage,2026-02-27 20:28:21,Staff,Male,61+,Low
CASE000528,Doctor Consultation,2026-02-27 20:54:29,Dr. Reddy,Female,41-60,Medium
CASE000237,X-Ray,2026-02-27 20:57:55,Staff,Male,61+,Low
CASE000528,Treatment,2026-02-27 21:14:36,Dr. Reddy,Female,41-60,Medium
CASE000237,Triage,2026-02-27 21:22:27,Staff,Male,61+,Low
CASE000528,Discharge,2026-02-27 21:25:47,Staff,Female,41-60,Medium
CASE000237,X-Ray,2026-02-27 21:55:53,Staff,Male,61+,Low
CASE000237,Lab Test,2026-02-27 22:23:00,Staff,Male,61+,Low
CASE000237,Doctor Consultation,2026-02-27 22:39:00,Dr. Reddy,Male,61+,Low
CASE000237,Treatment,2026-02-27 23:03:29,Dr. Reddy,Male,61+,Low
CASE000237,Discharge,2026-02-27 23:27:03,Staff,Male,61+,Low
CASE000028,Registration,2026-02-28 06:17:18,Staff,Male,18-40,Low
CASE000028,Triage,2026-02-28 06:39:17,Staff,Male,18-40,Low
CASE000632,Registration,2026-02-28 06:55:43,Staff,Male,18-40,Low
CASE000028,X-Ray,2026-02-28 07:07:19,Staff,Male,18-40,Low
CASE000632,Triage,2026-02-28 07:08:40,Staff,Male,18-40,Low
CASE000028,Triage,2026-02-28 07:15:37,Staff,Male,18-40,Low
CASE000028,X-Ray,2026-02-28 07:33:40,Staff,Male,18-40,Low
CASE000632,X-Ray,2026-02-28 07:49:41,Staff,Male,18-40,Low
CASE000028,Lab Test,2026-02-28 07:50:17,Staff,Male,18-40,Low
CASE000632,Doctor Consultation,2026-02-28 08:03:37,Dr. Iyer,Male,18-40,Low
CASE000632,Treatment,2026-02-28 08:28:46,Dr. Iyer,Male,18-40,Low
CASE000821,Registration,2026-02-28 08:36:10,Staff,Female,18-40,High
CASE000028,Doctor Consultation,2026-02-28 08:39:36,Dr. Sharma,Male,18-40,Low
CASE000632,Discharge,2026-02-28 08:54:13,Staff,Male,18-40,Low
CASE000132,Registration,2026-02-28 08:57:39,Staff,Male,61+,Low
CASE000821,Triage,2026-02-28 09:00:13,Staff,Female,18-40,High
CASE000028,Treatment,2026-02-28 09:10:40,Dr. Sharma,Male,18-40,Low
CASE000132,Triage,2026-02-28 09:12:00,Staff,Male,61+,Low
CASE000025,Registration,2026-02-28 09:17:50,Staff,Male,18-40,Low
CASE000028,Discharge,2026-02-28 09:29:46,Staff,Male,18-40,Low
CASE000025,Triage,2026-02-28 09:30:54,Staff,Male,18-40,Low
CASE000821,Lab Test,2026-02-28 09:38:44,Staff,Female,18-40,High
CASE000520,Registration,2026-02-28 09:48:54,Staff,Female,18-40,High
CASE000520,Triage,2026-02-28 10:01:35,Staff,Female,18-40,High
CASE000132,X-Ray,2026-02-28 10:10:53,Staff,Male,61+,Low
CASE000821,Doctor Consultation,2026-02-28 10:23:01,Dr. Sharma,Female,18-40,High
CASE000132,Lab Test,2026-02-28 10:33:55,Staff,Male,61+,Low
CASE000821,Treatment,2026-02-28 10:35:35,Dr. Sharma,Female,18-40,High
CASE000025,X-Ray,2026-02-28 10:42:18,Staff,Male,18-40,Low
CASE000038,Registration,2026-02-28 10:50:01,Staff,Male,61+,Medium
CASE000520,X-Ray,2026-02-28 10:51:25,Staff,Female,18-40,High
CASE000821,Discharge,2026-02-28 10:54:02,Staff,Female,18-40,High
CASE000307,Registration,2026-02-28 10:58:42,Staff,Female,41-60,Low
CASE000025,Doctor Consultation,2026-02-28 11:09:57,Dr. Patel,Male,18-40,Low
CASE000038,Triage,2026-02-28 11:14:04,Staff,Male,61+,Medium
CASE000132,Doctor Consultation,2026-02-28 11:18:41,Dr. Iyer,Male,61+,Low
CASE000534,Registration,2026-02-28 11:25:16,Staff,Female,41-60,Low
CASE000307,Triage,2026-02-28 11:25:42,Staff,Female,41-60,Low
CASE000520,Lab Test,2026-02-28 11:30:13,Staff,Female,18-40,High
CASE000025,Treatment,2026-02-28 11:32:52,Dr. Patel,Male,18-40,Low
CASE000132,Treatment,2026-02-28 11:36:22,Dr. Iyer,Male,61+,Low
CASE000534,Triage,2026-02-28 11:46:05,Staff,Female,41-60,Low
CASE000698,Registration,2026-02-28 11:50:33,Staff,Female,61+,Low
CASE000025,Discharge,2026-02-28 12:01:46,Staff,Male,18-40,Low
CASE000520,Doctor Consultation,2026-02-28 12:03:57,Dr. Reddy,Female,18-40,High
CASE000132,Discharge,2026-02-28 12:05:05,Staff,Male,61+,Low
CASE000698,Triage,2026-02-28 12:16:43,Staff,Female,61+,Low
CASE000038,X-Ray,2026-02-28 12:18:45,Staff,Male,61+,Medium
CASE000307,X-Ray,2026-02-28 12:26:50,Staff,Female,41-60,Low
CASE000520,Treatment,2026-02-28 12:28:48,Dr. Reddy,Female,18-40,High
CASE000693,Registration,2026-02-28 12:29:52,Staff,Male,18-40,Low
CASE000534,Doctor Consultation,2026-02-28 12:34:36,Dr. Iyer,Female,41-60,Low
CASE000693,Triage,2026-02-28 12:46:36,Staff,Male,18-40,Low
CASE000307,Doctor Consultation,2026-02-28 12:51:23,Dr. Iyer,Female,41-60,Low
CASE000038,Lab Test,2026-02-28 12:52:10,Staff,Male,61+,Medium
CASE000520,Discharge,2026-02-28 12:53:15,Staff,Female,18-40,High
CASE000534,Treatment,2026-02-28 12:55:38,Dr. Iyer,Female,41-60,Low
CASE000698,Doctor Consultation,2026-02-28 12:59:19,Dr. Khan,Female,61+,Low
CASE000307,Treatment,2026-02-28 13:09:21,Dr. Iyer,Female,41-60,Low
CASE000534,Discharge,2026-02-28 13:11:27,Staff,Female,41-60,Low
CASE000698,Treatment,2026-02-28 13:13:25,Dr. Khan,Female,61+,Low
CASE000693,X-Ray,2026-02-28 13:22:17,Staff,Male,18-40,Low
CASE000038,Doctor Consultation,2026-02-28 13:24:46,Dr. Khan,Male,61+,Medium
CASE000307,Discharge,2026-02-28 13:34:56,Staff,Female,41-60,Low
CASE000698,Discharge,2026-02-28 13:41:05,Staff,Female,61+,Low
CASE000038,Treatment,2026-02-28 13:48:55,Dr. Khan,Male,61+,Medium
CASE000693,Lab Test,2026-02-28 14:06:10,Staff,Male,18-40,Low
CASE000038,Discharge,2026-02-28 14:11:17,Staff,Male,61+,Medium
CASE000693,Doctor Consultation,2026-02-28 14:30:18,Dr. Sharma,Male,18-40,Low
CASE000002,Registration,2026-02-28 15:00:47,Staff,Female,18-40,Low
CASE000693,Treatment,2026-02-28 15:01:52,Dr. Sharma,Male,18-40,Low
CASE000693,Discharge,2026-02-28 15:12:42,Staff,Male,18-40,Low
CASE000002,Triage,2026-02-28 15:14:32,Staff,Female,18-40,Low
CASE000002,X-Ray,2026-02-28 15:46:45,Staff,Female,18-40,Low
CASE000002,Triage,2026-02-28 15:55:26,Staff,Female,18-40,Low
CASE000002,X-Ray,2026-02-28 16:30:49,Staff,Female,18-40,Low
CASE000002,Lab Test,2026-02-28 17:17:40,Staff,Female,18-40,Low
CASE000023,Triage,2026-02-28 17:33:35,Staff,Female,41-60,Low
CASE000002,Doctor Consultation,2026-02-28 17:49:52,Dr. Iyer,Female,18-40,Low
CASE000023,X-Ray,2026-02-28 18:05:35,Staff,Female,41-60,Low
CASE000002,Treatment,2026-02-28 18:13:35,Dr. Iyer,Female,18-40,Low
CASE000002,Admission,2026-02-28 18:26:36,Staff,Female,18-40,Low
CASE000023,Doctor Consultation,2026-02-28 18:39:28,Dr. Iyer,Female,41-60,Low
CASE000023,Treatment,2026-02-28 18:58:55,Dr. Iyer,Female,41-60,Low
CASE000023,Discharge,2026-02-28 19:20:34,Staff,Female,41-60,Low
CASE000260,Registration,2026-02-28 19:33:14,Staff,Female,0-17,High
CASE000260,Triage,2026-02-28 19:47:22,Staff,Female,0-17,High
CASE000047,Registration,2026-02-28 19:59:49,Staff,Female,41-60,Medium
CASE000260,Doctor Consultation,2026-02-28 20:16:43,Dr. Reddy,Female,0-17,High
CASE000955,Registration,2026-02-28 20:20:06,Staff,Male,61+,Medium
CASE000047,Triage,2026-02-28 20:20:38,Staff,Female,41-60,Medium
CASE000955,Triage,2026-02-28 20:27:15,Staff,Male,61+,Medium
CASE000260,Treatment,2026-02-28 20:39:59,Dr. Reddy,Female,0-17,High
CASE000955,Doctor Consultation,2026-02-28 20:51:42,Dr. Khan,Male,61+,Medium
CASE000047,Lab Test,2026-02-28 20:54:07,Staff,Female,41-60,Medium
CASE000260,Discharge,2026-02-28 20:55:48,Staff,Female,0-17,High
CASE000047,Doctor Consultation,2026-02-28 21:17:07,Dr. Khan,Female,41-60,Medium
CASE000955,Treatment,2026-02-28 21:23:45,Dr. Khan,Male,61+,Medium
CASE000047,Treatment,2026-02-28 21:32:54,Dr. Khan,Female,41-60,Medium
CASE000955,Discharge,2026-02-28 21:34:34,Staff,Male,61+,Medium
CASE000047,Discharge,2026-02-28 21:47:53,Staff,Female,41-60,Medium
CASE000309,Registration,2026-03-01 12:07:49,Staff,Female,18-40,Medium
CASE000309,X-Ray,2026-03-01 12:39:05,Staff,Female,18-40,Medium
CASE000309,Doctor Consultation,2026-03-01 13:06:25,Dr. Reddy,Female,18-40,Medium
CASE000309,Treatment,2026-03-01 13:28:46,Dr. Reddy,Female,18-40,Medium
CASE000309,Discharge,2026-03-01 13:36:17,Staff,Female,18-40,Medium
CASE000127,Registration,2026-03-01 13:42:36,Staff,Male,18-40,High
CASE000127,Triage,2026-03-01 13:50:21,Staff,Male,18-40,High
CASE000127,X-Ray,2026-03-01 14:14:28,Staff,Male,18-40,High
CASE000127,Doctor Consultation,2026-03-01 14:50:14,Dr. Reddy,Male,18-40,High
CASE000127,Treatment,2026-03-01 15:04:09,Dr. Reddy,Male,18-40,High
CASE000127,Discharge,2026-03-01 15:34:21,Staff,Male,18-40,High
CASE000297,Registration,2026-03-01 16:20:10,Staff,Female,18-40,Low
CASE000297,Triage,2026-03-01 16:43:21,Staff,Female,18-40,Low
CASE000297,X-Ray,2026-03-01 17:10:25,Staff,Female,18-40,Low
CASE000297,Doctor Consultation,2026-03-01 17:41:23,Dr. Khan,Female,18-40,Low
CASE000297,Treatment,2026-03-01 17:54:26,Dr. Khan,Female,18-40,Low
CASE000297,Discharge,2026-03-01 18:02:19,Staff,Female,18-40,Low
CASE000433,Registration,2026-03-01 18:25:53,Staff,Female,41-60,Low
CASE000433,Triage,2026-03-01 18:46:38,Staff,Female,41-60,Low
CASE000433,X-Ray,2026-03-01 19:16:31,Staff,Female,41-60,Low
CASE000433,Triage,2026-03-01 19:33:29,Staff,Female,41-60,Low
CASE000433,X-Ray,2026-03-01 20:04:44,Staff,Female,41-60,Low
CASE000433,Lab Test,2026-03-01 20:27:46,Staff,Female,41-60,Low
CASE000081,Registration,2026-03-01 20:41:16,Staff,Female,18-40,Low
CASE000433,Doctor Consultation,2026-03-01 20:54:19,Dr. Iyer,Female,41-60,Low
CASE000081,Triage,2026-03-01 20:56:33,Staff,Female,18-40,Low
CASE000081,Lab Test,2026-03-01 21:17:44,Staff,Female,18-40,Low
CASE000433,Treatment,2026-03-01 21:26:48,Dr. Iyer,Female,41-60,Low
CASE000433,Discharge,2026-03-01 21:41:30,Staff,Female,41-60,Low
CASE000081,Doctor Consultation,2026-03-01 21:55:25,Dr. Reddy,Female,18-40,Low
CASE000081,Treatment,2026-03-01 22:16:55,Dr. Reddy,Female,18-40,Low
CASE000081,Discharge,2026-03-01 22:37:31,Staff,Female,18-40,Low
CASE000043,Registration,2026-03-02 06:54:32,Staff,Male,18-40,Medium
CASE000043,Triage,2026-03-02 07:05:37,Staff,Male,18-40,Medium
CASE000043,X-Ray,2026-03-02 07:39:52,Staff,Male,18-40,Medium
CASE000043,Doctor Consultation,2026-03-02 08:10:23,Dr. Khan,Male,18-40,Medium
CASE000559,Registration,2026-03-02 08:14:13,Staff,Male,18-40,Low
CASE000043,Treatment,2026-03-02 08:23:28,Dr. Khan,Male,18-40,Medium
CASE000559,Triage,2026-03-02 08:38:44,Staff,Male,18-40,Low
CASE000043,Discharge,2026-03-02 08:43:27,Staff,Male,18-40,Medium
CASE000559,Lab Test,2026-03-02 09:12:56,Staff,Male,18-40,Low
CASE000559,Doctor Consultation,2026-03-02 09:41:52,Dr. Sharma,Male,18-40,Low
CASE000559,Treatment,2026-03-02 10:07:00,Dr. Sharma,Male,18-40,Low
CASE000559,Admission,2026-03-02 10:20:40,Staff,Male,18-40,Low
CASE000706,Registration,2026-03-02 12:01:48,Staff,Female,41-60,Medium
CASE000706,Triage,2026-03-02 12:17:40,Staff,Female,41-60,Medium
CASE000706,X-Ray,2026-03-02 12:43:45,Staff,Female,41-60,Medium
CASE000226,Registration,2026-03-02 13:16:18,Staff,Male,18-40,Medium
CASE000706,Doctor Consultation,2026-03-02 13:24:04,Dr. Reddy,Female,41-60,Medium
CASE000226,Triage,2026-03-02 13:24:25,Staff,Male,18-40,Medium
CASE000226,Doctor Consultation,2026-03-02 13:43:15,Dr. Reddy,Male,18-40,Medium
CASE000706,Treatment,2026-03-02 13:53:44,Dr. Reddy,Female,41-60,Medium
CASE000706,Discharge,2026-03-02 14:03:36,Staff,Female,41-60,Medium
CASE000226,Treatment,2026-03-02 14:10:25,Dr. Reddy,Male,18-40,Medium
CASE000226,Discharge,2026-03-02 14:25:22,Staff,Male,18-40,Medium
CASE000414,Registration,2026-03-02 18:10:05,Staff,Male,41-60,Medium
CASE000414,Triage,2026-03-02 18:26:33,Staff,Male,41-60,Medium
CASE000414,X-Ray,2026-03-02 18:56:38,Staff,Male,41-60,Medium
CASE000414,Triage,2026-03-02 19:21:53,Staff,Male,41-60,Medium
CASE000414,X-Ray,2026-03-02 19:54:17,Staff,Male,41-60,Medium
CASE000414,Lab Test,2026-03-02 20:25:15,Staff,Male,41-60,Medium
CASE000414,Doctor Consultation,2026-03-02 20:50:23,Dr. Reddy,Male,41-60,Medium
CASE000464,Registration,2026-03-02 21:07:06,Staff,Male,41-60,Medium
CASE000414,Treatment,2026-03-02 21:22:25,Dr. Reddy,Male,41-60,Medium
CASE000464,Triage,2026-03-02 21:29:15,Staff,Male,41-60,Medium
CASE000414,Discharge,2026-03-02 21:45:52,Staff,Male,41-60,Medium
CASE000464,X-Ray,2026-03-02 21:53:18,Staff,Male,41-60,Medium
CASE000464,Triage,2026-03-02 22:10:51,Staff,Male,41-60,Medium
CASE000464,X-Ray,2026-03-02 22:34:27,Staff,Male,41-60,Medium
CASE000547,Registration,2026-03-02 22:47:47,Staff,Female,18-40,Low
CASE000464,Doctor Consultation,2026-03-02 22:56:26,Dr. Khan,Male,41-60,Medium
CASE000547,Triage,2026-03-02 23:04:09,Staff,Female,18-40,Low
CASE000464,Treatment,2026-03-02 23:19:28,Dr. Khan,Male,41-60,Medium
CASE000547,X-Ray,2026-03-02 23:27:39,Staff,Female,18-40,Low
CASE000464,Discharge,2026-03-02 23:36:45,Staff,Male,41-60,Medium
CASE000547,Triage,2026-03-02 23:44:31,Staff,Female,18-40,Low
CASE000547,X-Ray,2026-03-03 00:03:17,Staff,Female,18-40,Low
CASE000547,Lab Test,2026-03-03 00:32:20,Staff,Female,18-40,Low
CASE000547,Doctor Consultation,2026-03-03 00:56:42,Dr. Reddy,Female,18-40,Low
CASE000116,Registration,2026-03-03 01:00:39,Staff,Male,61+,Medium
CASE000116,Triage,2026-03-03 01:12:10,Staff,Male,61+,Medium
CASE000547,Treatment,2026-03-03 01:18:13,Dr. Reddy,Female,18-40,Low
CASE000547,Discharge,2026-03-03 01:30:32,Staff,Female,18-40,Low
CASE000116,X-Ray,2026-03-03 01:53:08,Staff,Male,61+,Medium
CASE000116,Triage,2026-03-03 02:03:46,Staff,Male,61+,Medium
CASE000566,Registration,2026-03-03 02:13:43,Staff,Female,41-60,Low
CASE000566,X-Ray,2026-03-03 02:40:17,Staff,Female,41-60,Low
CASE000116,X-Ray,2026-03-03 02:40:20,Staff,Male,61+,Medium
CASE000566,Lab Test,2026-03-03 03:13:01,Staff,Female,41-60,Low
CASE000116,Doctor Consultation,2026-03-03 03:18:54,Dr. Khan,Male,61+,Medium
CASE000566,Doctor Consultation,2026-03-03 03:42:53,Dr. Patel,Female,41-60,Low
CASE000116,Treatment,2026-03-03 03:51:03,Dr. Khan,Male,61+,Medium
CASE000566,Treatment,2026-03-03 03:52:51,Dr. Patel,Female,41-60,Low
CASE000116,Admission,2026-03-03 04:14:42,Staff,Male,61+,Medium
CASE000566,Discharge,2026-03-03 04:18:24,Staff,Female,41-60,Low
CASE000315,Registration,2026-03-03 06:26:18,Staff,Female,18-40,Medium
CASE000315,Triage,2026-03-03 06:41:50,Staff,Female,18-40,Medium
CASE000315,X-Ray,2026-03-03 07:10:34,Staff,Female,18-40,Medium
CASE000315,Doctor Consultation,2026-03-03 07:40:26,Dr. Reddy,Female,18-40,Medium
CASE000315,Treatment,2026-03-03 08:03:46,Dr. Reddy,Female,18-40,Medium
CASE000442,Registration,2026-03-03 08:10:14,Staff,Male,18-40,High
CASE000315,Discharge,2026-03-03 08:18:02,Staff,Female,18-40,Medium
CASE000442,Triage,2026-03-03 08:28:08,Staff,Male,18-40,High
CASE000442,Doctor Consultation,2026-03-03 09:05:27,Dr. Khan,Male,18-40,High
CASE000442,Treatment,2026-03-03 09:22:14,Dr. Khan,Male,18-40,High
CASE000861,Registration,2026-03-03 09:45:11,Staff,Male,0-17,Low
CASE000442,Discharge,2026-03-03 09:48:29,Staff,Male,18-40,High
CASE000861,Triage,2026-03-03 10:16:13,Staff,Male,0-17,Low
CASE000861,Doctor Consultation,2026-03-03 10:44:12,Dr. Khan,Male,0-17,Low
CASE000861,Treatment,2026-03-03 11:01:20,Dr. Khan,Male,0-17,Low
CASE000861,Discharge,2026-03-03 11:13:23,Staff,Male,0-17,Low
CASE000947,Registration,2026-03-03 19:47:56,Staff,Male,41-60,Low
CASE000998,Registration,2026-03-03 19:57:14,Staff,Female,18-40,Medium
CASE000947,Triage,2026-03-03 20:05:27,Staff,Male,41-60,Low
CASE000998,Triage,2026-03-03 20:14:55,Staff,Female,18-40,Medium
CASE000947,X-Ray,2026-03-03 20:43:58,Staff,Male,41-60,Low
CASE000998,Doctor Consultation,2026-03-03 20:47:57,Dr. Patel,Female,18-40,Medium
CASE000998,Treatment,2026-03-03 21:03:22,Dr. Patel,Female,18-40,Medium
CASE000998,Discharge,2026-03-03 21:21:21,Staff,Female,18-40,Medium
CASE000947,Lab Test,2026-03-03 21:31:01,Staff,Male,41-60,Low
CASE000947,Doctor Consultation,2026-03-03 22:03:26,Dr. Reddy,Male,41-60,Low
CASE000947,Treatment,2026-03-03 22:22:01,Dr. Reddy,Male,41-60,Low
CASE000947,Discharge,2026-03-03 22:45:18,Staff,Male,41-60,Low
CASE000461,Registration,2026-03-04 01:00:53,Staff,Female,18-40,Medium
CASE000461,Triage,2026-03-04 01:09:03,Staff,Female,18-40,Medium
CASE000461,X-Ray,2026-03-04 01:32:34,Staff,Female,18-40,Medium
CASE000461,Doctor Consultation,2026-03-04 02:06:50,Dr. Iyer,Female,18-40,Medium
CASE000461,Treatment,2026-03-04 02:30:08,Dr. Iyer,Female,18-40,Medium
CASE000461,Discharge,2026-03-04 02:48:35,Staff,Female,18-40,Medium
CASE000180,Registration,2026-03-04 08:14:18,Staff,Male,0-17,Low
CASE000180,Doctor Consultation,2026-03-04 08:53:00,Dr. Reddy,Male,0-17,Low
CASE000096,Registration,2026-03-04 09:16:32,Staff,Male,41-60,Low
CASE000180,Treatment,2026-03-04 09:24:07,Dr. Reddy,Male,0-17,Low
CASE000180,Discharge,2026-03-04 09:40:22,Staff,Male,0-17,Low
CASE000096,Triage,2026-03-04 09:48:03,Staff,Male,41-60,Low
CASE000134,Registration,2026-03-04 10:17:54,Staff,Male,18-40,Low
CASE000096,Doctor Consultation,2026-03-04 10:36:46,Dr. Khan,Male,41-60,Low
CASE000134,Triage,2026-03-04 10:47:34,Staff,Male,18-40,Low
CASE000096,Treatment,2026-03-04 10:50:42,Dr. Khan,Male,41-60,Low
CASE000485,Registration,2026-03-04 10:56:56,Staff,Male,18-40,Low
CASE000096,Discharge,2026-03-04 11:14:05,Staff,Male,41-60,Low
CASE000134,Doctor Consultation,2026-03-04 11:31:15,Dr. Patel,Male,18-40,Low
CASE000485,Triage,2026-03-04 11:32:09,Staff,Male,18-40,Low
CASE000134,Treatment,2026-03-04 11:48:18,Dr. Patel,Male,18-40,Low
CASE000134,Discharge,2026-03-04 12:06:21,Staff,Male,18-40,Low
CASE000485,X-Ray,2026-03-04 12:10:40,Staff,Male,18-40,Low
CASE000485,Triage,2026-03-04 12:31:00,Staff,Male,18-40,Low
CASE000485,X-Ray,2026-03-04 13:03:26,Staff,Male,18-40,Low
CASE000485,Doctor Consultation,2026-03-04 13:36:27,Dr. Sharma,Male,18-40,Low
CASE000845,Registration,2026-03-04 13:42:31,Staff,Male,18-40,High
CASE000485,Treatment,2026-03-04 13:57:34,Dr. Sharma,Male,18-40,Low
CASE000845,Triage,2026-03-04 14:06:28,Staff,Male,18-40,High
CASE000485,Discharge,2026-03-04 14:08:02,Staff,Male,18-40,Low
CASE000845,Lab Test,2026-03-04 14:25:01,Staff,Male,18-40,High
CASE000482,Registration,2026-03-04 14:56:28,Staff,Female,61+,Low
CASE000845,Doctor Consultation,2026-03-04 14:57:05,Dr. Reddy,Male,18-40,High
CASE000482,Triage,2026-03-04 15:15:51,Staff,Female,61+,Low
CASE000845,Treatment,2026-03-04 15:21:16,Dr. Reddy,Male,18-40,High
CASE000845,Admission,2026-03-04 15:40:24,Staff,Male,18-40,High
CASE000482,X-Ray,2026-03-04 15:43:35,Staff,Female,61+,Low
CASE000482,Triage,2026-03-04 16:03:22,Staff,Female,61+,Low
CASE000018,Registration,2026-03-04 16:18:51,Staff,Female,61+,Medium
CASE000018,Triage,2026-03-04 16:30:20,Staff,Female,61+,Medium
CASE000482,X-Ray,2026-03-04 16:40:23,Staff,Female,61+,Low
CASE000018,Lab Test,2026-03-04 16:59:34,Staff,Female,61+,Medium
CASE000482,Doctor Consultation,2026-03-04 17:06:22,Dr. Sharma,Female,61+,Low
CASE000018,Doctor Consultation,2026-03-04 17:16:51,Dr. Khan,Female,61+,Medium
CASE000482,Treatment,2026-03-04 17:26:34,Dr. Sharma,Female,61+,Low
CASE000018,Treatment,2026-03-04 17:43:08,Dr. Khan,Female,61+,Medium
CASE000482,Discharge,2026-03-04 17:53:00,Staff,Female,61+,Low
CASE000630,Registration,2026-03-04 17:54:01,Staff,Male,18-40,Low
CASE000018,Discharge,2026-03-04 17:55:07,Staff,Female,61+,Medium
CASE000194,Registration,2026-03-04 18:00:55,Staff,Female,61+,Low
CASE000263,Registration,2026-03-04 18:14:50,Staff,Female,18-40,High
CASE000194,Triage,2026-03-04 18:17:50,Staff,Female,61+,Low
CASE000630,Triage,2026-03-04 18:20:52,Staff,Male,18-40,Low
CASE000263,Triage,2026-03-04 18:35:48,Staff,Female,18-40,High
CASE000630,X-Ray,2026-03-04 18:42:54,Staff,Male,18-40,Low
CASE000263,X-Ray,2026-03-04 18:50:14,Staff,Female,18-40,High
CASE000194,Doctor Consultation,2026-03-04 18:53:11,Dr. Reddy,Female,61+,Low
CASE000630,Doctor Consultation,2026-03-04 19:05:52,Dr. Iyer,Male,18-40,Low
CASE000263,Lab Test,2026-03-04 19:07:52,Staff,Female,18-40,High
CASE000194,Treatment,2026-03-04 19:16:10,Dr. Reddy,Female,61+,Low
CASE000630,Treatment,2026-03-04 19:30:00,Dr. Iyer,Male,18-40,Low
CASE000263,Doctor Consultation,2026-03-04 19:35:17,Dr. Patel,Female,18-40,High
CASE000194,Discharge,2026-03-04 19:44:59,Staff,Female,61+,Low
CASE000630,Admission,2026-03-04 19:50:57,Staff,Male,18-40,Low
CASE000263,Treatment,2026-03-04 20:00:39,Dr. Patel,Female,18-40,High
CASE000875,Triage,2026-03-04 20:06:14,Staff,Female,41-60,Low
CASE000263,Discharge,2026-03-04 20:22:54,Staff,Female,18-40,High
CASE000875,Doctor Consultation,2026-03-04 20:34:27,Dr. Patel,Female,41-60,Low
CASE000875,Treatment,2026-03-04 20:56:58,Dr. Patel,Female,41-60,Low
CASE000875,Discharge,2026-03-04 21:13:43,Staff,Female,41-60,Low
CASE000219,Registration,2026-03-04 22:15:36,Staff,Male,18-40,Low
CASE000219,Triage,2026-03-04 22:32:14,Staff,Male,18-40,Low
CASE000219,Lab Test,2026-03-04 23:03:03,Staff,Male,18-40,Low
CASE000219,Doctor Consultation,2026-03-04 23:26:17,Dr. Khan,Male,18-40,Low
CASE000219,Treatment,2026-03-04 23:42:54,Dr. Khan,Male,18-40,Low
CASE000219,Discharge,2026-03-04 23:50:20,Staff,Male,18-40,Low
CASE000521,Registration,2026-03-05 06:05:53,Staff,Female,41-60,Medium
CASE000521,Triage,2026-03-05 06:25:25,Staff,Female,41-60,Medium
CASE000521,X-Ray,2026-03-05 06:53:14,Staff,Female,41-60,Medium
CASE000521,Doctor Consultation,2026-03-05 07:26:31,Dr. Iyer,Female,41-60,Medium
CASE000682,Registration,2026-03-05 07:30:42,Staff,Male,61+,Low
CASE000682,Triage,2026-03-05 07:41:28,Staff,Male,61+,Low
CASE000521,Treatment,2026-03-05 07:48:32,Dr. Iyer,Female,41-60,Medium
CASE000682,Lab Test,2026-03-05 08:02:23,Staff,Male,61+,Low
CASE000521,Discharge,2026-03-05 08:09:27,Staff,Female,41-60,Medium
CASE000682,Doctor Consultation,2026-03-05 08:53:14,Dr. Patel,Male,61+,Low
CASE000682,Treatment,2026-03-05 09:21:09,Dr. Patel,Male,61+,Low
CASE000860,Registration,2026-03-05 09:45:53,Staff,Female,61+,Low
CASE000682,Discharge,2026-03-05 09:48:26,Staff,Male,61+,Low
CASE000860,Triage,2026-03-05 10:03:17,Staff,Female,61+,Low
CASE000860,X-Ray,2026-03-05 10:45:10,Staff,Female,61+,Low
CASE000860,Triage,2026-03-05 10:59:58,Staff,Female,61+,Low
CASE000339,Registration,2026-03-05 11:25:48,Staff,Male,41-60,High
CASE000339,Triage,2026-03-05 11:57:49,Staff,Male,41-60,High
CASE000860,X-Ray,2026-03-05 12:02:10,Staff,Female,61+,Low
CASE000860,Doctor Consultation,2026-03-05 12:33:39,Dr. Reddy,Female,61+,Low
CASE000734,Registration,2026-03-05 12:35:43,Staff,Male,18-40,High
CASE000339,X-Ray,2026-03-05 12:37:52,Staff,Male,41-60,High
CASE000734,Triage,2026-03-05 12:48:01,Staff,Male,18-40,High
CASE000339,Triage,2026-03-05 12:50:42,Staff,Male,41-60,High
CASE000860,Treatment,2026-03-05 12:51:48,Dr. Reddy,Female,61+,Low
CASE000860,Discharge,2026-03-05 13:05:37,Staff,Female,61+,Low
CASE000339,X-Ray,2026-03-05 13:06:14,Staff,Male,41-60,High
CASE000300,Registration,2026-03-05 13:15:53,Staff,Male,41-60,Medium
CASE000734,X-Ray,2026-03-05 13:18:08,Staff,Male,18-40,High
CASE000248,Registration,2026-03-05 13:19:17,Staff,Female,18-40,Medium
CASE000300,Triage,2026-03-05 13:32:43,Staff,Male,41-60,Medium
CASE000339,Doctor Consultation,2026-03-05 13:34:39,Dr. Patel,Male,41-60,High
CASE000734,Triage,2026-03-05 13:35:38,Staff,Male,18-40,High
CASE000248,Triage,2026-03-05 13:42:10,Staff,Female,18-40,Medium
CASE000734,X-Ray,2026-03-05 13:58:42,Staff,Male,18-40,High
CASE000339,Treatment,2026-03-05 14:07:30,Dr. Patel,Male,41-60,High
CASE000300,Doctor Consultation,2026-03-05 14:08:01,Dr. Patel,Male,41-60,Medium
CASE000248,X-Ray,2026-03-05 14:09:54,Staff,Female,18-40,Medium
CASE000925,Registration,2026-03-05 14:25:48,Staff,Female,41-60,Low
CASE000300,Treatment,2026-03-05 14:31:34,Dr. Patel,Male,41-60,Medium
CASE000734,Doctor Consultation,2026-03-05 14:32:30,Dr. Reddy,Male,18-40,High
CASE000339,Admission,2026-03-05 14:35:59,Staff,Male,41-60,High
CASE000925,Triage,2026-03-05 14:36:19,Staff,Female,41-60,Low
CASE000248,Doctor Consultation,2026-03-05 14:43:46,Dr. Sharma,Female,18-40,Medium
CASE000734,Treatment,2026-03-05 14:53:26,Dr. Reddy,Male,18-40,High
CASE000300,Discharge,2026-03-05 14:58:48,Staff,Male,41-60,Medium
CASE000248,Treatment,2026-03-05 15:00:04,Dr. Sharma,Female,18-40,Medium
CASE000925,Doctor Consultation,2026-03-05 15:04:21,Dr. Iyer,Female,41-60,Low
CASE000734,Discharge,2026-03-05 15:11:58,Staff,Male,18-40,High
CASE000925,Treatment,2026-03-05 15:15:51,Dr. Iyer,Female,41-60,Low
CASE000248,Discharge,2026-03-05 15:17:59,Staff,Female,18-40,Medium
CASE000925,Discharge,2026-03-05 15:43:28,Staff,Female,41-60,Low
CASE000822,Registration,2026-03-05 16:38:03,Staff,Female,61+,Medium
CASE000822,Triage,2026-03-05 16:55:09,Staff,Female,61+,Medium
CASE000822,X-Ray,2026-03-05 17:18:33,Staff,Female,61+,Medium
CASE000822,Doctor Consultation,2026-03-05 17:41:39,Dr. Khan,Female,61+,Medium
CASE000822,Treatment,2026-03-05 18:01:25,Dr. Khan,Female,61+,Medium
CASE000822,Discharge,2026-03-05 18:13:30,Staff,Female,61+,Medium
CASE000290,Registration,2026-03-05 20:47:40,Staff,Female,18-40,Medium
CASE000290,Triage,2026-03-05 21:00:56,Staff,Female,18-40,Medium
CASE000290,Doctor Consultation,2026-03-05 21:33:27,Dr. Iyer,Female,18-40,Medium
CASE000290,Treatment,2026-03-05 21:55:03,Dr. Iyer,Female,18-40,Medium
CASE000290,Admission,2026-03-05 22:18:21,Staff,Female,18-40,Medium
CASE000386,Registration,2026-03-06 08:11:17,Staff,Male,18-40,Low
CASE000386,Lab Test,2026-03-06 08:44:11,Staff,Male,18-40,Low
CASE000386,Doctor Consultation,2026-03-06 09:31:55,Dr. Sharma,Male,18-40,Low
CASE000386,Treatment,2026-03-06 09:57:50,Dr. Sharma,Male,18-40,Low
CASE000386,Discharge,2026-03-06 10:16:29,Staff,Male,18-40,Low
CASE000950,Registration,2026-03-06 13:16:49,Staff,Male,41-60,Medium
CASE000950,Triage,2026-03-06 13:24:27,Staff,Male,41-60,Medium
CASE000950,Lab Test,2026-03-06 13:50:20,Staff,Male,41-60,Medium
CASE000275,Registration,2026-03-06 13:56:52,Staff,Male,41-60,Low
CASE000275,Triage,2026-03-06 14:12:58,Staff,Male,41-60,Low
CASE000950,Doctor Consultation,2026-03-06 14:24:56,Dr. Iyer,Male,41-60,Medium
CASE000275,X-Ray,2026-03-06 14:29:29,Staff,Male,41-60,Low
CASE000915,Registration,2026-03-06 14:44:08,Staff,Female,41-60,Medium
CASE000950,Treatment,2026-03-06 14:49:07,Dr. Iyer,Male,41-60,Medium
CASE000915,Triage,2026-03-06 14:50:17,Staff,Female,41-60,Medium
CASE000275,Triage,2026-03-06 14:55:35,Staff,Male,41-60,Low
CASE000950,Discharge,2026-03-06 15:18:18,Staff,Male,41-60,Medium
CASE000275,X-Ray,2026-03-06 15:20:53,Staff,Male,41-60,Low
CASE000915,Doctor Consultation,2026-03-06 15:30:02,Dr. Patel,Female,41-60,Medium
CASE000275,Doctor Consultation,2026-03-06 15:44:49,Dr. Sharma,Male,41-60,Low
CASE000915,Treatment,2026-03-06 15:47:15,Dr. Patel,Female,41-60,Medium
CASE000275,Treatment,2026-03-06 15:56:55,Dr. Sharma,Male,41-60,Low
CASE000275,Discharge,2026-03-06 16:20:03,Staff,Male,41-60,Low
CASE000915,Discharge,2026-03-06 16:20:13,Staff,Female,41-60,Medium
CASE000488,Registration,2026-03-06 17:35:51,Staff,Female,0-17,Medium
CASE000347,Triage,2026-03-06 17:37:05,Staff,Female,18-40,Low
CASE000488,Triage,2026-03-06 17:56:16,Staff,Female,0-17,Medium
CASE000347,X-Ray,2026-03-06 18:03:52,Staff,Female,18-40,Low
CASE000865,Registration,2026-03-06 18:11:06,Staff,Male,61+,Low
CASE000347,Triage,2026-03-06 18:19:17,Staff,Female,18-40,Low
CASE000488,X-Ray,2026-03-06 18:25:07,Staff,Female,0-17,Medium
CASE000865,Triage,2026-03-06 18:28:42,Staff,Male,61+,Low
CASE000347,X-Ray,2026-03-06 18:35:06,Staff,Female,18-40,Low
CASE000347,Doctor Consultation,2026-03-06 18:49:17,Dr. Reddy,Female,18-40,Low
CASE000865,X-Ray,2026-03-06 18:59:46,Staff,Male,61+,Low
CASE000488,Lab Test,2026-03-06 19:11:09,Staff,Female,0-17,Medium
CASE000865,Triage,2026-03-06 19:17:57,Staff,Male,61+,Low
CASE000347,Treatment,2026-03-06 19:21:26,Dr. Reddy,Female,18-40,Low
CASE000488,Doctor Consultation,2026-03-06 19:30:32,Dr. Iyer,Female,0-17,Medium
CASE000865,X-Ray,2026-03-06 19:37:41,Staff,Male,61+,Low
CASE000347,Discharge,2026-03-06 19:41:31,Staff,Female,18-40,Low
CASE000565,Registration,2026-03-06 19:51:40,Staff,Female,0-17,Low
CASE000488,Treatment,2026-03-06 19:56:16,Dr. Iyer,Female,0-17,Medium
CASE000865,Doctor Consultation,2026-03-06 20:07:05,Dr. Reddy,Male,61+,Low
CASE000565,Triage,2026-03-06 20:14:40,Staff,Female,0-17,Low
CASE000488,Discharge,2026-03-06 20:16:48,Staff,Female,0-17,Medium
CASE000865,Treatment,2026-03-06 20:30:47,Dr. Reddy,Male,61+,Low
CASE000865,Discharge,2026-03-06 20:45:03,Staff,Male,61+,Low
CASE000565,Doctor Consultation,2026-03-06 20:45:23,Dr. Sharma,Female,0-17,Low
CASE000565,Treatment,2026-03-06 21:07:40,Dr. Sharma,Female,0-17,Low
CASE000565,Discharge,2026-03-06 21:32:24,Staff,Female,0-17,Low
CASE000614,Registration,2026-03-06 22:43:37,Staff,Male,61+,Medium
CASE000614,Triage,2026-03-06 23:03:59,Staff,Male,61+,Medium
CASE000614,Doctor Consultation,2026-03-06 23:34:46,Dr. Reddy,Male,61+,Medium
CASE000614,Treatment,2026-03-06 23:42:54,Dr. Reddy,Male,61+,Medium
CASE000614,Discharge,2026-03-07 00:02:18,Staff,Male,61+,Medium
CASE000128,Registration,2026-03-07 02:54:13,Staff,Female,0-17,Low
CASE000128,Triage,2026-03-07 03:08:04,Staff,Female,0-17,Low
CASE000128,X-Ray,2026-03-07 03:35:38,Staff,Female,0-17,Low
CASE000128,Triage,2026-03-07 03:48:05,Staff,Female,0-17,Low
CASE000128,X-Ray,2026-03-07 04:27:14,Staff,Female,0-17,Low
CASE000128,Lab Test,2026-03-07 04:57:48,Staff,Female,0-17,Low
CASE000128,Doctor Consultation,2026-03-07 05:38:30,Dr. Patel,Female,0-17,Low
CASE000128,Treatment,2026-03-07 05:54:55,Dr. Patel,Female,0-17,Low
CASE000128,Discharge,2026-03-07 06:12:18,Staff,Female,0-17,Low
CASE000833,Registration,2026-03-07 07:05:53,Staff,Male,0-17,Medium
CASE000833,Triage,2026-03-07 07:24:45,Staff,Male,0-17,Medium
CASE000833,Lab Test,2026-03-07 07:50:39,Staff,Male,0-17,Medium
CASE000660,Registration,2026-03-07 08:12:28,Staff,Female,61+,Medium
CASE000833,Doctor Consultation,2026-03-07 08:15:02,Dr. Iyer,Male,0-17,Medium
CASE000833,Treatment,2026-03-07 08:32:19,Dr. Iyer,Male,0-17,Medium
CASE000660,Triage,2026-03-07 08:35:46,Staff,Female,61+,Medium
CASE000833,Discharge,2026-03-07 08:47:56,Staff,Male,0-17,Medium
CASE000660,Doctor Consultation,2026-03-07 09:06:53,Dr. Khan,Female,61+,Medium
CASE000660,Treatment,2026-03-07 09:38:11,Dr. Khan,Female,61+,Medium
CASE000660,Discharge,2026-03-07 09:49:07,Staff,Female,61+,Medium
CASE000553,Registration,2026-03-07 14:08:53,Staff,Male,18-40,Low
CASE000553,Triage,2026-03-07 14:28:41,Staff,Male,18-40,Low
CASE000553,Lab Test,2026-03-07 14:53:32,Staff,Male,18-40,Low
CASE000553,Doctor Consultation,2026-03-07 15:13:20,Dr. Khan,Male,18-40,Low
CASE000553,Treatment,2026-03-07 15:29:59,Dr. Khan,Male,18-40,Low
CASE000553,Discharge,2026-03-07 15:46:15,Staff,Male,18-40,Low
CASE000220,Registration,2026-03-07 17:52:54,Staff,Female,0-17,Low
CASE000220,Triage,2026-03-07 18:09:08,Staff,Female,0-17,Low
CASE000755,Registration,2026-03-07 18:24:24,Staff,Female,18-40,Medium
CASE000220,X-Ray,2026-03-07 18:35:08,Staff,Female,0-17,Low
CASE000710,Registration,2026-03-07 18:44:33,Staff,Male,41-60,Low
CASE000755,Triage,2026-03-07 18:48:44,Staff,Female,18-40,Medium
CASE000220,Doctor Consultation,2026-03-07 18:56:30,Dr. Sharma,Female,0-17,Low
CASE000710,Triage,2026-03-07 19:06:28,Staff,Male,41-60,Low
CASE000755,X-Ray,2026-03-07 19:21:57,Staff,Female,18-40,Medium
CASE000220,Treatment,2026-03-07 19:23:35,Dr. Sharma,Female,0-17,Low
CASE000710,Lab Test,2026-03-07 19:26:57,Staff,Male,41-60,Low
CASE000755,Triage,2026-03-07 19:37:46,Staff,Female,18-40,Medium
CASE000220,Discharge,2026-03-07 19:38:04,Staff,Female,0-17,Low
CASE000264,Registration,2026-03-07 19:41:15,Staff,Female,18-40,Low
CASE000264,Triage,2026-03-07 19:55:51,Staff,Female,18-40,Low
CASE000510,Registration,2026-03-07 20:03:29,Staff,Female,41-60,Medium
CASE000710,Doctor Consultation,2026-03-07 20:03:49,Dr. Sharma,Male,41-60,Low
CASE000710,Treatment,2026-03-07 20:14:24,Dr. Sharma,Male,41-60,Low
CASE000755,X-Ray,2026-03-07 20:17:41,Staff,Female,18-40,Medium
CASE000510,Triage,2026-03-07 20:22:54,Staff,Female,41-60,Medium
CASE000264,Lab Test,2026-03-07 20:24:16,Staff,Female,18-40,Low
CASE000510,X-Ray,2026-03-07 20:38:01,Staff,Female,41-60,Medium
CASE000710,Discharge,2026-03-07 20:39:39,Staff,Male,41-60,Low
CASE000755,Doctor Consultation,2026-03-07 20:49:23,Dr. Patel,Female,18-40,Medium
CASE000264,Doctor Consultation,2026-03-07 20:53:59,Dr. Reddy,Female,18-40,Low
CASE000510,Doctor Consultation,2026-03-07 21:02:46,Dr. Khan,Female,41-60,Medium
CASE000264,Treatment,2026-03-07 21:10:09,Dr. Reddy,Female,18-40,Low
CASE000510,Treatment,2026-03-07 21:11:09,Dr. Khan,Female,41-60,Medium
CASE000755,Treatment,2026-03-07 21:11:39,Dr. Patel,Female,18-40,Medium
CASE000264,Discharge,2026-03-07 21:21:41,Staff,Female,18-40,Low
CASE000755,Discharge,2026-03-07 21:37:50,Staff,Female,18-40,Medium
CASE000510,Discharge,2026-03-07 21:38:17,Staff,Female,41-60,Medium
CASE000876,Registration,2026-03-07 22:03:12,Staff,Female,18-40,Low
CASE000876,Triage,2026-03-07 22:24:48,Staff,Female,18-40,Low
CASE000876,Doctor Consultation,2026-03-07 22:57:03,Dr. Sharma,Female,18-40,Low
CASE000876,Treatment,2026-03-07 23:25:10,Dr. Sharma,Female,18-40,Low
CASE000876,Discharge,2026-03-07 23:48:25,Staff,Female,18-40,Low
CASE000419,Registration,2026-03-08 10:57:53,Staff,Female,41-60,Medium
CASE000419,Triage,2026-03-08 11:21:20,Staff,Female,41-60,Medium
CASE000419,Doctor Consultation,2026-03-08 11:50:22,Dr. Sharma,Female,41-60,Medium
CASE000419,Treatment,2026-03-08 12:03:12,Dr. Sharma,Female,41-60,Medium
CASE000392,Registration,2026-03-08 12:04:21,Staff,Male,41-60,High
CASE000392,Triage,2026-03-08 12:27:21,Staff,Male,41-60,High
CASE000419,Discharge,2026-03-08 12:33:19,Staff,Female,41-60,Medium
CASE000392,X-Ray,2026-03-08 12:45:41,Staff,Male,41-60,High
CASE000392,Doctor Consultation,2026-03-08 13:09:48,Dr. Iyer,Male,41-60,High
CASE000392,Treatment,2026-03-08 13:22:10,Dr. Iyer,Male,41-60,High
CASE000392,Discharge,2026-03-08 13:48:51,Staff,Male,41-60,High
CASE000631,Registration,2026-03-08 13:58:47,Staff,Male,18-40,Low
CASE000631,Triage,2026-03-08 14:19:34,Staff,Male,18-40,Low
CASE000631,Doctor Consultation,2026-03-08 14:57:46,Dr. Sharma,Male,18-40,Low
CASE000631,Treatment,2026-03-08 15:19:24,Dr. Sharma,Male,18-40,Low
CASE000631,Discharge,2026-03-08 15:35:51,Staff,Male,18-40,Low
CASE000658,Registration,2026-03-08 16:07:48,Staff,Male,0-17,Low
CASE000658,Triage,2026-03-08 16:29:32,Staff,Male,0-17,Low
CASE000658,Doctor Consultation,2026-03-08 16:57:23,Dr. Sharma,Male,0-17,Low
CASE000204,Registration,2026-03-08 17:12:50,Staff,Male,18-40,Low
CASE000658,Treatment,2026-03-08 17:18:39,Dr. Sharma,Male,0-17,Low
CASE000204,Triage,2026-03-08 17:29:55,Staff,Male,18-40,Low
CASE000658,Discharge,2026-03-08 17:43:02,Staff,Male,0-17,Low
CASE000204,Lab Test,2026-03-08 17:51:53,Staff,Male,18-40,Low
CASE000276,Registration,2026-03-08 18:26:13,Staff,Male,18-40,Medium
CASE000204,Doctor Consultation,2026-03-08 18:30:25,Dr. Patel,Male,18-40,Low
CASE000204,Treatment,2026-03-08 18:47:34,Dr. Patel,Male,18-40,Low
CASE000276,Triage,2026-03-08 18:48:37,Staff,Male,18-40,Medium
CASE000204,Discharge,2026-03-08 19:02:03,Staff,Male,18-40,Low
CASE000653,Registration,2026-03-08 19:08:57,Staff,Male,18-40,High
CASE000276,X-Ray,2026-03-08 19:09:36,Staff,Male,18-40,Medium
CASE000653,Triage,2026-03-08 19:20:37,Staff,Male,18-40,High
CASE000276,Doctor Consultation,2026-03-08 19:33:11,Dr. Khan,Male,18-40,Medium
CASE000814,Registration,2026-03-08 19:35:55,Staff,Female,0-17,Low
CASE000653,X-Ray,2026-03-08 19:44:43,Staff,Male,18-40,High
CASE000814,Triage,2026-03-08 19:53:19,Staff,Female,0-17,Low
CASE000653,Triage,2026-03-08 19:56:46,Staff,Male,18-40,High
CASE000276,Treatment,2026-03-08 19:57:31,Dr. Khan,Male,18-40,Medium
CASE000276,Discharge,2026-03-08 20:10:39,Staff,Male,18-40,Medium
CASE000814,X-Ray,2026-03-08 20:16:46,Staff,Female,0-17,Low
CASE000333,Registration,2026-03-08 20:22:22,Staff,Male,18-40,Low
CASE000653,X-Ray,2026-03-08 20:29:32,Staff,Male,18-40,High
CASE000333,Triage,2026-03-08 20:32:41,Staff,Male,18-40,Low
CASE000814,Triage,2026-03-08 20:35:03,Staff,Female,0-17,Low
CASE000814,X-Ray,2026-03-08 21:04:47,Staff,Female,0-17,Low
CASE000333,Lab Test,2026-03-08 21:09:13,Staff,Male,18-40,Low
CASE000653,Lab Test,2026-03-08 21:12:04,Staff,Male,18-40,High
CASE000814,Lab Test,2026-03-08 21:31:02,Staff,Female,0-17,Low
CASE000653,Doctor Consultation,2026-03-08 21:44:48,Dr. Sharma,Male,18-40,High
CASE000333,Doctor Consultation,2026-03-08 21:47:28,Dr. Patel,Male,18-40,Low
CASE000653,Treatment,2026-03-08 22:03:53,Dr. Sharma,Male,18-40,High
CASE000814,Doctor Consultation,2026-03-08 22:06:38,Dr. Reddy,Female,0-17,Low
CASE000333,Treatment,2026-03-08 22:10:24,Dr. Patel,Male,18-40,Low
CASE000653,Discharge,2026-03-08 22:25:18,Staff,Male,18-40,High
CASE000333,Admission,2026-03-08 22:28:12,Staff,Male,18-40,Low
CASE000814,Treatment,2026-03-08 22:32:31,Dr. Reddy,Female,0-17,Low
CASE000814,Discharge,2026-03-08 22:49:01,Staff,Female,0-17,Low
CASE000492,Registration,2026-03-09 01:22:55,Staff,Male,18-40,Low
CASE000492,Triage,2026-03-09 01:44:56,Staff,Male,18-40,Low
CASE000492,Lab Test,2026-03-09 02:05:42,Staff,Male,18-40,Low
CASE000492,Doctor Consultation,2026-03-09 02:30:27,Dr. Patel,Male,18-40,Low
CASE000492,Treatment,2026-03-09 02:51:20,Dr. Patel,Male,18-40,Low
CASE000492,Admission,2026-03-09 03:15:05,Staff,Male,18-40,Low
CASE000107,Registration,2026-03-09 06:49:44,Staff,Female,18-40,Low
CASE000107,Triage,2026-03-09 07:06:14,Staff,Female,18-40,Low
CASE000107,Lab Test,2026-03-09 07:37:21,Staff,Female,18-40,Low
CASE000480,Registration,2026-03-09 07:43:59,Staff,Female,0-17,Medium
CASE000107,Doctor Consultation,2026-03-09 07:53:52,Dr. Iyer,Female,18-40,Low
CASE000480,Triage,2026-03-09 08:02:00,Staff,Female,0-17,Medium
CASE000107,Treatment,2026-03-09 08:23:45,Dr. Iyer,Female,18-40,Low
CASE000107,Discharge,2026-03-09 08:42:35,Staff,Female,18-40,Low
CASE000388,Registration,2026-03-09 09:01:27,Staff,Male,18-40,High
CASE000480,X-Ray,2026-03-09 09:05:33,Staff,Female,0-17,Medium
CASE000480,Triage,2026-03-09 09:22:20,Staff,Female,0-17,Medium
CASE000388,Triage,2026-03-09 09:23:55,Staff,Male,18-40,High
CASE000085,Registration,2026-03-09 09:27:15,Staff,Female,0-17,Medium
CASE000045,Registration,2026-03-09 09:29:11,Staff,Female,61+,Low
CASE000085,Triage,2026-03-09 09:50:59,Staff,Female,0-17,Medium
CASE000045,Triage,2026-03-09 09:54:18,Staff,Female,61+,Low
CASE000388,Doctor Consultation,2026-03-09 10:06:17,Dr. Sharma,Male,18-40,High
CASE000834,Registration,2026-03-09 10:06:57,Staff,Male,18-40,Low
CASE000388,Treatment,2026-03-09 10:22:28,Dr. Sharma,Male,18-40,High
CASE000834,Triage,2026-03-09 10:30:28,Staff,Male,18-40,Low
CASE000085,X-Ray,2026-03-09 10:37:44,Staff,Female,0-17,Medium
CASE000480,X-Ray,2026-03-09 10:47:57,Staff,Female,0-17,Medium
CASE000388,Discharge,2026-03-09 10:50:25,Staff,Male,18-40,High
CASE000045,X-Ray,2026-03-09 11:01:03,Staff,Female,61+,Low
CASE000085,Triage,2026-03-09 11:02:05,Staff,Female,0-17,Medium
CASE000045,Triage,2026-03-09 11:11:17,Staff,Female,61+,Low
CASE000480,Doctor Consultation,2026-03-09 11:19:55,Dr. Reddy,Female,0-17,Medium
CASE000769,Registration,2026-03-09 11:46:28,Staff,Male,18-40,Low
CASE000480,Treatment,2026-03-09 11:47:17,Dr. Reddy,Female,0-17,Medium
CASE000085,X-Ray,2026-03-09 11:47:47,Staff,Female,0-17,Medium
CASE000834,X-Ray,2026-03-09 11:53:09,Staff,Male,18-40,Low
CASE000997,Registration,2026-03-09 11:59:55,Staff,Female,18-40,Medium
CASE000769,Triage,2026-03-09 12:04:47,Staff,Male,18-40,Low
CASE000997,Triage,2026-03-09 12:08:09,Staff,Female,18-40,Medium
CASE000045,X-Ray,2026-03-09 12:09:45,Staff,Female,61+,Low
CASE000480,Discharge,2026-03-09 12:09:48,Staff,Female,0-17,Medium
CASE000834,Doctor Consultation,2026-03-09 12:23:27,Dr. Patel,Male,18-40,Low
CASE000085,Lab Test,2026-03-09 12:30:39,Staff,Female,0-17,Medium
CASE000769,X-Ray,2026-03-09 12:34:22,Staff,Male,18-40,Low
CASE000045,Doctor Consultation,2026-03-09 12:36:50,Dr. Reddy,Female,61+,Low
CASE000997,X-Ray,2026-03-09 12:46:42,Staff,Female,18-40,Medium
CASE000834,Treatment,2026-03-09 12:48:02,Dr. Patel,Male,18-40,Low
CASE000085,Doctor Consultation,2026-03-09 12:49:04,Dr. Khan,Female,0-17,Medium
CASE000997,Triage,2026-03-09 12:56:11,Staff,Female,18-40,Medium
CASE000045,Treatment,2026-03-09 12:59:55,Dr. Reddy,Female,61+,Low
CASE000834,Discharge,2026-03-09 13:00:34,Staff,Male,18-40,Low
CASE000085,Treatment,2026-03-09 13:07:12,Dr. Khan,Female,0-17,Medium
CASE000769,Lab Test,2026-03-09 13:08:57,Staff,Male,18-40,Low
CASE000045,Admission,2026-03-09 13:16:43,Staff,Female,61+,Low
CASE000769,Doctor Consultation,2026-03-09 13:23:07,Dr. Reddy,Male,18-40,Low
CASE000997,X-Ray,2026-03-09 13:23:16,Staff,Female,18-40,Medium
CASE000085,Discharge,2026-03-09 13:32:27,Staff,Female,0-17,Medium
CASE000997,Doctor Consultation,2026-03-09 13:47:04,Dr. Patel,Female,18-40,Medium
CASE000769,Treatment,2026-03-09 13:48:35,Dr. Reddy,Male,18-40,Low
CASE000997,Treatment,2026-03-09 13:58:56,Dr. Patel,Female,18-40,Medium
CASE000769,Discharge,2026-03-09 14:09:19,Staff,Male,18-40,Low
CASE000997,Discharge,2026-03-09 14:13:35,Staff,Female,18-40,Medium
CASE000716,Registration,2026-03-09 16:39:43,Staff,Female,0-17,Medium
CASE000716,Triage,2026-03-09 16:52:47,Staff,Female,0-17,Medium
CASE000716,X-Ray,2026-03-09 17:26:31,Staff,Female,0-17,Medium
CASE000716,Doctor Consultation,2026-03-09 17:49:58,Dr. Khan,Female,0-17,Medium
CASE000716,Treatment,2026-03-09 18:04:44,Dr. Khan,Female,0-17,Medium
CASE000716,Discharge,2026-03-09 18:37:08,Staff,Female,0-17,Medium
CASE000621,Registration,2026-03-09 21:11:41,Staff,Male,41-60,Medium
CASE000621,Triage,2026-03-09 21:25:05,Staff,Male,41-60,Medium
CASE000640,Registration,2026-03-09 21:33:18,Staff,Male,18-40,Low
CASE000640,Triage,2026-03-09 21:45:48,Staff,Male,18-40,Low
CASE000621,X-Ray,2026-03-09 21:50:46,Staff,Male,41-60,Medium
CASE000640,X-Ray,2026-03-09 22:00:26,Staff,Male,18-40,Low
CASE000640,Triage,2026-03-09 22:14:56,Staff,Male,18-40,Low
CASE000621,Lab Test,2026-03-09 22:17:20,Staff,Male,41-60,Medium
CASE000621,Doctor Consultation,2026-03-09 22:44:54,Dr. Sharma,Male,41-60,Medium
CASE000640,X-Ray,2026-03-09 22:52:02,Staff,Male,18-40,Low
CASE000621,Treatment,2026-03-09 23:10:08,Dr. Sharma,Male,41-60,Medium
CASE000640,Doctor Consultation,2026-03-09 23:22:35,Dr. Sharma,Male,18-40,Low
CASE000621,Discharge,2026-03-09 23:24:00,Staff,Male,41-60,Medium
CASE000640,Treatment,2026-03-09 23:44:41,Dr. Sharma,Male,18-40,Low
CASE000640,Discharge,2026-03-10 00:00:54,Staff,Male,18-40,Low
CASE000244,Registration,2026-03-10 00:51:43,Staff,Male,18-40,Low
CASE000244,Triage,2026-03-10 01:17:28,Staff,Male,18-40,Low
CASE000244,Doctor Consultation,2026-03-10 01:48:24,Dr. Patel,Male,18-40,Low
CASE000244,Treatment,2026-03-10 02:05:38,Dr. Patel,Male,18-40,Low
CASE000244,Discharge,2026-03-10 02:23:29,Staff,Male,18-40,Low
CASE000832,Registration,2026-03-10 07:35:50,Staff,Female,41-60,Low
CASE000832,Triage,2026-03-10 07:44:43,Staff,Female,41-60,Low
CASE000832,Doctor Consultation,2026-03-10 08:27:04,Dr. Sharma,Female,41-60,Low
CASE000832,Treatment,2026-03-10 08:38:13,Dr. Sharma,Female,41-60,Low
CASE000832,Admission,2026-03-10 09:05:33,Staff,Female,41-60,Low
CASE000100,Registration,2026-03-10 11:29:55,Staff,Male,61+,Medium
CASE000100,Triage,2026-03-10 11:54:54,Staff,Male,61+,Medium
CASE000100,Doctor Consultation,2026-03-10 12:21:28,Dr. Sharma,Male,61+,Medium
CASE000100,Treatment,2026-03-10 12:42:55,Dr. Sharma,Male,61+,Medium
CASE000468,Triage,2026-03-10 12:48:49,Staff,Female,0-17,Medium
CASE000473,Registration,2026-03-10 12:59:40,Staff,Male,18-40,Low
CASE000100,Admission,2026-03-10 13:02:57,Staff,Male,61+,Medium
CASE000473,Triage,2026-03-10 13:07:33,Staff,Male,18-40,Low
CASE000468,X-Ray,2026-03-10 13:15:36,Staff,Female,0-17,Medium
CASE000473,X-Ray,2026-03-10 13:38:12,Staff,Male,18-40,Low
CASE000468,Doctor Consultation,2026-03-10 13:56:19,Dr. Sharma,Female,0-17,Medium
CASE000473,Doctor Consultation,2026-03-10 14:03:52,Dr. Reddy,Male,18-40,Low
CASE000468,Treatment,2026-03-10 14:14:11,Dr. Sharma,Female,0-17,Medium
CASE000468,Discharge,2026-03-10 14:25:52,Staff,Female,0-17,Medium
CASE000473,Treatment,2026-03-10 14:34:09,Dr. Reddy,Male,18-40,Low
CASE000473,Discharge,2026-03-10 14:47:43,Staff,Male,18-40,Low
CASE000403,Registration,2026-03-10 14:56:21,Staff,Female,18-40,Low
CASE000403,Triage,2026-03-10 15:05:57,Staff,Female,18-40,Low
CASE000403,X-Ray,2026-03-10 15:25:22,Staff,Female,18-40,Low
CASE000403,Doctor Consultation,2026-03-10 15:46:31,Dr. Sharma,Female,18-40,Low
CASE000887,Registration,2026-03-10 15:50:56,Staff,Male,41-60,High
CASE000887,Triage,2026-03-10 16:08:37,Staff,Male,41-60,High
CASE000403,Treatment,2026-03-10 16:13:26,Dr. Sharma,Female,18-40,Low
CASE000403,Discharge,2026-03-10 16:37:58,Staff,Female,18-40,Low
CASE000887,X-Ray,2026-03-10 16:39:16,Staff,Male,41-60,High
CASE000718,Registration,2026-03-10 17:00:27,Staff,Male,18-40,Medium
CASE000887,Lab Test,2026-03-10 17:09:58,Staff,Male,41-60,High
CASE000737,Registration,2026-03-10 17:14:09,Staff,Male,61+,Medium
CASE000718,Triage,2026-03-10 17:21:56,Staff,Male,18-40,Medium
CASE000737,Triage,2026-03-10 17:28:01,Staff,Male,61+,Medium
CASE000887,Doctor Consultation,2026-03-10 17:36:58,Dr. Iyer,Male,41-60,High
CASE000718,X-Ray,2026-03-10 17:52:03,Staff,Male,18-40,Medium
CASE000887,Treatment,2026-03-10 17:59:24,Dr. Iyer,Male,41-60,High
CASE000737,Lab Test,2026-03-10 18:01:46,Staff,Male,61+,Medium
CASE000887,Discharge,2026-03-10 18:16:09,Staff,Male,41-60,High
CASE000718,Doctor Consultation,2026-03-10 18:32:56,Dr. Patel,Male,18-40,Medium
CASE000737,Doctor Consultation,2026-03-10 18:33:09,Dr. Patel,Male,61+,Medium
CASE000718,Treatment,2026-03-10 18:47:15,Dr. Patel,Male,18-40,Medium
CASE000737,Treatment,2026-03-10 19:01:18,Dr. Patel,Male,61+,Medium
CASE000718,Discharge,2026-03-10 19:06:31,Staff,Male,18-40,Medium
CASE000737,Discharge,2026-03-10 19:23:19,Staff,Male,61+,Medium
CASE000115,Registration,2026-03-10 20:00:03,Staff,Female,0-17,High
CASE000115,Triage,2026-03-10 20:23:19,Staff,Female,0-17,High
CASE000115,X-Ray,2026-03-10 21:02:15,Staff,Female,0-17,High
CASE000115,Triage,2026-03-10 21:18:19,Staff,Female,0-17,High
CASE000115,X-Ray,2026-03-10 21:46:41,Staff,Female,0-17,High
CASE000115,Lab Test,2026-03-10 22:25:53,Staff,Female,0-17,High
CASE000115,Doctor Consultation,2026-03-10 23:04:17,Dr. Patel,Female,0-17,High
CASE000115,Treatment,2026-03-10 23:19:10,Dr. Patel,Female,0-17,High
CASE000115,Discharge,2026-03-10 23:48:02,Staff,Female,0-17,High
CASE000380,Registration,2026-03-11 00:05:04,Staff,Male,0-17,Low
CASE000380,Triage,2026-03-11 00:19:11,Staff,Male,0-17,Low
CASE000380,Doctor Consultation,2026-03-11 00:48:10,Dr. Khan,Male,0-17,Low
CASE000380,Treatment,2026-03-11 00:59:24,Dr. Khan,Male,0-17,Low
CASE000920,Registration,2026-03-11 01:09:29,Staff,Female,0-17,Medium
CASE000920,Triage,2026-03-11 01:17:57,Staff,Female,0-17,Medium
CASE000380,Discharge,2026-03-11 01:25:34,Staff,Male,0-17,Low
CASE000920,X-Ray,2026-03-11 01:59:43,Staff,Female,0-17,Medium
CASE000920,Doctor Consultation,2026-03-11 02:16:09,Dr. Iyer,Female,0-17,Medium
CASE000920,Treatment,2026-03-11 02:36:55,Dr. Iyer,Female,0-17,Medium
CASE000920,Admission,2026-03-11 03:02:25,Staff,Female,0-17,Medium
CASE000278,Registration,2026-03-11 09:09:17,Staff,Female,41-60,High
CASE000278,Triage,2026-03-11 09:37:30,Staff,Female,41-60,High
CASE000151,Registration,2026-03-11 09:42:38,Staff,Female,41-60,Low
CASE000184,Registration,2026-03-11 09:55:12,Staff,Female,41-60,High
CASE000278,Doctor Consultation,2026-03-11 09:59:04,Dr. Sharma,Female,41-60,High
CASE000184,Triage,2026-03-11 10:21:57,Staff,Female,41-60,High
CASE000278,Treatment,2026-03-11 10:25:43,Dr. Sharma,Female,41-60,High
CASE000278,Admission,2026-03-11 10:45:06,Staff,Female,41-60,High
CASE000184,Lab Test,2026-03-11 10:50:30,Staff,Female,41-60,High
CASE000151,X-Ray,2026-03-11 11:09:09,Staff,Female,41-60,Low
CASE000151,Lab Test,2026-03-11 11:49:51,Staff,Female,41-60,Low
CASE000184,Doctor Consultation,2026-03-11 11:50:20,Dr. Iyer,Female,41-60,High
CASE000184,Treatment,2026-03-11 12:12:40,Dr. Iyer,Female,41-60,High
CASE000151,Doctor Consultation,2026-03-11 12:17:19,Dr. Khan,Female,41-60,Low
CASE000184,Discharge,2026-03-11 12:39:11,Staff,Female,41-60,High
CASE000151,Treatment,2026-03-11 12:39:53,Dr. Khan,Female,41-60,Low
CASE000151,Discharge,2026-03-11 12:53:28,Staff,Female,41-60,Low
CASE000808,Registration,2026-03-11 12:55:05,Staff,Female,18-40,Low
CASE000808,Triage,2026-03-11 13:10:41,Staff,Female,18-40,Low
CASE000808,X-Ray,2026-03-11 13:43:30,Staff,Female,18-40,Low
CASE000808,Triage,2026-03-11 13:54:40,Staff,Female,18-40,Low
CASE000808,X-Ray,2026-03-11 14:32:39,Staff,Female,18-40,Low
CASE000808,Doctor Consultation,2026-03-11 15:07:35,Dr. Khan,Female,18-40,Low
CASE000808,Treatment,2026-03-11 15:17:03,Dr. Khan,Female,18-40,Low
CASE000808,Discharge,2026-03-11 15:27:09,Staff,Female,18-40,Low
CASE000426,Registration,2026-03-11 17:32:07,Staff,Female,41-60,Low
CASE000426,Triage,2026-03-11 17:42:10,Staff,Female,41-60,Low
CASE000426,Doctor Consultation,2026-03-11 18:08:52,Dr. Patel,Female,41-60,Low
CASE000426,Treatment,2026-03-11 18:20:27,Dr. Patel,Female,41-60,Low
CASE000426,Discharge,2026-03-11 18:36:27,Staff,Female,41-60,Low
CASE000957,Registration,2026-03-11 19:19:04,Staff,Male,18-40,Low
CASE000957,Triage,2026-03-11 19:34:34,Staff,Male,18-40,Low
CASE000957,X-Ray,2026-03-11 20:02:57,Staff,Male,18-40,Low
CASE000957,Triage,2026-03-11 20:13:22,Staff,Male,18-40,Low
CASE000957,X-Ray,2026-03-11 20:52:37,Staff,Male,18-40,Low
CASE000957,Doctor Consultation,2026-03-11 21:22:04,Dr. Khan,Male,18-40,Low
CASE000957,Treatment,2026-03-11 21:32:54,Dr. Khan,Male,18-40,Low
CASE000957,Discharge,2026-03-11 21:51:21,Staff,Male,18-40,Low
CASE000548,Registration,2026-03-12 05:11:12,Staff,Male,61+,High
CASE000548,Triage,2026-03-12 05:25:40,Staff,Male,61+,High
CASE000548,Lab Test,2026-03-12 05:58:50,Staff,Male,61+,High
CASE000548,Doctor Consultation,2026-03-12 06:29:18,Dr. Iyer,Male,61+,High
CASE000548,Treatment,2026-03-12 06:46:50,Dr. Iyer,Male,61+,High
CASE000548,Discharge,2026-03-12 06:57:53,Staff,Male,61+,High
CASE000252,Registration,2026-03-12 08:06:10,Staff,Male,41-60,Low
CASE000349,Registration,2026-03-12 08:30:51,Staff,Female,61+,Medium
CASE000252,Triage,2026-03-12 08:37:30,Staff,Male,41-60,Low
CASE000670,Registration,2026-03-12 08:38:36,Staff,Female,41-60,Low
CASE000349,Triage,2026-03-12 08:51:46,Staff,Female,61+,Medium
CASE000670,Triage,2026-03-12 08:59:33,Staff,Female,41-60,Low
CASE000026,Registration,2026-03-12 09:14:00,Staff,Male,61+,Low
CASE000348,Triage,2026-03-12 09:26:54,Staff,Male,61+,Low
CASE000804,Registration,2026-03-12 09:28:52,Staff,Female,0-17,Low
CASE000639,Registration,2026-03-12 09:30:47,Staff,Male,0-17,Low
CASE000112,Registration,2026-03-12 09:34:07,Staff,Female,18-40,Medium
CASE000112,Triage,2026-03-12 09:44:40,Staff,Female,18-40,Medium
CASE000349,X-Ray,2026-03-12 09:52:09,Staff,Female,61+,Medium
CASE000252,X-Ray,2026-03-12 09:52:25,Staff,Male,41-60,Low
CASE000639,Triage,2026-03-12 10:02:10,Staff,Male,0-17,Low
CASE000804,Triage,2026-03-12 10:05:25,Staff,Female,0-17,Low
CASE000670,X-Ray,2026-03-12 10:13:12,Staff,Female,41-60,Low
CASE000348,Doctor Consultation,2026-03-12 10:19:28,Dr. Sharma,Male,61+,Low
CASE000026,X-Ray,2026-03-12 10:29:37,Staff,Male,61+,Low
CASE000348,Treatment,2026-03-12 10:36:14,Dr. Sharma,Male,61+,Low
CASE000252,Doctor Consultation,2026-03-12 10:37:03,Dr. Iyer,Male,41-60,Low
CASE000670,Triage,2026-03-12 10:38:16,Staff,Female,41-60,Low
CASE000639,X-Ray,2026-03-12 10:39:17,Staff,Male,0-17,Low
CASE000349,Doctor Consultation,2026-03-12 10:39:37,Dr. Patel,Female,61+,Medium
CASE000112,Doctor Consultation,2026-03-12 10:46:16,Dr. Iyer,Female,18-40,Medium
CASE000639,Triage,2026-03-12 10:48:58,Staff,Male,0-17,Low
CASE000349,Treatment,2026-03-12 10:54:47,Dr. Patel,Female,61+,Medium
CASE000348,Admission,2026-03-12 10:57:03,Staff,Male,61+,Low
CASE000804,X-Ray,2026-03-12 10:59:51,Staff,Female,0-17,Low
CASE000026,Lab Test,2026-03-12 11:01:46,Staff,Male,61+,Low
CASE000112,Treatment,2026-03-12 11:04:22,Dr. Iyer,Female,18-40,Medium
CASE000252,Treatment,2026-03-12 11:05:22,Dr. Iyer,Male,41-60,Low
CASE000349,Discharge,2026-03-12 11:14:52,Staff,Female,61+,Medium
CASE000112,Discharge,2026-03-12 11:24:15,Staff,Female,18-40,Medium
CASE000804,Triage,2026-03-12 11:24:22,Staff,Female,0-17,Low
CASE000605,Registration,2026-03-12 11:27:24,Staff,Female,18-40,Medium
CASE000252,Discharge,2026-03-12 11:31:03,Staff,Male,41-60,Low
CASE000026,Doctor Consultation,2026-03-12 11:32:47,Dr. Iyer,Male,61+,Low
CASE000670,X-Ray,2026-03-12 11:39:09,Staff,Female,41-60,Low
CASE000639,X-Ray,2026-03-12 11:45:48,Staff,Male,0-17,Low
CASE000605,Triage,2026-03-12 11:49:04,Staff,Female,18-40,Medium
CASE000026,Treatment,2026-03-12 11:50:57,Dr. Iyer,Male,61+,Low
CASE000670,Doctor Consultation,2026-03-12 12:11:30,Dr. Patel,Female,41-60,Low
CASE000026,Discharge,2026-03-12 12:14:56,Staff,Male,61+,Low
CASE000639,Doctor Consultation,2026-03-12 12:23:25,Dr. Sharma,Male,0-17,Low
CASE000670,Treatment,2026-03-12 12:34:41,Dr. Patel,Female,41-60,Low
CASE000605,X-Ray,2026-03-12 12:39:01,Staff,Female,18-40,Medium
CASE000804,X-Ray,2026-03-12 12:41:15,Staff,Female,0-17,Low
CASE000639,Treatment,2026-03-12 12:45:28,Dr. Sharma,Male,0-17,Low
CASE000605,Triage,2026-03-12 12:55:17,Staff,Female,18-40,Medium
CASE000639,Discharge,2026-03-12 12:58:02,Staff,Male,0-17,Low
CASE000670,Discharge,2026-03-12 13:00:58,Staff,Female,41-60,Low
CASE000605,X-Ray,2026-03-12 13:20:25,Staff,Female,18-40,Medium
CASE000178,Registration,2026-03-12 13:20:41,Staff,Male,18-40,High
CASE000804,Doctor Consultation,2026-03-12 13:25:53,Dr. Iyer,Female,0-17,Low
CASE000178,Triage,2026-03-12 13:34:23,Staff,Male,18-40,High
CASE000605,Doctor Consultation,2026-03-12 13:43:38,Dr. Reddy,Female,18-40,Medium
CASE000804,Treatment,2026-03-12 13:45:34,Dr. Iyer,Female,0-17,Low
CASE000178,Lab Test,2026-03-12 14:06:26,Staff,Male,18-40,High
CASE000605,Treatment,2026-03-12 14:11:07,Dr. Reddy,Female,18-40,Medium
CASE000804,Discharge,2026-03-12 14:19:12,Staff,Female,0-17,Low
CASE000178,Doctor Consultation,2026-03-12 14:30:06,Dr. Khan,Male,18-40,High
CASE000605,Admission,2026-03-12 14:32:54,Staff,Female,18-40,Medium
CASE000178,Treatment,2026-03-12 14:43:38,Dr. Khan,Male,18-40,High
CASE000178,Discharge,2026-03-12 14:55:46,Staff,Male,18-40,High
CASE000572,Registration,2026-03-12 19:00:17,Staff,Male,61+,Medium
CASE000572,Triage,2026-03-12 19:23:01,Staff,Male,61+,Medium
CASE000572,X-Ray,2026-03-12 19:58:06,Staff,Male,61+,Medium
CASE000572,Lab Test,2026-03-12 20:39:40,Staff,Male,61+,Medium
CASE000572,Doctor Consultation,2026-03-12 20:59:14,Dr. Iyer,Male,61+,Medium
CASE000572,Treatment,2026-03-12 21:24:48,Dr. Iyer,Male,61+,Medium
CASE000572,Discharge,2026-03-12 21:46:50,Staff,Male,61+,Medium
CASE000649,Registration,2026-03-13 09:49:10,Staff,Female,0-17,Low
CASE000557,Registration,2026-03-13 09:55:38,Staff,Female,18-40,Medium
CASE000649,Triage,2026-03-13 10:17:19,Staff,Female,0-17,Low
CASE000557,Triage,2026-03-13 10:21:26,Staff,Female,18-40,Medium
CASE000044,Registration,2026-03-13 10:52:09,Staff,Male,61+,Medium
CASE000557,Lab Test,2026-03-13 11:04:08,Staff,Female,18-40,Medium
CASE000044,Triage,2026-03-13 11:26:33,Staff,Male,61+,Medium
CASE000649,X-Ray,2026-03-13 11:35:05,Staff,Female,0-17,Low
CASE000557,Doctor Consultation,2026-03-13 11:43:06,Dr. Khan,Female,18-40,Medium
CASE000649,Triage,2026-03-13 12:00:27,Staff,Female,0-17,Low
CASE000557,Treatment,2026-03-13 12:02:42,Dr. Khan,Female,18-40,Medium
CASE000557,Discharge,2026-03-13 12:16:42,Staff,Female,18-40,Medium
CASE000649,X-Ray,2026-03-13 12:17:12,Staff,Female,0-17,Low
CASE000495,Registration,2026-03-13 12:27:48,Staff,Female,0-17,Medium
CASE000649,Doctor Consultation,2026-03-13 12:45:39,Dr. Khan,Female,0-17,Low
CASE000495,Triage,2026-03-13 12:47:53,Staff,Female,0-17,Medium
CASE000044,X-Ray,2026-03-13 12:47:57,Staff,Male,61+,Medium
CASE000637,Registration,2026-03-13 13:07:09,Staff,Male,61+,Medium
CASE000495,X-Ray,2026-03-13 13:11:27,Staff,Female,0-17,Medium
CASE000649,Treatment,2026-03-13 13:12:33,Dr. Khan,Female,0-17,Low
CASE000637,Triage,2026-03-13 13:17:31,Staff,Male,61+,Medium
CASE000044,Doctor Consultation,2026-03-13 13:20:18,Dr. Iyer,Male,61+,Medium
CASE000649,Discharge,2026-03-13 13:31:30,Staff,Female,0-17,Low
CASE000495,Triage,2026-03-13 13:31:43,Staff,Female,0-17,Medium
CASE000044,Treatment,2026-03-13 13:37:54,Dr. Iyer,Male,61+,Medium
CASE000637,X-Ray,2026-03-13 13:52:14,Staff,Male,61+,Medium
CASE000495,X-Ray,2026-03-13 13:59:24,Staff,Female,0-17,Medium
CASE000044,Discharge,2026-03-13 14:01:12,Staff,Male,61+,Medium
CASE000637,Triage,2026-03-13 14:12:01,Staff,Male,61+,Medium
CASE000637,X-Ray,2026-03-13 14:29:03,Staff,Male,61+,Medium
CASE000495,Lab Test,2026-03-13 14:36:32,Staff,Female,0-17,Medium
CASE000495,Doctor Consultation,2026-03-13 14:55:49,Dr. Iyer,Female,0-17,Medium
CASE000637,Doctor Consultation,2026-03-13 14:55:53,Dr. Sharma,Male,61+,Medium
CASE000495,Treatment,2026-03-13 15:02:58,Dr. Iyer,Female,0-17,Medium
CASE000637,Treatment,2026-03-13 15:21:19,Dr. Sharma,Male,61+,Medium
CASE000495,Admission,2026-03-13 15:30:01,Staff,Female,0-17,Medium
CASE000637,Discharge,2026-03-13 15:42:07,Staff,Male,61+,Medium
CASE000117,Registration,2026-03-13 18:04:35,Staff,Male,18-40,Low
CASE000117,Triage,2026-03-13 18:16:54,Staff,Male,18-40,Low
CASE000117,Doctor Consultation,2026-03-13 18:36:06,Dr. Reddy,Male,18-40,Low
CASE000117,Treatment,2026-03-13 18:55:20,Dr. Reddy,Male,18-40,Low
CASE000117,Discharge,2026-03-13 19:25:07,Staff,Male,18-40,Low
CASE000921,Registration,2026-03-13 21:16:56,Staff,Female,18-40,Medium
CASE000921,Triage,2026-03-13 21:37:46,Staff,Female,18-40,Medium
CASE000921,X-Ray,2026-03-13 22:15:13,Staff,Female,18-40,Medium
CASE000921,Triage,2026-03-13 22:40:43,Staff,Female,18-40,Medium
CASE000921,X-Ray,2026-03-13 23:05:04,Staff,Female,18-40,Medium
CASE000921,Lab Test,2026-03-13 23:44:34,Staff,Female,18-40,Medium
CASE000921,Doctor Consultation,2026-03-14 00:11:14,Dr. Khan,Female,18-40,Medium
CASE000921,Treatment,2026-03-14 00:38:38,Dr. Khan,Female,18-40,Medium
CASE000921,Discharge,2026-03-14 01:03:22,Staff,Female,18-40,Medium
CASE000122,Registration,2026-03-14 06:53:04,Staff,Female,18-40,High
CASE000122,X-Ray,2026-03-14 07:11:22,Staff,Female,18-40,High
CASE000118,Registration,2026-03-14 07:33:48,Staff,Female,61+,Medium
CASE000118,Triage,2026-03-14 07:42:12,Staff,Female,61+,Medium
CASE000122,Lab Test,2026-03-14 07:52:59,Staff,Female,18-40,High
CASE000118,Doctor Consultation,2026-03-14 08:09:27,Dr. Patel,Female,61+,Medium
CASE000122,Doctor Consultation,2026-03-14 08:37:37,Dr. Iyer,Female,18-40,High
CASE000118,Treatment,2026-03-14 08:41:41,Dr. Patel,Female,61+,Medium
CASE000122,Treatment,2026-03-14 09:07:44,Dr. Iyer,Female,18-40,High
CASE000118,Discharge,2026-03-14 09:07:49,Staff,Female,61+,Medium
CASE000122,Discharge,2026-03-14 09:27:16,Staff,Female,18-40,High
CASE000701,Registration,2026-03-14 11:46:06,Staff,Male,41-60,Low
CASE000701,Triage,2026-03-14 12:09:29,Staff,Male,41-60,Low
CASE000786,Triage,2026-03-14 12:21:54,Staff,Male,41-60,Medium
CASE000543,Registration,2026-03-14 12:23:25,Staff,Male,18-40,Medium
CASE000543,Triage,2026-03-14 12:30:23,Staff,Male,18-40,Medium
CASE000701,X-Ray,2026-03-14 12:36:21,Staff,Male,41-60,Low
CASE000855,Triage,2026-03-14 12:41:46,Staff,Male,41-60,Low
CASE000786,Doctor Consultation,2026-03-14 12:42:50,Dr. Iyer,Male,41-60,Medium
CASE000905,Registration,2026-03-14 12:44:19,Staff,Female,18-40,Low
CASE000527,Registration,2026-03-14 12:48:29,Staff,Male,0-17,Low
CASE000786,Treatment,2026-03-14 12:53:03,Dr. Iyer,Male,41-60,Medium
CASE000701,Triage,2026-03-14 12:56:43,Staff,Male,41-60,Low
CASE000543,X-Ray,2026-03-14 12:57:09,Staff,Male,18-40,Medium
CASE000527,Triage,2026-03-14 12:58:40,Staff,Male,0-17,Low
CASE000855,X-Ray,2026-03-14 13:05:42,Staff,Male,41-60,Low
CASE000905,Triage,2026-03-14 13:06:40,Staff,Female,18-40,Low
CASE000543,Triage,2026-03-14 13:09:14,Staff,Male,18-40,Medium
CASE000855,Triage,2026-03-14 13:16:14,Staff,Male,41-60,Low
CASE000786,Discharge,2026-03-14 13:21:56,Staff,Male,41-60,Medium
CASE000527,Lab Test,2026-03-14 13:22:07,Staff,Male,0-17,Low
CASE000701,X-Ray,2026-03-14 13:25:10,Staff,Male,41-60,Low
CASE000905,X-Ray,2026-03-14 13:32:21,Staff,Female,18-40,Low
CASE000543,X-Ray,2026-03-14 13:38:22,Staff,Male,18-40,Medium
CASE000855,X-Ray,2026-03-14 13:40:16,Staff,Male,41-60,Low
CASE000905,Triage,2026-03-14 13:44:09,Staff,Female,18-40,Low
CASE000701,Doctor Consultation,2026-03-14 13:45:04,Dr. Khan,Male,41-60,Low
CASE000527,Doctor Consultation,2026-03-14 13:54:15,Dr. Reddy,Male,0-17,Low
CASE000855,Doctor Consultation,2026-03-14 14:00:50,Dr. Reddy,Male,41-60,Low
CASE000701,Treatment,2026-03-14 14:07:51,Dr. Khan,Male,41-60,Low
CASE000543,Doctor Consultation,2026-03-14 14:13:40,Dr. Iyer,Male,18-40,Medium
CASE000905,X-Ray,2026-03-14 14:15:07,Staff,Female,18-40,Low
CASE000527,Treatment,2026-03-14 14:23:43,Dr. Reddy,Male,0-17,Low
CASE000855,Treatment,2026-03-14 14:27:28,Dr. Reddy,Male,41-60,Low
CASE000527,Admission,2026-03-14 14:31:13,Staff,Male,0-17,Low
CASE000701,Admission,2026-03-14 14:31:37,Staff,Male,41-60,Low
CASE000543,Treatment,2026-03-14 14:38:53,Dr. Iyer,Male,18-40,Medium
CASE000905,Doctor Consultation,2026-03-14 14:43:05,Dr. Khan,Female,18-40,Low
CASE000855,Discharge,2026-03-14 14:53:14,Staff,Male,41-60,Low
CASE000543,Discharge,2026-03-14 14:58:37,Staff,Male,18-40,Medium
CASE000905,Treatment,2026-03-14 15:00:12,Dr. Khan,Female,18-40,Low
CASE000905,Admission,2026-03-14 15:14:24,Staff,Female,18-40,Low
CASE000831,Registration,2026-03-14 15:27:36,Staff,Male,41-60,Low
CASE000831,Triage,2026-03-14 15:40:08,Staff,Male,41-60,Low
CASE000831,Lab Test,2026-03-14 16:20:01,Staff,Male,41-60,Low
CASE000831,Doctor Consultation,2026-03-14 16:38:31,Dr. Iyer,Male,41-60,Low
CASE000831,Treatment,2026-03-14 16:56:12,Dr. Iyer,Male,41-60,Low
CASE000035,Registration,2026-03-14 17:13:02,Staff,Male,18-40,Medium
CASE000831,Discharge,2026-03-14 17:16:57,Staff,Male,41-60,Low
CASE000937,Registration,2026-03-14 17:18:39,Staff,Male,18-40,Medium
CASE000035,Triage,2026-03-14 17:30:41,Staff,Male,18-40,Medium
CASE000937,Triage,2026-03-14 17:42:15,Staff,Male,18-40,Medium
CASE000035,X-Ray,2026-03-14 18:01:46,Staff,Male,18-40,Medium
CASE000427,Registration,2026-03-14 18:07:17,Staff,Male,18-40,High
CASE000441,Registration,2026-03-14 18:11:21,Staff,Female,61+,Low
CASE000937,Doctor Consultation,2026-03-14 18:13:51,Dr. Reddy,Male,18-40,Medium
CASE000035,Triage,2026-03-14 18:18:04,Staff,Male,18-40,Medium
CASE000427,Triage,2026-03-14 18:23:43,Staff,Male,18-40,High
CASE000937,Treatment,2026-03-14 18:31:27,Dr. Reddy,Male,18-40,Medium
CASE000441,Triage,2026-03-14 18:38:30,Staff,Female,61+,Low
CASE000937,Discharge,2026-03-14 18:42:53,Staff,Male,18-40,Medium
CASE000035,X-Ray,2026-03-14 18:47:44,Staff,Male,18-40,Medium
CASE000427,Doctor Consultation,2026-03-14 18:49:31,Dr. Patel,Male,18-40,High
CASE000441,X-Ray,2026-03-14 19:07:46,Staff,Female,61+,Low
CASE000413,Registration,2026-03-14 19:12:40,Staff,Female,0-17,Medium
CASE000427,Treatment,2026-03-14 19:14:25,Dr. Patel,Male,18-40,High
CASE000035,Lab Test,2026-03-14 19:30:03,Staff,Male,18-40,Medium
CASE000413,Triage,2026-03-14 19:33:19,Staff,Female,0-17,Medium
CASE000427,Discharge,2026-03-14 19:38:27,Staff,Male,18-40,High
CASE000441,Doctor Consultation,2026-03-14 19:40:12,Dr. Sharma,Female,61+,Low
CASE000441,Treatment,2026-03-14 19:49:01,Dr. Sharma,Female,61+,Low
CASE000035,Doctor Consultation,2026-03-14 19:53:50,Dr. Sharma,Male,18-40,Medium
CASE000413,Doctor Consultation,2026-03-14 19:56:36,Dr. Sharma,Female,0-17,Medium
CASE000441,Discharge,2026-03-14 20:08:07,Staff,Female,61+,Low
CASE000035,Treatment,2026-03-14 20:10:01,Dr. Sharma,Male,18-40,Medium
CASE000413,Treatment,2026-03-14 20:10:28,Dr. Sharma,Female,0-17,Medium
CASE000413,Discharge,2026-03-14 20:22:47,Staff,Female,0-17,Medium
CASE000638,Registration,2026-03-14 20:43:18,Staff,Male,18-40,Medium
CASE000035,Discharge,2026-03-14 20:43:56,Staff,Male,18-40,Medium
CASE000638,Triage,2026-03-14 21:05:20,Staff,Male,18-40,Medium
CASE000638,X-Ray,2026-03-14 21:24:58,Staff,Male,18-40,Medium
CASE000638,Triage,2026-03-14 21:47:28,Staff,Male,18-40,Medium
CASE000638,X-Ray,2026-03-14 22:12:01,Staff,Male,18-40,Medium
CASE000638,Doctor Consultation,2026-03-14 22:30:08,Dr. Iyer,Male,18-40,Medium
CASE000638,Treatment,2026-03-14 22:45:34,Dr. Iyer,Male,18-40,Medium
CASE000638,Discharge,2026-03-14 23:08:48,Staff,Male,18-40,Medium
CASE000329,Registration,2026-03-15 08:46:57,Staff,Female,0-17,Low
CASE000329,Triage,2026-03-15 09:00:41,Staff,Female,0-17,Low
CASE000329,Lab Test,2026-03-15 09:41:07,Staff,Female,0-17,Low
CASE000329,Doctor Consultation,2026-03-15 10:21:03,Dr. Patel,Female,0-17,Low
CASE000329,Treatment,2026-03-15 10:44:58,Dr. Patel,Female,0-17,Low
CASE000329,Discharge,2026-03-15 11:09:33,Staff,Female,0-17,Low
CASE000331,Registration,2026-03-15 12:46:15,Staff,Female,18-40,Low
CASE000331,Triage,2026-03-15 13:03:38,Staff,Female,18-40,Low
CASE000161,Registration,2026-03-15 13:35:52,Staff,Female,18-40,Low
CASE000331,Lab Test,2026-03-15 13:47:41,Staff,Female,18-40,Low
CASE000161,Triage,2026-03-15 13:49:11,Staff,Female,18-40,Low
CASE000331,Doctor Consultation,2026-03-15 14:05:53,Dr. Sharma,Female,18-40,Low
CASE000161,X-Ray,2026-03-15 14:08:57,Staff,Female,18-40,Low
CASE000147,Registration,2026-03-15 14:09:22,Staff,Male,0-17,High
CASE000161,Triage,2026-03-15 14:24:42,Staff,Female,18-40,Low
CASE000331,Treatment,2026-03-15 14:25:59,Dr. Sharma,Female,18-40,Low
CASE000147,Triage,2026-03-15 14:29:02,Staff,Male,0-17,High
CASE000161,X-Ray,2026-03-15 14:49:15,Staff,Female,18-40,Low
CASE000331,Discharge,2026-03-15 14:53:05,Staff,Female,18-40,Low
CASE000147,Doctor Consultation,2026-03-15 15:02:15,Dr. Patel,Male,0-17,High
CASE000147,Treatment,2026-03-15 15:17:29,Dr. Patel,Male,0-17,High
CASE000161,Doctor Consultation,2026-03-15 15:20:16,Dr. Sharma,Female,18-40,Low
CASE000147,Discharge,2026-03-15 15:34:32,Staff,Male,0-17,High
CASE000161,Treatment,2026-03-15 15:47:53,Dr. Sharma,Female,18-40,Low
CASE000161,Discharge,2026-03-15 16:03:59,Staff,Female,18-40,Low
CASE000123,Registration,2026-03-15 17:40:45,Staff,Female,41-60,Low
CASE000169,Registration,2026-03-15 17:56:42,Staff,Female,18-40,Low
CASE000123,Triage,2026-03-15 17:59:39,Staff,Female,41-60,Low
CASE000497,Registration,2026-03-15 18:00:12,Staff,Female,41-60,Low
CASE000787,Registration,2026-03-15 18:05:42,Staff,Male,61+,Low
CASE000787,Triage,2026-03-15 18:17:06,Staff,Male,61+,Low
CASE000169,Triage,2026-03-15 18:18:42,Staff,Female,18-40,Low
CASE000497,Triage,2026-03-15 18:25:07,Staff,Female,41-60,Low
CASE000123,Doctor Consultation,2026-03-15 18:43:55,Dr. Iyer,Female,41-60,Low
CASE000169,X-Ray,2026-03-15 18:47:35,Staff,Female,18-40,Low
CASE000787,X-Ray,2026-03-15 18:55:03,Staff,Male,61+,Low
CASE000497,X-Ray,2026-03-15 18:58:36,Staff,Female,41-60,Low
CASE000123,Treatment,2026-03-15 19:05:10,Dr. Iyer,Female,41-60,Low
CASE000787,Doctor Consultation,2026-03-15 19:19:50,Dr. Iyer,Male,61+,Low
CASE000497,Doctor Consultation,2026-03-15 19:23:47,Dr. Khan,Female,41-60,Low
CASE000169,Doctor Consultation,2026-03-15 19:24:45,Dr. Reddy,Female,18-40,Low
CASE000123,Discharge,2026-03-15 19:30:14,Staff,Female,41-60,Low
CASE000787,Treatment,2026-03-15 19:36:34,Dr. Iyer,Male,61+,Low
CASE000169,Treatment,2026-03-15 19:38:54,Dr. Reddy,Female,18-40,Low
CASE000497,Treatment,2026-03-15 19:46:18,Dr. Khan,Female,41-60,Low
CASE000867,Registration,2026-03-15 19:50:29,Staff,Female,41-60,Low
CASE000169,Discharge,2026-03-15 19:53:41,Staff,Female,18-40,Low
CASE000787,Discharge,2026-03-15 19:58:18,Staff,Male,61+,Low
CASE000497,Discharge,2026-03-15 20:04:52,Staff,Female,41-60,Low
CASE000867,Triage,2026-03-15 20:06:07,Staff,Female,41-60,Low
CASE000867,Doctor Consultation,2026-03-15 20:39:18,Dr. Patel,Female,41-60,Low
CASE000867,Treatment,2026-03-15 20:59:38,Dr. Patel,Female,41-60,Low
CASE000867,Discharge,2026-03-15 21:19:58,Staff,Female,41-60,Low
CASE000111,Registration,2026-03-16 07:09:24,Staff,Female,61+,High
CASE000111,Triage,2026-03-16 07:20:28,Staff,Female,61+,High
CASE000111,X-Ray,2026-03-16 07:50:39,Staff,Female,61+,High
CASE000111,Triage,2026-03-16 08:13:17,Staff,Female,61+,High
CASE000719,Registration,2026-03-16 08:50:19,Staff,Female,18-40,High
CASE000111,X-Ray,2026-03-16 08:59:51,Staff,Female,61+,High
CASE000719,Triage,2026-03-16 09:03:01,Staff,Female,18-40,High
CASE000111,Lab Test,2026-03-16 09:32:40,Staff,Female,61+,High
CASE000719,Doctor Consultation,2026-03-16 09:56:06,Dr. Patel,Female,18-40,High
CASE000719,Treatment,2026-03-16 10:09:21,Dr. Patel,Female,18-40,High
CASE000111,Doctor Consultation,2026-03-16 10:20:45,Dr. Khan,Female,61+,High
CASE000719,Discharge,2026-03-16 10:30:20,Staff,Female,18-40,High
CASE000111,Treatment,2026-03-16 10:40:41,Dr. Khan,Female,61+,High
CASE000395,Registration,2026-03-16 10:47:08,Staff,Female,18-40,Medium
CASE000111,Discharge,2026-03-16 10:57:44,Staff,Female,61+,High
CASE000395,Triage,2026-03-16 11:06:19,Staff,Female,18-40,Medium
CASE000438,Registration,2026-03-16 11:36:39,Staff,Male,18-40,Medium
CASE000438,Triage,2026-03-16 12:01:47,Staff,Male,18-40,Medium
CASE000395,X-Ray,2026-03-16 12:33:04,Staff,Female,18-40,Medium
CASE000438,Doctor Consultation,2026-03-16 12:40:06,Dr. Iyer,Male,18-40,Medium
CASE000395,Triage,2026-03-16 12:50:21,Staff,Female,18-40,Medium
CASE000438,Treatment,2026-03-16 12:58:02,Dr. Iyer,Male,18-40,Medium
CASE000438,Discharge,2026-03-16 13:22:33,Staff,Male,18-40,Medium
CASE000395,X-Ray,2026-03-16 13:22:45,Staff,Female,18-40,Medium
CASE000810,Registration,2026-03-16 13:39:39,Staff,Male,41-60,Medium
CASE000810,Triage,2026-03-16 13:57:43,Staff,Male,41-60,Medium
CASE000395,Lab Test,2026-03-16 13:58:57,Staff,Female,18-40,Medium
CASE000395,Doctor Consultation,2026-03-16 14:24:26,Dr. Sharma,Female,18-40,Medium
CASE000810,Lab Test,2026-03-16 14:29:31,Staff,Male,41-60,Medium
CASE000810,Doctor Consultation,2026-03-16 14:46:33,Dr. Iyer,Male,41-60,Medium
CASE000395,Treatment,2026-03-16 14:47:08,Dr. Sharma,Female,18-40,Medium
CASE000395,Discharge,2026-03-16 15:02:04,Staff,Female,18-40,Medium
CASE000810,Treatment,2026-03-16 15:11:44,Dr. Iyer,Male,41-60,Medium
CASE000810,Discharge,2026-03-16 15:25:37,Staff,Male,41-60,Medium
CASE000255,Registration,2026-03-16 18:56:30,Staff,Male,18-40,Medium
CASE000255,Triage,2026-03-16 19:18:42,Staff,Male,18-40,Medium
CASE000255,X-Ray,2026-03-16 19:35:10,Staff,Male,18-40,Medium
CASE000255,Triage,2026-03-16 19:47:17,Staff,Male,18-40,Medium
CASE000255,X-Ray,2026-03-16 20:13:54,Staff,Male,18-40,Medium
CASE000255,Doctor Consultation,2026-03-16 20:45:52,Dr. Patel,Male,18-40,Medium
CASE000255,Treatment,2026-03-16 21:00:20,Dr. Patel,Male,18-40,Medium
CASE000255,Discharge,2026-03-16 21:17:22,Staff,Male,18-40,Medium
CASE000584,Registration,2026-03-16 23:58:15,Staff,Male,41-60,Low
CASE000584,Triage,2026-03-17 00:23:24,Staff,Male,41-60,Low
CASE000584,X-Ray,2026-03-17 01:00:15,Staff,Male,41-60,Low
CASE000584,Doctor Consultation,2026-03-17 01:28:52,Dr. Patel,Male,41-60,Low
CASE000584,Treatment,2026-03-17 01:51:43,Dr. Patel,Male,41-60,Low
CASE000584,Discharge,2026-03-17 02:04:43,Staff,Male,41-60,Low
CASE000443,Registration,2026-03-17 03:58:31,Staff,Male,18-40,Low
CASE000443,Triage,2026-03-17 04:09:41,Staff,Male,18-40,Low
CASE000443,X-Ray,2026-03-17 04:29:14,Staff,Male,18-40,Low
CASE000443,Triage,2026-03-17 04:46:49,Staff,Male,18-40,Low
CASE000443,X-Ray,2026-03-17 05:03:02,Staff,Male,18-40,Low
CASE000443,Lab Test,2026-03-17 05:25:25,Staff,Male,18-40,Low
CASE000443,Doctor Consultation,2026-03-17 05:43:08,Dr. Iyer,Male,18-40,Low
CASE000443,Treatment,2026-03-17 05:57:49,Dr. Iyer,Male,18-40,Low
CASE000443,Discharge,2026-03-17 06:10:07,Staff,Male,18-40,Low
CASE000900,Registration,2026-03-17 08:43:25,Staff,Female,18-40,Low
CASE000372,Registration,2026-03-17 08:43:28,Staff,Female,61+,Medium
CASE000900,Triage,2026-03-17 09:07:40,Staff,Female,18-40,Low
CASE000372,Triage,2026-03-17 09:16:34,Staff,Female,61+,Medium
CASE000900,X-Ray,2026-03-17 10:07:08,Staff,Female,18-40,Low
CASE000372,X-Ray,2026-03-17 10:18:02,Staff,Female,61+,Medium
CASE000900,Triage,2026-03-17 10:26:16,Staff,Female,18-40,Low
CASE000372,Triage,2026-03-17 10:52:16,Staff,Female,61+,Medium
CASE000330,Registration,2026-03-17 11:14:16,Staff,Female,41-60,Low
CASE000330,Triage,2026-03-17 11:28:13,Staff,Female,41-60,Low
CASE000900,X-Ray,2026-03-17 11:29:40,Staff,Female,18-40,Low
CASE000372,X-Ray,2026-03-17 11:41:53,Staff,Female,61+,Medium
CASE000900,Doctor Consultation,2026-03-17 12:01:13,Dr. Patel,Female,18-40,Low
CASE000372,Lab Test,2026-03-17 12:10:25,Staff,Female,61+,Medium
CASE000900,Treatment,2026-03-17 12:12:14,Dr. Patel,Female,18-40,Low
CASE000330,X-Ray,2026-03-17 12:16:35,Staff,Female,41-60,Low
CASE000900,Discharge,2026-03-17 12:24:12,Staff,Female,18-40,Low
CASE000330,Triage,2026-03-17 12:32:45,Staff,Female,41-60,Low
CASE000372,Doctor Consultation,2026-03-17 12:39:00,Dr. Iyer,Female,61+,Medium
CASE000138,Registration,2026-03-17 12:39:54,Staff,Female,41-60,Medium
CASE000138,Triage,2026-03-17 12:59:58,Staff,Female,41-60,Medium
CASE000372,Treatment,2026-03-17 13:07:02,Dr. Iyer,Female,61+,Medium
CASE000330,X-Ray,2026-03-17 13:09:37,Staff,Female,41-60,Low
CASE000372,Admission,2026-03-17 13:22:35,Staff,Female,61+,Medium
CASE000138,X-Ray,2026-03-17 13:36:01,Staff,Female,41-60,Medium
CASE000330,Doctor Consultation,2026-03-17 13:48:52,Dr. Sharma,Female,41-60,Low
CASE000330,Treatment,2026-03-17 14:01:57,Dr. Sharma,Female,41-60,Low
CASE000138,Lab Test,2026-03-17 14:18:32,Staff,Female,41-60,Medium
CASE000330,Discharge,2026-03-17 14:26:27,Staff,Female,41-60,Low
CASE000138,Doctor Consultation,2026-03-17 14:52:54,Dr. Reddy,Female,41-60,Medium
CASE000138,Treatment,2026-03-17 15:17:51,Dr. Reddy,Female,41-60,Medium
CASE000842,Registration,2026-03-17 15:30:19,Staff,Male,0-17,Medium
CASE000138,Discharge,2026-03-17 15:32:06,Staff,Female,41-60,Medium
CASE000842,Triage,2026-03-17 15:48:30,Staff,Male,0-17,Medium
CASE000842,Doctor Consultation,2026-03-17 16:23:28,Dr. Patel,Male,0-17,Medium
CASE000842,Treatment,2026-03-17 16:44:53,Dr. Patel,Male,0-17,Medium
CASE000842,Admission,2026-03-17 16:58:32,Staff,Male,0-17,Medium
CASE000515,Registration,2026-03-17 21:14:10,Staff,Female,18-40,High
CASE000515,Doctor Consultation,2026-03-17 21:37:48,Dr. Reddy,Female,18-40,High
CASE000515,Treatment,2026-03-17 21:53:08,Dr. Reddy,Female,18-40,High
CASE000515,Discharge,2026-03-17 22:11:47,Staff,Female,18-40,High
CASE000836,Registration,2026-03-18 02:07:45,Staff,Male,18-40,Medium
CASE000836,Triage,2026-03-18 02:18:44,Staff,Male,18-40,Medium
CASE000836,X-Ray,2026-03-18 02:39:15,Staff,Male,18-40,Medium
CASE000836,Triage,2026-03-18 02:51:29,Staff,Male,18-40,Medium
CASE000836,X-Ray,2026-03-18 03:32:14,Staff,Male,18-40,Medium
CASE000836,Doctor Consultation,2026-03-18 03:54:36,Dr. Iyer,Male,18-40,Medium
CASE000884,Registration,2026-03-18 04:10:19,Staff,Male,18-40,Low
CASE000836,Treatment,2026-03-18 04:17:01,Dr. Iyer,Male,18-40,Medium
CASE000884,Triage,2026-03-18 04:20:27,Staff,Male,18-40,Low
CASE000836,Discharge,2026-03-18 04:34:19,Staff,Male,18-40,Medium
CASE000884,Doctor Consultation,2026-03-18 04:43:22,Dr. Sharma,Male,18-40,Low
CASE000884,Treatment,2026-03-18 05:03:14,Dr. Sharma,Male,18-40,Low
CASE000884,Discharge,2026-03-18 05:16:28,Staff,Male,18-40,Low
CASE000680,Registration,2026-03-18 07:19:51,Staff,Male,41-60,Medium
CASE000680,Triage,2026-03-18 07:44:34,Staff,Male,41-60,Medium
CASE000984,Registration,2026-03-18 07:44:34,Staff,Female,41-60,Medium
CASE000446,Registration,2026-03-18 07:49:41,Staff,Female,18-40,Medium
CASE000984,Triage,2026-03-18 07:52:32,Staff,Female,41-60,Medium
CASE000446,Triage,2026-03-18 08:02:28,Staff,Female,18-40,Medium
CASE000984,X-Ray,2026-03-18 08:08:25,Staff,Female,41-60,Medium
CASE000680,X-Ray,2026-03-18 08:10:47,Staff,Male,41-60,Medium
CASE000984,Doctor Consultation,2026-03-18 08:43:21,Dr. Sharma,Female,41-60,Medium
CASE000446,X-Ray,2026-03-18 08:45:14,Staff,Female,18-40,Medium
CASE000680,Lab Test,2026-03-18 08:47:44,Staff,Male,41-60,Medium
CASE000446,Triage,2026-03-18 09:03:06,Staff,Female,18-40,Medium
CASE000346,Registration,2026-03-18 09:09:31,Staff,Female,61+,Low
CASE000984,Treatment,2026-03-18 09:10:12,Dr. Sharma,Female,41-60,Medium
CASE000984,Discharge,2026-03-18 09:27:02,Staff,Female,41-60,Medium
CASE000680,Doctor Consultation,2026-03-18 09:32:19,Dr. Iyer,Male,41-60,Medium
CASE000346,Triage,2026-03-18 09:39:04,Staff,Female,61+,Low
CASE000680,Treatment,2026-03-18 09:55:38,Dr. Iyer,Male,41-60,Medium
CASE000446,X-Ray,2026-03-18 10:01:49,Staff,Female,18-40,Medium
CASE000680,Admission,2026-03-18 10:16:30,Staff,Male,41-60,Medium
CASE000994,Registration,2026-03-18 10:30:52,Staff,Female,18-40,High
CASE000446,Lab Test,2026-03-18 10:34:57,Staff,Female,18-40,Medium
CASE000346,X-Ray,2026-03-18 10:52:11,Staff,Female,61+,Low
CASE000994,Triage,2026-03-18 10:56:35,Staff,Female,18-40,High
CASE000446,Doctor Consultation,2026-03-18 11:35:40,Dr. Sharma,Female,18-40,Medium
CASE000346,Doctor Consultation,2026-03-18 11:37:29,Dr. Sharma,Female,61+,Low
CASE000994,Doctor Consultation,2026-03-18 11:39:52,Dr. Sharma,Female,18-40,High
CASE000994,Treatment,2026-03-18 11:51:01,Dr. Sharma,Female,18-40,High
CASE000446,Treatment,2026-03-18 12:07:22,Dr. Sharma,Female,18-40,Medium
CASE000346,Treatment,2026-03-18 12:09:56,Dr. Sharma,Female,61+,Low
CASE000994,Admission,2026-03-18 12:13:56,Staff,Female,18-40,High
CASE000446,Discharge,2026-03-18 12:23:32,Staff,Female,18-40,Medium
CASE000346,Admission,2026-03-18 12:27:46,Staff,Female,61+,Low
CASE000190,Registration,2026-03-18 14:14:42,Staff,Female,61+,Low
CASE000190,Triage,2026-03-18 14:33:02,Staff,Female,61+,Low
CASE000190,Lab Test,2026-03-18 14:51:21,Staff,Female,61+,Low
CASE000190,Doctor Consultation,2026-03-18 15:17:01,Dr. Khan,Female,61+,Low
CASE000190,Treatment,2026-03-18 15:31:36,Dr. Khan,Female,61+,Low
CASE000190,Discharge,2026-03-18 15:47:43,Staff,Female,61+,Low
CASE000851,Registration,2026-03-18 17:10:45,Staff,Female,18-40,Medium
CASE000851,Triage,2026-03-18 17:33:31,Staff,Female,18-40,Medium
CASE000851,X-Ray,2026-03-18 18:15:52,Staff,Female,18-40,Medium
CASE000851,Triage,2026-03-18 18:23:24,Staff,Female,18-40,Medium
CASE000851,X-Ray,2026-03-18 18:51:26,Staff,Female,18-40,Medium
CASE000851,Doctor Consultation,2026-03-18 19:10:46,Dr. Patel,Female,18-40,Medium
CASE000851,Treatment,2026-03-18 19:25:46,Dr. Patel,Female,18-40,Medium
CASE000851,Discharge,2026-03-18 19:38:05,Staff,Female,18-40,Medium
CASE000157,Registration,2026-03-19 00:59:19,Staff,Male,18-40,Low
CASE000157,Triage,2026-03-19 01:11:19,Staff,Male,18-40,Low
CASE000157,Doctor Consultation,2026-03-19 01:29:39,Dr. Reddy,Male,18-40,Low
CASE000157,Treatment,2026-03-19 01:45:33,Dr. Reddy,Male,18-40,Low
CASE000157,Discharge,2026-03-19 02:13:22,Staff,Male,18-40,Low
CASE000344,Registration,2026-03-19 07:17:00,Staff,Female,18-40,High
CASE000344,Triage,2026-03-19 07:30:00,Staff,Female,18-40,High
CASE000344,Lab Test,2026-03-19 07:44:56,Staff,Female,18-40,High
CASE000350,Registration,2026-03-19 08:12:11,Staff,Male,18-40,Low
CASE000344,Doctor Consultation,2026-03-19 08:19:58,Dr. Reddy,Female,18-40,High
CASE000344,Treatment,2026-03-19 08:40:29,Dr. Reddy,Female,18-40,High
CASE000344,Discharge,2026-03-19 09:01:59,Staff,Female,18-40,High
CASE000350,X-Ray,2026-03-19 09:16:57,Staff,Male,18-40,Low
CASE000459,Registration,2026-03-19 09:21:47,Staff,Male,18-40,Medium
CASE000350,Lab Test,2026-03-19 09:51:17,Staff,Male,18-40,Low
CASE000459,Triage,2026-03-19 09:56:01,Staff,Male,18-40,Medium
CASE000350,Doctor Consultation,2026-03-19 10:34:08,Dr. Reddy,Male,18-40,Low
CASE000284,Registration,2026-03-19 10:40:29,Staff,Male,61+,Low
CASE000350,Treatment,2026-03-19 10:41:32,Dr. Reddy,Male,18-40,Low
CASE000459,X-Ray,2026-03-19 10:45:23,Staff,Male,18-40,Medium
CASE000350,Discharge,2026-03-19 10:55:23,Staff,Male,18-40,Low
CASE000284,Triage,2026-03-19 11:09:27,Staff,Male,61+,Low
CASE000459,Doctor Consultation,2026-03-19 11:14:46,Dr. Reddy,Male,18-40,Medium
CASE000284,Doctor Consultation,2026-03-19 11:31:15,Dr. Reddy,Male,61+,Low
CASE000459,Treatment,2026-03-19 11:34:03,Dr. Reddy,Male,18-40,Medium
CASE000459,Admission,2026-03-19 11:49:21,Staff,Male,18-40,Medium
CASE000284,Treatment,2026-03-19 11:50:48,Dr. Reddy,Male,61+,Low
CASE000284,Discharge,2026-03-19 12:10:07,Staff,Male,61+,Low
CASE000942,Registration,2026-03-19 13:40:11,Staff,Female,18-40,Low
CASE000104,Registration,2026-03-19 13:49:53,Staff,Male,41-60,Medium
CASE000942,Triage,2026-03-19 13:54:02,Staff,Female,18-40,Low
CASE000104,Triage,2026-03-19 14:01:12,Staff,Male,41-60,Medium
CASE000160,Registration,2026-03-19 14:06:38,Staff,Male,18-40,High
CASE000942,Doctor Consultation,2026-03-19 14:12:50,Dr. Patel,Female,18-40,Low
CASE000193,Registration,2026-03-19 14:16:47,Staff,Female,61+,Low
CASE000160,Triage,2026-03-19 14:25:45,Staff,Male,18-40,High
CASE000193,Triage,2026-03-19 14:35:38,Staff,Female,61+,Low
CASE000104,X-Ray,2026-03-19 14:36:51,Staff,Male,41-60,Medium
CASE000942,Treatment,2026-03-19 14:39:42,Dr. Patel,Female,18-40,Low
CASE000104,Doctor Consultation,2026-03-19 14:58:15,Dr. Patel,Male,41-60,Medium
CASE000160,X-Ray,2026-03-19 14:58:47,Staff,Male,18-40,High
CASE000193,X-Ray,2026-03-19 15:06:26,Staff,Female,61+,Low
CASE000973,Registration,2026-03-19 15:10:24,Staff,Male,41-60,Low
CASE000942,Discharge,2026-03-19 15:11:01,Staff,Female,18-40,Low
CASE000160,Triage,2026-03-19 15:18:13,Staff,Male,18-40,High
CASE000104,Treatment,2026-03-19 15:20:41,Dr. Patel,Male,41-60,Medium
CASE000193,Triage,2026-03-19 15:23:36,Staff,Female,61+,Low
CASE000973,Triage,2026-03-19 15:29:56,Staff,Male,41-60,Low
CASE000027,Registration,2026-03-19 15:44:06,Staff,Male,41-60,Medium
CASE000193,X-Ray,2026-03-19 15:53:03,Staff,Female,61+,Low
CASE000160,X-Ray,2026-03-19 15:53:22,Staff,Male,18-40,High
CASE000973,Doctor Consultation,2026-03-19 15:54:55,Dr. Reddy,Male,41-60,Low
CASE000104,Discharge,2026-03-19 15:55:09,Staff,Male,41-60,Medium
CASE000027,Triage,2026-03-19 16:01:01,Staff,Male,41-60,Medium
CASE000973,Treatment,2026-03-19 16:12:34,Dr. Reddy,Male,41-60,Low
CASE000160,Doctor Consultation,2026-03-19 16:23:23,Dr. Patel,Male,18-40,High
CASE000973,Discharge,2026-03-19 16:25:37,Staff,Male,41-60,Low
CASE000193,Doctor Consultation,2026-03-19 16:26:54,Dr. Iyer,Female,61+,Low
CASE000027,X-Ray,2026-03-19 16:27:05,Staff,Male,41-60,Medium
CASE000434,Registration,2026-03-19 16:34:33,Staff,Female,41-60,Low
CASE000193,Treatment,2026-03-19 16:37:33,Dr. Iyer,Female,61+,Low
CASE000193,Discharge,2026-03-19 16:53:17,Staff,Female,61+,Low
CASE000160,Treatment,2026-03-19 16:53:58,Dr. Patel,Male,18-40,High
CASE000027,Lab Test,2026-03-19 16:58:45,Staff,Male,41-60,Medium
CASE000434,Triage,2026-03-19 16:58:55,Staff,Female,41-60,Low
CASE000182,Registration,2026-03-19 17:06:35,Staff,Female,18-40,Low
CASE000160,Admission,2026-03-19 17:21:06,Staff,Male,18-40,High
CASE000434,X-Ray,2026-03-19 17:24:18,Staff,Female,41-60,Low
CASE000027,Doctor Consultation,2026-03-19 17:27:05,Dr. Reddy,Male,41-60,Medium
CASE000182,Triage,2026-03-19 17:28:18,Staff,Female,18-40,Low
CASE000434,Triage,2026-03-19 17:35:09,Staff,Female,41-60,Low
CASE000027,Treatment,2026-03-19 17:43:56,Dr. Reddy,Male,41-60,Medium
CASE000886,Registration,2026-03-19 17:50:48,Staff,Male,41-60,Medium
CASE000434,X-Ray,2026-03-19 18:01:16,Staff,Female,41-60,Low
CASE000027,Discharge,2026-03-19 18:03:44,Staff,Male,41-60,Medium
CASE000182,Lab Test,2026-03-19 18:04:48,Staff,Female,18-40,Low
CASE000886,X-Ray,2026-03-19 18:18:39,Staff,Male,41-60,Medium
CASE000434,Doctor Consultation,2026-03-19 18:29:19,Dr. Iyer,Female,41-60,Low
CASE000182,Doctor Consultation,2026-03-19 18:32:48,Dr. Khan,Female,18-40,Low
CASE000886,Lab Test,2026-03-19 18:39:46,Staff,Male,41-60,Medium
CASE000434,Treatment,2026-03-19 18:52:36,Dr. Iyer,Female,41-60,Low
CASE000182,Treatment,2026-03-19 19:02:08,Dr. Khan,Female,18-40,Low
CASE000886,Doctor Consultation,2026-03-19 19:02:59,Dr. Khan,Male,41-60,Medium
CASE000434,Discharge,2026-03-19 19:07:12,Staff,Female,41-60,Low
CASE000886,Treatment,2026-03-19 19:29:14,Dr. Khan,Male,41-60,Medium
CASE000182,Discharge,2026-03-19 19:31:38,Staff,Female,18-40,Low
CASE000886,Discharge,2026-03-19 19:46:17,Staff,Male,41-60,Medium
CASE000055,Registration,2026-03-20 00:07:17,Staff,Female,41-60,Low
CASE000055,Triage,2026-03-20 00:29:47,Staff,Female,41-60,Low
CASE000167,Registration,2026-03-20 01:00:21,Staff,Male,61+,Medium
CASE000055,Doctor Consultation,2026-03-20 01:02:07,Dr. Iyer,Female,41-60,Low
CASE000055,Treatment,2026-03-20 01:13:27,Dr. Iyer,Female,41-60,Low
CASE000167,Triage,2026-03-20 01:21:59,Staff,Male,61+,Medium
CASE000055,Discharge,2026-03-20 01:25:09,Staff,Female,41-60,Low
CASE000167,Doctor Consultation,2026-03-20 01:53:37,Dr. Iyer,Male,61+,Medium
CASE000167,Treatment,2026-03-20 02:21:30,Dr. Iyer,Male,61+,Medium
CASE000167,Discharge,2026-03-20 02:34:21,Staff,Male,61+,Medium
CASE000394,Registration,2026-03-20 07:10:46,Staff,Male,18-40,Low
CASE000394,Triage,2026-03-20 07:22:39,Staff,Male,18-40,Low
CASE000394,X-Ray,2026-03-20 07:46:26,Staff,Male,18-40,Low
CASE000394,Doctor Consultation,2026-03-20 08:22:20,Dr. Reddy,Male,18-40,Low
CASE000394,Treatment,2026-03-20 08:39:59,Dr. Reddy,Male,18-40,Low
CASE000394,Discharge,2026-03-20 08:54:44,Staff,Male,18-40,Low
CASE000343,Registration,2026-03-20 08:57:57,Staff,Male,18-40,High
CASE000343,Triage,2026-03-20 09:25:22,Staff,Male,18-40,High
CASE000628,Registration,2026-03-20 09:28:47,Staff,Male,61+,Medium
CASE000628,Triage,2026-03-20 09:44:54,Staff,Male,61+,Medium
CASE000343,X-Ray,2026-03-20 10:20:01,Staff,Male,18-40,High
CASE000343,Doctor Consultation,2026-03-20 10:47:06,Dr. Reddy,Male,18-40,High
CASE000628,X-Ray,2026-03-20 10:56:53,Staff,Male,61+,Medium
CASE000343,Treatment,2026-03-20 11:00:59,Dr. Reddy,Male,18-40,High
CASE000628,Triage,2026-03-20 11:10:43,Staff,Male,61+,Medium
CASE000343,Discharge,2026-03-20 11:13:13,Staff,Male,18-40,High
CASE000906,Registration,2026-03-20 11:36:06,Staff,Male,18-40,Low
CASE000628,X-Ray,2026-03-20 11:54:35,Staff,Male,61+,Medium
CASE000906,Triage,2026-03-20 11:57:52,Staff,Male,18-40,Low
CASE000906,Doctor Consultation,2026-03-20 12:20:07,Dr. Khan,Male,18-40,Low
CASE000628,Doctor Consultation,2026-03-20 12:26:22,Dr. Reddy,Male,61+,Medium
CASE000906,Treatment,2026-03-20 12:31:14,Dr. Khan,Male,18-40,Low
CASE000906,Discharge,2026-03-20 12:42:44,Staff,Male,18-40,Low
CASE000628,Treatment,2026-03-20 12:50:07,Dr. Reddy,Male,61+,Medium
CASE000628,Discharge,2026-03-20 13:19:48,Staff,Male,61+,Medium
CASE000857,Registration,2026-03-20 13:23:46,Staff,Female,41-60,Low
CASE000857,Triage,2026-03-20 13:34:47,Staff,Female,41-60,Low
CASE000857,Doctor Consultation,2026-03-20 14:06:31,Dr. Khan,Female,41-60,Low
CASE000857,Treatment,2026-03-20 14:30:31,Dr. Khan,Female,41-60,Low
CASE000965,Registration,2026-03-20 14:47:07,Staff,Female,18-40,Medium
CASE000857,Admission,2026-03-20 14:49:05,Staff,Female,41-60,Low
CASE000965,Triage,2026-03-20 15:02:28,Staff,Female,18-40,Medium
CASE000965,X-Ray,2026-03-20 15:42:48,Staff,Female,18-40,Medium
CASE000965,Triage,2026-03-20 16:04:44,Staff,Female,18-40,Medium
CASE000965,X-Ray,2026-03-20 16:16:41,Staff,Female,18-40,Medium
CASE000965,Doctor Consultation,2026-03-20 16:45:11,Dr. Sharma,Female,18-40,Medium
CASE000153,Registration,2026-03-20 16:46:22,Staff,Female,61+,Low
CASE000371,Registration,2026-03-20 16:58:03,Staff,Female,61+,Medium
CASE000153,Triage,2026-03-20 17:05:51,Staff,Female,61+,Low
CASE000965,Treatment,2026-03-20 17:09:07,Dr. Sharma,Female,18-40,Medium
CASE000371,Triage,2026-03-20 17:13:39,Staff,Female,61+,Medium
CASE000965,Discharge,2026-03-20 17:34:31,Staff,Female,18-40,Medium
CASE000153,Lab Test,2026-03-20 17:38:31,Staff,Female,61+,Low
CASE000371,X-Ray,2026-03-20 17:52:05,Staff,Female,61+,Medium
CASE000153,Doctor Consultation,2026-03-20 18:08:12,Dr. Reddy,Female,61+,Low
CASE000371,Doctor Consultation,2026-03-20 18:21:24,Dr. Patel,Female,61+,Medium
CASE000153,Treatment,2026-03-20 18:34:00,Dr. Reddy,Female,61+,Low
CASE000371,Treatment,2026-03-20 18:41:27,Dr. Patel,Female,61+,Medium
CASE000153,Discharge,2026-03-20 18:49:01,Staff,Female,61+,Low
CASE000371,Discharge,2026-03-20 18:58:45,Staff,Female,61+,Medium
CASE000152,Registration,2026-03-20 19:14:01,Staff,Male,18-40,Medium
CASE000152,Triage,2026-03-20 19:37:43,Staff,Male,18-40,Medium
CASE000152,Lab Test,2026-03-20 20:23:51,Staff,Male,18-40,Medium
CASE000152,Doctor Consultation,2026-03-20 20:59:35,Dr. Iyer,Male,18-40,Medium
CASE000152,Treatment,2026-03-20 21:18:25,Dr. Iyer,Male,18-40,Medium
CASE000152,Discharge,2026-03-20 21:26:45,Staff,Male,18-40,Medium
CASE000011,Registration,2026-03-20 23:55:19,Staff,Male,18-40,Low
CASE000011,Triage,2026-03-21 00:15:00,Staff,Male,18-40,Low
CASE000011,X-Ray,2026-03-21 00:43:36,Staff,Male,18-40,Low
CASE000011,Triage,2026-03-21 01:05:07,Staff,Male,18-40,Low
CASE000011,X-Ray,2026-03-21 01:43:52,Staff,Male,18-40,Low
CASE000011,Doctor Consultation,2026-03-21 02:02:18,Dr. Iyer,Male,18-40,Low
CASE000011,Treatment,2026-03-21 02:15:59,Dr. Iyer,Male,18-40,Low
CASE000011,Discharge,2026-03-21 02:43:55,Staff,Male,18-40,Low
CASE000975,Registration,2026-03-21 08:10:21,Staff,Male,61+,Medium
CASE000052,Registration,2026-03-21 08:25:57,Staff,Male,0-17,Medium
CASE000975,Triage,2026-03-21 08:38:36,Staff,Male,61+,Medium
CASE000052,Triage,2026-03-21 08:59:39,Staff,Male,0-17,Medium
CASE000975,Doctor Consultation,2026-03-21 09:23:16,Dr. Khan,Male,61+,Medium
CASE000052,Doctor Consultation,2026-03-21 09:36:22,Dr. Sharma,Male,0-17,Medium
CASE000975,Treatment,2026-03-21 09:46:02,Dr. Khan,Male,61+,Medium
CASE000052,Treatment,2026-03-21 09:54:45,Dr. Sharma,Male,0-17,Medium
CASE000181,Triage,2026-03-21 10:00:56,Staff,Female,41-60,Medium
CASE000975,Discharge,2026-03-21 10:09:32,Staff,Male,61+,Medium
CASE000052,Discharge,2026-03-21 10:15:05,Staff,Male,0-17,Medium
CASE000518,Registration,2026-03-21 10:36:49,Staff,Male,41-60,Medium
CASE000181,X-Ray,2026-03-21 10:55:32,Staff,Female,41-60,Medium
CASE000518,Triage,2026-03-21 11:14:20,Staff,Male,41-60,Medium
CASE000181,Triage,2026-03-21 11:19:54,Staff,Female,41-60,Medium
CASE000813,Registration,2026-03-21 11:33:40,Staff,Female,18-40,Medium
CASE000813,Triage,2026-03-21 11:50:41,Staff,Female,18-40,Medium
CASE000518,X-Ray,2026-03-21 11:57:43,Staff,Male,41-60,Medium
CASE000518,Lab Test,2026-03-21 12:21:12,Staff,Male,41-60,Medium
CASE000181,X-Ray,2026-03-21 12:24:52,Staff,Female,41-60,Medium
CASE000813,X-Ray,2026-03-21 12:54:46,Staff,Female,18-40,Medium
CASE000181,Lab Test,2026-03-21 12:56:10,Staff,Female,41-60,Medium
CASE000518,Doctor Consultation,2026-03-21 12:57:24,Dr. Reddy,Male,41-60,Medium
CASE000181,Doctor Consultation,2026-03-21 13:17:56,Dr. Khan,Female,41-60,Medium
CASE000518,Treatment,2026-03-21 13:18:55,Dr. Reddy,Male,41-60,Medium
CASE000813,Lab Test,2026-03-21 13:22:12,Staff,Female,18-40,Medium
CASE000181,Treatment,2026-03-21 13:35:06,Dr. Khan,Female,41-60,Medium
CASE000518,Discharge,2026-03-21 13:35:39,Staff,Male,41-60,Medium
CASE000813,Doctor Consultation,2026-03-21 13:52:40,Dr. Patel,Female,18-40,Medium
CASE000181,Discharge,2026-03-21 13:53:47,Staff,Female,41-60,Medium
CASE000813,Treatment,2026-03-21 14:10:22,Dr. Patel,Female,18-40,Medium
CASE000813,Admission,2026-03-21 14:25:44,Staff,Female,18-40,Medium
CASE000141,Registration,2026-03-21 15:48:30,Staff,Female,61+,Medium
CASE000141,Triage,2026-03-21 16:01:47,Staff,Female,61+,Medium
CASE000141,X-Ray,2026-03-21 16:24:01,Staff,Female,61+,Medium
CASE000141,Triage,2026-03-21 16:38:52,Staff,Female,61+,Medium
CASE000141,X-Ray,2026-03-21 17:12:46,Staff,Female,61+,Medium
CASE000141,Doctor Consultation,2026-03-21 17:31:56,Dr. Khan,Female,61+,Medium
CASE000954,Registration,2026-03-21 17:41:56,Staff,Male,18-40,High
CASE000141,Treatment,2026-03-21 17:59:06,Dr. Khan,Female,61+,Medium
CASE000954,Triage,2026-03-21 18:06:52,Staff,Male,18-40,High
CASE000879,Registration,2026-03-21 18:13:34,Staff,Female,18-40,Medium
CASE000141,Discharge,2026-03-21 18:27:58,Staff,Female,61+,Medium
CASE000879,Triage,2026-03-21 18:32:19,Staff,Female,18-40,Medium
CASE000954,X-Ray,2026-03-21 18:35:43,Staff,Male,18-40,High
CASE000879,X-Ray,2026-03-21 19:01:19,Staff,Female,18-40,Medium
CASE000954,Doctor Consultation,2026-03-21 19:01:19,Dr. Reddy,Male,18-40,High
CASE000954,Treatment,2026-03-21 19:20:25,Dr. Reddy,Male,18-40,High
CASE000879,Doctor Consultation,2026-03-21 19:31:45,Dr. Reddy,Female,18-40,Medium
CASE000954,Discharge,2026-03-21 19:43:29,Staff,Male,18-40,High
CASE000879,Treatment,2026-03-21 19:46:28,Dr. Reddy,Female,18-40,Medium
CASE000879,Discharge,2026-03-21 20:10:23,Staff,Female,18-40,Medium
CASE000369,Registration,2026-03-21 21:09:53,Staff,Male,61+,Medium
CASE000369,Lab Test,2026-03-21 21:33:25,Staff,Male,61+,Medium
CASE000369,Doctor Consultation,2026-03-21 21:56:30,Dr. Sharma,Male,61+,Medium
CASE000369,Treatment,2026-03-21 22:11:44,Dr. Sharma,Male,61+,Medium
CASE000369,Discharge,2026-03-21 22:26:34,Staff,Male,61+,Medium
CASE000007,Registration,2026-03-22 05:06:06,Staff,Female,61+,Low
CASE000007,Triage,2026-03-22 05:19:48,Staff,Female,61+,Low
CASE000007,X-Ray,2026-03-22 05:43:47,Staff,Female,61+,Low
CASE000007,Triage,2026-03-22 06:02:18,Staff,Female,61+,Low
CASE000007,X-Ray,2026-03-22 06:38:05,Staff,Female,61+,Low
CASE000007,Lab Test,2026-03-22 07:04:41,Staff,Female,61+,Low
CASE000007,Doctor Consultation,2026-03-22 07:24:12,Dr. Reddy,Female,61+,Low
CASE000007,Treatment,2026-03-22 07:45:40,Dr. Reddy,Female,61+,Low
CASE000007,Admission,2026-03-22 08:09:01,Staff,Female,61+,Low
CASE000311,Registration,2026-03-22 08:17:41,Staff,Male,18-40,High
CASE000311,X-Ray,2026-03-22 09:07:05,Staff,Male,18-40,High
CASE000311,Doctor Consultation,2026-03-22 09:39:25,Dr. Reddy,Male,18-40,High
CASE000311,Treatment,2026-03-22 09:53:11,Dr. Reddy,Male,18-40,High
CASE000311,Discharge,2026-03-22 10:09:14,Staff,Male,18-40,High
CASE000267,Registration,2026-03-22 11:05:14,Staff,Male,18-40,High
CASE000399,Registration,2026-03-22 11:05:59,Staff,Male,41-60,Low
CASE000267,Triage,2026-03-22 11:24:29,Staff,Male,18-40,High
CASE000399,Triage,2026-03-22 11:31:45,Staff,Male,41-60,Low
CASE000399,Doctor Consultation,2026-03-22 11:58:41,Dr. Iyer,Male,41-60,Low
CASE000267,X-Ray,2026-03-22 12:11:07,Staff,Male,18-40,High
CASE000399,Treatment,2026-03-22 12:18:52,Dr. Iyer,Male,41-60,Low
CASE000399,Discharge,2026-03-22 12:39:58,Staff,Male,41-60,Low
CASE000267,Doctor Consultation,2026-03-22 12:41:15,Dr. Khan,Male,18-40,High
CASE000267,Treatment,2026-03-22 12:59:39,Dr. Khan,Male,18-40,High
CASE000267,Discharge,2026-03-22 13:23:58,Staff,Male,18-40,High
CASE000200,Registration,2026-03-22 13:56:36,Staff,Female,41-60,Low
CASE000200,Triage,2026-03-22 14:07:18,Staff,Female,41-60,Low
CASE000200,Doctor Consultation,2026-03-22 14:23:36,Dr. Patel,Female,41-60,Low
CASE000200,Treatment,2026-03-22 14:47:03,Dr. Patel,Female,41-60,Low
CASE000200,Discharge,2026-03-22 15:08:05,Staff,Female,41-60,Low
CASE000713,Registration,2026-03-22 18:02:27,Staff,Female,61+,Medium
CASE000713,Triage,2026-03-22 18:13:23,Staff,Female,61+,Medium
CASE000713,X-Ray,2026-03-22 18:39:02,Staff,Female,61+,Medium
CASE000713,Triage,2026-03-22 18:50:46,Staff,Female,61+,Medium
CASE000539,Registration,2026-03-22 18:56:28,Staff,Male,0-17,Low
CASE000539,Triage,2026-03-22 19:06:52,Staff,Male,0-17,Low
CASE000539,X-Ray,2026-03-22 19:26:14,Staff,Male,0-17,Low
CASE000713,X-Ray,2026-03-22 19:29:24,Staff,Female,61+,Medium
CASE000271,Registration,2026-03-22 19:32:40,Staff,Female,61+,Low
CASE000271,Triage,2026-03-22 19:53:46,Staff,Female,61+,Low
CASE000713,Doctor Consultation,2026-03-22 20:04:35,Dr. Patel,Female,61+,Medium
CASE000539,Lab Test,2026-03-22 20:09:39,Staff,Male,0-17,Low
CASE000713,Treatment,2026-03-22 20:15:10,Dr. Patel,Female,61+,Medium
CASE000271,X-Ray,2026-03-22 20:19:08,Staff,Female,61+,Low
CASE000713,Discharge,2026-03-22 20:23:24,Staff,Female,61+,Medium
CASE000539,Doctor Consultation,2026-03-22 20:32:32,Dr. Patel,Male,0-17,Low
CASE000271,Lab Test,2026-03-22 20:50:09,Staff,Female,61+,Low
CASE000539,Treatment,2026-03-22 20:59:03,Dr. Patel,Male,0-17,Low
CASE000271,Doctor Consultation,2026-03-22 21:21:36,Dr. Khan,Female,61+,Low
CASE000539,Discharge,2026-03-22 21:25:45,Staff,Male,0-17,Low
CASE000728,Registration,2026-03-22 21:40:54,Staff,Male,41-60,High
CASE000271,Treatment,2026-03-22 21:48:56,Dr. Khan,Female,61+,Low
CASE000271,Admission,2026-03-22 22:11:48,Staff,Female,61+,Low
CASE000195,Registration,2026-03-22 22:15:29,Staff,Male,18-40,Low
CASE000728,Lab Test,2026-03-22 22:16:17,Staff,Male,41-60,High
CASE000679,Registration,2026-03-22 22:24:59,Staff,Male,61+,High
CASE000728,Doctor Consultation,2026-03-22 22:37:36,Dr. Sharma,Male,41-60,High
CASE000195,Triage,2026-03-22 22:40:10,Staff,Male,18-40,Low
CASE000679,Triage,2026-03-22 22:41:09,Staff,Male,61+,High
CASE000195,X-Ray,2026-03-22 22:58:51,Staff,Male,18-40,Low
CASE000728,Treatment,2026-03-22 23:02:35,Dr. Sharma,Male,41-60,High
CASE000679,X-Ray,2026-03-22 23:06:56,Staff,Male,61+,High
CASE000728,Admission,2026-03-22 23:25:10,Staff,Male,41-60,High
CASE000195,Lab Test,2026-03-22 23:35:15,Staff,Male,18-40,Low
CASE000679,Lab Test,2026-03-22 23:49:47,Staff,Male,61+,High
CASE000195,Doctor Consultation,2026-03-23 00:13:20,Dr. Sharma,Male,18-40,Low
CASE000679,Doctor Consultation,2026-03-23 00:15:06,Dr. Iyer,Male,61+,High
CASE000679,Treatment,2026-03-23 00:27:46,Dr. Iyer,Male,61+,High
CASE000195,Treatment,2026-03-23 00:34:58,Dr. Sharma,Male,18-40,Low
CASE000195,Discharge,2026-03-23 00:48:31,Staff,Male,18-40,Low
CASE000679,Discharge,2026-03-23 00:52:01,Staff,Male,61+,High
CASE000365,Registration,2026-03-23 08:11:26,Staff,Female,41-60,High
CASE000365,Triage,2026-03-23 08:33:55,Staff,Female,41-60,High
CASE000995,Registration,2026-03-23 08:59:17,Staff,Female,0-17,Low
CASE000365,Doctor Consultation,2026-03-23 09:12:11,Dr. Reddy,Female,41-60,High
CASE000995,Triage,2026-03-23 09:28:16,Staff,Female,0-17,Low
CASE000365,Treatment,2026-03-23 09:32:33,Dr. Reddy,Female,41-60,High
CASE000365,Discharge,2026-03-23 09:42:19,Staff,Female,41-60,High
CASE000095,Registration,2026-03-23 10:27:36,Staff,Male,41-60,Medium
CASE000995,X-Ray,2026-03-23 10:42:01,Staff,Female,0-17,Low
CASE000095,Triage,2026-03-23 10:42:50,Staff,Male,41-60,Medium
CASE000995,Triage,2026-03-23 10:57:43,Staff,Female,0-17,Low
CASE000095,X-Ray,2026-03-23 11:26:22,Staff,Male,41-60,Medium
CASE000095,Triage,2026-03-23 11:57:50,Staff,Male,41-60,Medium
CASE000995,X-Ray,2026-03-23 12:16:08,Staff,Female,0-17,Low
CASE000995,Lab Test,2026-03-23 12:33:36,Staff,Female,0-17,Low
CASE000095,X-Ray,2026-03-23 12:34:29,Staff,Male,41-60,Medium
CASE000995,Doctor Consultation,2026-03-23 13:01:36,Dr. Reddy,Female,0-17,Low
CASE000095,Doctor Consultation,2026-03-23 13:02:14,Dr. Patel,Male,41-60,Medium
CASE000095,Treatment,2026-03-23 13:13:42,Dr. Patel,Male,41-60,Medium
CASE000995,Treatment,2026-03-23 13:17:37,Dr. Reddy,Female,0-17,Low
CASE000095,Discharge,2026-03-23 13:27:44,Staff,Male,41-60,Medium
CASE000995,Discharge,2026-03-23 13:40:52,Staff,Female,0-17,Low
CASE000213,Registration,2026-03-23 14:41:22,Staff,Female,18-40,Medium
CASE000213,Triage,2026-03-23 15:04:57,Staff,Female,18-40,Medium
CASE000213,Doctor Consultation,2026-03-23 15:23:51,Dr. Patel,Female,18-40,Medium
CASE000213,Treatment,2026-03-23 15:52:08,Dr. Patel,Female,18-40,Medium
CASE000213,Admission,2026-03-23 16:08:00,Staff,Female,18-40,Medium
CASE000451,Registration,2026-03-23 18:24:12,Staff,Female,41-60,Low
CASE000451,Triage,2026-03-23 18:41:01,Staff,Female,41-60,Low
CASE000451,X-Ray,2026-03-23 19:08:19,Staff,Female,41-60,Low
CASE000451,Triage,2026-03-23 19:30:04,Staff,Female,41-60,Low
CASE000142,Registration,2026-03-23 19:41:58,Staff,Female,41-60,Low
CASE000142,Triage,2026-03-23 19:58:35,Staff,Female,41-60,Low
CASE000451,X-Ray,2026-03-23 19:59:47,Staff,Female,41-60,Low
CASE000142,X-Ray,2026-03-23 20:28:07,Staff,Female,41-60,Low
CASE000451,Lab Test,2026-03-23 20:28:21,Staff,Female,41-60,Low
CASE000142,Triage,2026-03-23 20:44:47,Staff,Female,41-60,Low
CASE000451,Doctor Consultation,2026-03-23 20:52:55,Dr. Reddy,Female,41-60,Low
CASE000142,X-Ray,2026-03-23 21:12:31,Staff,Female,41-60,Low
CASE000451,Treatment,2026-03-23 21:12:44,Dr. Reddy,Female,41-60,Low
CASE000063,Registration,2026-03-23 21:21:15,Staff,Male,18-40,High
CASE000451,Discharge,2026-03-23 21:33:05,Staff,Female,41-60,Low
CASE000063,Triage,2026-03-23 21:37:15,Staff,Male,18-40,High
CASE000142,Doctor Consultation,2026-03-23 21:45:59,Dr. Khan,Female,41-60,Low
CASE000063,Doctor Consultation,2026-03-23 22:09:13,Dr. Reddy,Male,18-40,High
CASE000142,Treatment,2026-03-23 22:11:41,Dr. Khan,Female,41-60,Low
CASE000063,Treatment,2026-03-23 22:27:08,Dr. Reddy,Male,18-40,High
CASE000142,Admission,2026-03-23 22:27:38,Staff,Female,41-60,Low
CASE000063,Discharge,2026-03-23 22:54:35,Staff,Male,18-40,High
CASE000457,Registration,2026-03-24 08:35:22,Staff,Female,18-40,High
CASE000457,Triage,2026-03-24 08:58:50,Staff,Female,18-40,High
CASE000519,Registration,2026-03-24 09:03:39,Staff,Female,41-60,Low
CASE000519,Triage,2026-03-24 09:17:35,Staff,Female,41-60,Low
CASE000457,X-Ray,2026-03-24 09:58:20,Staff,Female,18-40,High
CASE000928,Registration,2026-03-24 10:08:07,Staff,Male,18-40,Medium
CASE000519,X-Ray,2026-03-24 10:24:11,Staff,Female,41-60,Low
CASE000457,Doctor Consultation,2026-03-24 10:28:20,Dr. Iyer,Female,18-40,High
CASE000928,Triage,2026-03-24 10:36:05,Staff,Male,18-40,Medium
CASE000519,Triage,2026-03-24 10:44:29,Staff,Female,41-60,Low
CASE000457,Treatment,2026-03-24 10:48:24,Dr. Iyer,Female,18-40,High
CASE000457,Discharge,2026-03-24 11:15:37,Staff,Female,18-40,High
CASE000175,Registration,2026-03-24 11:26:32,Staff,Female,41-60,Medium
CASE000928,X-Ray,2026-03-24 11:28:55,Staff,Male,18-40,Medium
CASE000175,Triage,2026-03-24 11:45:19,Staff,Female,41-60,Medium
CASE000519,X-Ray,2026-03-24 11:50:24,Staff,Female,41-60,Low
CASE000928,Triage,2026-03-24 11:53:00,Staff,Male,18-40,Medium
CASE000519,Doctor Consultation,2026-03-24 12:20:58,Dr. Reddy,Female,41-60,Low
CASE000175,Doctor Consultation,2026-03-24 12:24:47,Dr. Sharma,Female,41-60,Medium
CASE000928,X-Ray,2026-03-24 12:26:45,Staff,Male,18-40,Medium
CASE000519,Treatment,2026-03-24 12:33:59,Dr. Reddy,Female,41-60,Low
CASE000519,Discharge,2026-03-24 12:48:12,Staff,Female,41-60,Low
CASE000175,Treatment,2026-03-24 12:52:43,Dr. Sharma,Female,41-60,Medium
CASE000928,Lab Test,2026-03-24 12:59:33,Staff,Male,18-40,Medium
CASE000175,Discharge,2026-03-24 13:12:29,Staff,Female,41-60,Medium
CASE000928,Doctor Consultation,2026-03-24 13:30:58,Dr. Khan,Male,18-40,Medium
CASE000752,Registration,2026-03-24 13:41:19,Staff,Female,18-40,Low
CASE000752,Triage,2026-03-24 13:49:48,Staff,Female,18-40,Low
CASE000928,Treatment,2026-03-24 13:54:58,Dr. Khan,Male,18-40,Medium
CASE000752,X-Ray,2026-03-24 14:12:52,Staff,Female,18-40,Low
CASE000928,Discharge,2026-03-24 14:15:10,Staff,Male,18-40,Medium
CASE000752,Doctor Consultation,2026-03-24 14:40:33,Dr. Reddy,Female,18-40,Low
CASE000616,Registration,2026-03-24 14:44:33,Staff,Female,18-40,Medium
CASE000616,Triage,2026-03-24 15:04:35,Staff,Female,18-40,Medium
CASE000752,Treatment,2026-03-24 15:05:49,Dr. Reddy,Female,18-40,Low
CASE000752,Discharge,2026-03-24 15:20:01,Staff,Female,18-40,Low
CASE000616,X-Ray,2026-03-24 15:35:19,Staff,Female,18-40,Medium
CASE000616,Triage,2026-03-24 15:57:26,Staff,Female,18-40,Medium
CASE000958,Registration,2026-03-24 16:01:26,Staff,Male,41-60,Medium
CASE000958,Triage,2026-03-24 16:19:34,Staff,Male,41-60,Medium
CASE000748,Registration,2026-03-24 16:29:58,Staff,Male,18-40,Low
CASE000616,X-Ray,2026-03-24 16:34:28,Staff,Female,18-40,Medium
CASE000958,X-Ray,2026-03-24 16:44:33,Staff,Male,41-60,Medium
CASE000748,Triage,2026-03-24 16:46:20,Staff,Male,18-40,Low
CASE000616,Doctor Consultation,2026-03-24 17:04:57,Dr. Reddy,Female,18-40,Medium
CASE000522,Registration,2026-03-24 17:05:15,Staff,Female,41-60,Medium
CASE000748,X-Ray,2026-03-24 17:13:09,Staff,Male,18-40,Low
CASE000958,Lab Test,2026-03-24 17:13:40,Staff,Male,41-60,Medium
CASE000522,Triage,2026-03-24 17:24:59,Staff,Female,41-60,Medium
CASE000616,Treatment,2026-03-24 17:27:18,Dr. Reddy,Female,18-40,Medium
CASE000748,Triage,2026-03-24 17:31:44,Staff,Male,18-40,Low
CASE000958,Doctor Consultation,2026-03-24 17:32:47,Dr. Khan,Male,41-60,Medium
CASE000616,Admission,2026-03-24 17:41:32,Staff,Female,18-40,Medium
CASE000522,X-Ray,2026-03-24 17:49:36,Staff,Female,41-60,Medium
CASE000958,Treatment,2026-03-24 17:52:28,Dr. Khan,Male,41-60,Medium
CASE000748,X-Ray,2026-03-24 18:03:06,Staff,Male,18-40,Low
CASE000958,Discharge,2026-03-24 18:17:32,Staff,Male,41-60,Medium
CASE000748,Lab Test,2026-03-24 18:23:35,Staff,Male,18-40,Low
CASE000522,Lab Test,2026-03-24 18:37:50,Staff,Female,41-60,Medium
CASE000748,Doctor Consultation,2026-03-24 18:52:32,Dr. Reddy,Male,18-40,Low
CASE000522,Doctor Consultation,2026-03-24 18:56:36,Dr. Sharma,Female,41-60,Medium
CASE000748,Treatment,2026-03-24 19:02:26,Dr. Reddy,Male,18-40,Low
CASE000522,Treatment,2026-03-24 19:16:48,Dr. Sharma,Female,41-60,Medium
CASE000748,Discharge,2026-03-24 19:34:11,Staff,Male,18-40,Low
CASE000522,Discharge,2026-03-24 19:35:39,Staff,Female,41-60,Medium
CASE000254,Registration,2026-03-24 19:51:25,Staff,Female,41-60,Low
CASE000254,Triage,2026-03-24 20:02:44,Staff,Female,41-60,Low
CASE000254,X-Ray,2026-03-24 20:24:08,Staff,Female,41-60,Low
CASE000254,Lab Test,2026-03-24 20:57:19,Staff,Female,41-60,Low
CASE000254,Doctor Consultation,2026-03-24 21:34:59,Dr. Sharma,Female,41-60,Low
CASE000254,Treatment,2026-03-24 22:00:48,Dr. Sharma,Female,41-60,Low
CASE000254,Discharge,2026-03-24 22:31:12,Staff,Female,41-60,Low
CASE000021,Registration,2026-03-25 04:03:14,Staff,Female,18-40,Low
CASE000021,Triage,2026-03-25 04:09:30,Staff,Female,18-40,Low
CASE000021,Lab Test,2026-03-25 04:38:02,Staff,Female,18-40,Low
CASE000021,Doctor Consultation,2026-03-25 05:02:20,Dr. Sharma,Female,18-40,Low
CASE000021,Treatment,2026-03-25 05:29:25,Dr. Sharma,Female,18-40,Low
CASE000021,Admission,2026-03-25 05:45:34,Staff,Female,18-40,Low
CASE000270,Triage,2026-03-25 08:33:04,Staff,Female,41-60,Low
CASE000270,X-Ray,2026-03-25 09:39:54,Staff,Female,41-60,Low
CASE000270,Doctor Consultation,2026-03-25 10:22:27,Dr. Reddy,Female,41-60,Low
CASE000270,Treatment,2026-03-25 10:36:02,Dr. Reddy,Female,41-60,Low
CASE000270,Discharge,2026-03-25 10:54:51,Staff,Female,41-60,Low
CASE000106,Registration,2026-03-25 17:08:48,Staff,Male,18-40,Low
CASE000106,Triage,2026-03-25 17:31:17,Staff,Male,18-40,Low
CASE000106,X-Ray,2026-03-25 17:44:44,Staff,Male,18-40,Low
CASE000106,Triage,2026-03-25 17:59:51,Staff,Male,18-40,Low
CASE000977,Registration,2026-03-25 18:21:01,Staff,Male,41-60,Low
CASE000106,X-Ray,2026-03-25 18:26:27,Staff,Male,18-40,Low
CASE000552,Registration,2026-03-25 18:26:57,Staff,Female,18-40,Medium
CASE000977,Triage,2026-03-25 18:39:28,Staff,Male,41-60,Low
CASE000552,Triage,2026-03-25 18:52:41,Staff,Female,18-40,Medium
CASE000106,Doctor Consultation,2026-03-25 19:02:39,Dr. Patel,Male,18-40,Low
CASE000977,X-Ray,2026-03-25 19:09:08,Staff,Male,41-60,Low
CASE000552,X-Ray,2026-03-25 19:14:46,Staff,Female,18-40,Medium
CASE000345,Registration,2026-03-25 19:15:58,Staff,Female,18-40,Low
CASE000106,Treatment,2026-03-25 19:19:11,Dr. Patel,Male,18-40,Low
CASE000977,Triage,2026-03-25 19:27:28,Staff,Male,41-60,Low
CASE000345,Triage,2026-03-25 19:28:18,Staff,Female,18-40,Low
CASE000501,Registration,2026-03-25 19:34:50,Staff,Male,18-40,Medium
CASE000106,Discharge,2026-03-25 19:39:04,Staff,Male,18-40,Low
CASE000552,Doctor Consultation,2026-03-25 19:44:12,Dr. Reddy,Female,18-40,Medium
CASE000501,Triage,2026-03-25 19:50:31,Staff,Male,18-40,Medium
CASE000977,X-Ray,2026-03-25 19:51:43,Staff,Male,41-60,Low
CASE000345,X-Ray,2026-03-25 19:54:57,Staff,Female,18-40,Low
CASE000552,Treatment,2026-03-25 19:55:15,Dr. Reddy,Female,18-40,Medium
CASE000977,Doctor Consultation,2026-03-25 20:18:37,Dr. Iyer,Male,41-60,Low
CASE000552,Discharge,2026-03-25 20:20:31,Staff,Female,18-40,Medium
CASE000501,X-Ray,2026-03-25 20:23:33,Staff,Male,18-40,Medium
CASE000345,Lab Test,2026-03-25 20:31:14,Staff,Female,18-40,Low
CASE000977,Treatment,2026-03-25 20:34:59,Dr. Iyer,Male,41-60,Low
CASE000977,Admission,2026-03-25 20:45:11,Staff,Male,41-60,Low
CASE000501,Doctor Consultation,2026-03-25 20:46:56,Dr. Khan,Male,18-40,Medium
CASE000345,Doctor Consultation,2026-03-25 20:53:55,Dr. Patel,Female,18-40,Low
CASE000345,Treatment,2026-03-25 21:07:06,Dr. Patel,Female,18-40,Low
CASE000501,Treatment,2026-03-25 21:08:57,Dr. Khan,Male,18-40,Medium
CASE000501,Admission,2026-03-25 21:31:31,Staff,Male,18-40,Medium
CASE000345,Discharge,2026-03-25 21:35:54,Staff,Female,18-40,Low
CASE000090,Registration,2026-03-25 22:10:55,Staff,Male,18-40,High
CASE000825,Registration,2026-03-25 22:26:00,Staff,Male,18-40,High
CASE000090,Triage,2026-03-25 22:33:13,Staff,Male,18-40,High
CASE000825,Triage,2026-03-25 22:51:20,Staff,Male,18-40,High
CASE000090,Doctor Consultation,2026-03-25 23:05:58,Dr. Iyer,Male,18-40,High
CASE000825,X-Ray,2026-03-25 23:19:28,Staff,Male,18-40,High
CASE000090,Treatment,2026-03-25 23:31:56,Dr. Iyer,Male,18-40,High
CASE000825,Lab Test,2026-03-25 23:53:23,Staff,Male,18-40,High
CASE000090,Discharge,2026-03-25 23:55:38,Staff,Male,18-40,High
CASE000825,Doctor Consultation,2026-03-26 00:35:26,Dr. Patel,Male,18-40,High
CASE000825,Treatment,2026-03-26 00:59:08,Dr. Patel,Male,18-40,High
CASE000825,Discharge,2026-03-26 01:18:31,Staff,Male,18-40,High
CASE000162,Registration,2026-03-26 07:19:22,Staff,Male,18-40,Medium
CASE000162,Triage,2026-03-26 07:41:07,Staff,Male,18-40,Medium
CASE000162,Doctor Consultation,2026-03-26 08:14:07,Dr. Iyer,Male,18-40,Medium
CASE000689,Registration,2026-03-26 08:28:31,Staff,Male,18-40,Medium
CASE000162,Treatment,2026-03-26 08:41:06,Dr. Iyer,Male,18-40,Medium
CASE000689,Triage,2026-03-26 08:57:42,Staff,Male,18-40,Medium
CASE000162,Admission,2026-03-26 08:59:22,Staff,Male,18-40,Medium
CASE000615,Registration,2026-03-26 09:02:54,Staff,Male,41-60,Low
CASE000615,Triage,2026-03-26 09:18:32,Staff,Male,41-60,Low
CASE000689,Lab Test,2026-03-26 09:40:37,Staff,Male,18-40,Medium
CASE000155,Registration,2026-03-26 09:56:04,Staff,Male,18-40,Low
CASE000968,Registration,2026-03-26 10:07:15,Staff,Female,41-60,Medium
CASE000155,Triage,2026-03-26 10:19:02,Staff,Male,18-40,Low
CASE000968,Triage,2026-03-26 10:23:27,Staff,Female,41-60,Medium
CASE000689,Doctor Consultation,2026-03-26 10:27:16,Dr. Sharma,Male,18-40,Medium
CASE000615,X-Ray,2026-03-26 10:29:21,Staff,Male,41-60,Low
CASE000689,Treatment,2026-03-26 10:49:54,Dr. Sharma,Male,18-40,Medium
CASE000455,Registration,2026-03-26 11:03:13,Staff,Female,18-40,Low
CASE000689,Discharge,2026-03-26 11:07:00,Staff,Male,18-40,Medium
CASE000968,Lab Test,2026-03-26 11:07:50,Staff,Female,41-60,Medium
CASE000615,Doctor Consultation,2026-03-26 11:12:29,Dr. Iyer,Male,41-60,Low
CASE000155,X-Ray,2026-03-26 11:15:14,Staff,Male,18-40,Low
CASE000455,Triage,2026-03-26 11:16:15,Staff,Female,18-40,Low
CASE000615,Treatment,2026-03-26 11:34:46,Dr. Iyer,Male,41-60,Low
CASE000968,Doctor Consultation,2026-03-26 11:41:24,Dr. Iyer,Female,41-60,Medium
CASE000455,X-Ray,2026-03-26 11:58:30,Staff,Female,18-40,Low
CASE000615,Discharge,2026-03-26 12:00:16,Staff,Male,41-60,Low
CASE000155,Doctor Consultation,2026-03-26 12:09:01,Dr. Patel,Male,18-40,Low
CASE000968,Treatment,2026-03-26 12:09:45,Dr. Iyer,Female,41-60,Medium
CASE000155,Treatment,2026-03-26 12:26:17,Dr. Patel,Male,18-40,Low
CASE000455,Doctor Consultation,2026-03-26 12:33:08,Dr. Reddy,Female,18-40,Low
CASE000968,Admission,2026-03-26 12:33:35,Staff,Female,41-60,Medium
CASE000006,Registration,2026-03-26 12:37:29,Staff,Male,61+,High
CASE000455,Treatment,2026-03-26 12:46:25,Dr. Reddy,Female,18-40,Low
CASE000155,Discharge,2026-03-26 12:48:44,Staff,Male,18-40,Low
CASE000006,Triage,2026-03-26 12:59:51,Staff,Male,61+,High
CASE000455,Discharge,2026-03-26 13:02:47,Staff,Female,18-40,Low
CASE000006,Doctor Consultation,2026-03-26 13:23:37,Dr. Sharma,Male,61+,High
CASE000080,Registration,2026-03-26 13:28:41,Staff,Male,41-60,Medium
CASE000006,Treatment,2026-03-26 13:44:27,Dr. Sharma,Male,61+,High
CASE000080,Triage,2026-03-26 13:46:42,Staff,Male,41-60,Medium
CASE000006,Admission,2026-03-26 14:07:41,Staff,Male,61+,High
CASE000080,Lab Test,2026-03-26 14:15:42,Staff,Male,41-60,Medium
CASE000080,Doctor Consultation,2026-03-26 14:47:41,Dr. Iyer,Male,41-60,Medium
CASE000080,Treatment,2026-03-26 14:58:37,Dr. Iyer,Male,41-60,Medium
CASE000080,Discharge,2026-03-26 15:20:08,Staff,Male,41-60,Medium
CASE000010,Registration,2026-03-26 15:39:00,Staff,Male,0-17,Low
CASE000010,Triage,2026-03-26 15:51:46,Staff,Male,0-17,Low
CASE000010,X-Ray,2026-03-26 16:13:33,Staff,Male,0-17,Low
CASE000294,Registration,2026-03-26 16:32:43,Staff,Female,0-17,Medium
CASE000010,Lab Test,2026-03-26 16:43:58,Staff,Male,0-17,Low
CASE000294,Triage,2026-03-26 16:48:43,Staff,Female,0-17,Medium
CASE000910,Registration,2026-03-26 16:50:15,Staff,Male,0-17,High
CASE000910,Triage,2026-03-26 17:05:56,Staff,Male,0-17,High
CASE000294,X-Ray,2026-03-26 17:12:30,Staff,Female,0-17,Medium
CASE000010,Doctor Consultation,2026-03-26 17:13:08,Dr. Reddy,Male,0-17,Low
CASE000010,Treatment,2026-03-26 17:25:52,Dr. Reddy,Male,0-17,Low
CASE000910,Doctor Consultation,2026-03-26 17:35:11,Dr. Patel,Male,0-17,High
CASE000294,Doctor Consultation,2026-03-26 17:35:26,Dr. Patel,Female,0-17,Medium
CASE000910,Treatment,2026-03-26 17:50:29,Dr. Patel,Male,0-17,High
CASE000294,Treatment,2026-03-26 17:57:17,Dr. Patel,Female,0-17,Medium
CASE000705,Registration,2026-03-26 17:59:59,Staff,Male,41-60,Low
CASE000010,Admission,2026-03-26 18:00:47,Staff,Male,0-17,Low
CASE000294,Discharge,2026-03-26 18:05:16,Staff,Female,0-17,Medium
CASE000705,Triage,2026-03-26 18:11:42,Staff,Male,41-60,Low
CASE000910,Discharge,2026-03-26 18:21:43,Staff,Male,0-17,High
CASE000705,Doctor Consultation,2026-03-26 18:40:25,Dr. Khan,Male,41-60,Low
CASE000991,Registration,2026-03-26 18:50:52,Staff,Male,18-40,Low
CASE000705,Treatment,2026-03-26 19:07:36,Dr. Khan,Male,41-60,Low
CASE000041,Triage,2026-03-26 19:12:08,Staff,Male,18-40,Low
CASE000991,Doctor Consultation,2026-03-26 19:23:41,Dr. Sharma,Male,18-40,Low
CASE000705,Discharge,2026-03-26 19:25:57,Staff,Male,41-60,Low
CASE000991,Treatment,2026-03-26 19:45:28,Dr. Sharma,Male,18-40,Low
CASE000041,X-Ray,2026-03-26 19:46:33,Staff,Male,18-40,Low
CASE000041,Triage,2026-03-26 19:53:25,Staff,Male,18-40,Low
CASE000991,Discharge,2026-03-26 20:06:53,Staff,Male,18-40,Low
CASE000041,X-Ray,2026-03-26 20:13:44,Staff,Male,18-40,Low
CASE000041,Lab Test,2026-03-26 20:29:56,Staff,Male,18-40,Low
CASE000041,Doctor Consultation,2026-03-26 20:54:42,Dr. Patel,Male,18-40,Low
CASE000041,Treatment,2026-03-26 21:16:13,Dr. Patel,Male,18-40,Low
CASE000817,Registration,2026-03-26 21:29:57,Staff,Male,41-60,Low
CASE000041,Discharge,2026-03-26 21:33:22,Staff,Male,18-40,Low
CASE000817,Triage,2026-03-26 21:54:26,Staff,Male,41-60,Low
CASE000817,X-Ray,2026-03-26 22:18:02,Staff,Male,41-60,Low
CASE000963,Registration,2026-03-26 22:26:59,Staff,Female,61+,Medium
CASE000963,Triage,2026-03-26 22:48:10,Staff,Female,61+,Medium
CASE000817,Doctor Consultation,2026-03-26 22:56:56,Dr. Patel,Male,41-60,Low
CASE000963,X-Ray,2026-03-26 23:06:29,Staff,Female,61+,Medium
CASE000817,Treatment,2026-03-26 23:15:01,Dr. Patel,Male,41-60,Low
CASE000817,Discharge,2026-03-26 23:46:36,Staff,Male,41-60,Low
CASE000963,Lab Test,2026-03-26 23:50:37,Staff,Female,61+,Medium
CASE000963,Doctor Consultation,2026-03-27 00:12:56,Dr. Iyer,Female,61+,Medium
CASE000963,Treatment,2026-03-27 00:37:32,Dr. Iyer,Female,61+,Medium
CASE000963,Discharge,2026-03-27 00:49:56,Staff,Female,61+,Medium
CASE000148,Registration,2026-03-27 10:20:09,Staff,Female,18-40,Low
CASE000664,Registration,2026-03-27 10:43:14,Staff,Male,18-40,Medium
CASE000148,Triage,2026-03-27 10:47:26,Staff,Female,18-40,Low
CASE000664,Triage,2026-03-27 11:14:46,Staff,Male,18-40,Medium
CASE000669,Registration,2026-03-27 11:18:27,Staff,Female,61+,High
CASE000148,Doctor Consultation,2026-03-27 11:32:40,Dr. Patel,Female,18-40,Low
CASE000669,Triage,2026-03-27 11:47:43,Staff,Female,61+,High
CASE000148,Treatment,2026-03-27 11:54:43,Dr. Patel,Female,18-40,Low
CASE000648,Registration,2026-03-27 11:59:17,Staff,Female,41-60,Low
CASE000664,X-Ray,2026-03-27 12:02:59,Staff,Male,18-40,Medium
CASE000148,Admission,2026-03-27 12:05:43,Staff,Female,18-40,Low
CASE000648,Triage,2026-03-27 12:18:59,Staff,Female,41-60,Low
CASE000664,Doctor Consultation,2026-03-27 12:29:42,Dr. Khan,Male,18-40,Medium
CASE000664,Treatment,2026-03-27 12:53:14,Dr. Khan,Male,18-40,Medium
CASE000648,X-Ray,2026-03-27 12:57:24,Staff,Female,41-60,Low
CASE000669,X-Ray,2026-03-27 13:01:04,Staff,Female,61+,High
CASE000664,Discharge,2026-03-27 13:22:22,Staff,Male,18-40,Medium
CASE000648,Lab Test,2026-03-27 13:38:07,Staff,Female,41-60,Low
CASE000669,Lab Test,2026-03-27 13:40:12,Staff,Female,61+,High
CASE000648,Doctor Consultation,2026-03-27 13:50:42,Dr. Sharma,Female,41-60,Low
CASE000763,Registration,2026-03-27 14:03:35,Staff,Male,18-40,High
CASE000648,Treatment,2026-03-27 14:11:17,Dr. Sharma,Female,41-60,Low
CASE000763,Triage,2026-03-27 14:13:48,Staff,Male,18-40,High
CASE000669,Doctor Consultation,2026-03-27 14:22:23,Dr. Patel,Female,61+,High
CASE000648,Discharge,2026-03-27 14:31:10,Staff,Female,41-60,Low
CASE000763,Doctor Consultation,2026-03-27 14:36:37,Dr. Iyer,Male,18-40,High
CASE000669,Treatment,2026-03-27 14:45:11,Dr. Patel,Female,61+,High
CASE000763,Treatment,2026-03-27 14:55:11,Dr. Iyer,Male,18-40,High
CASE000669,Discharge,2026-03-27 15:02:40,Staff,Female,61+,High
CASE000763,Admission,2026-03-27 15:19:11,Staff,Male,18-40,High
CASE000772,Triage,2026-03-27 17:41:06,Staff,Male,18-40,Low
CASE000772,X-Ray,2026-03-27 18:19:40,Staff,Male,18-40,Low
CASE000772,Doctor Consultation,2026-03-27 18:41:48,Dr. Khan,Male,18-40,Low
CASE000772,Treatment,2026-03-27 19:00:47,Dr. Khan,Male,18-40,Low
CASE000772,Admission,2026-03-27 19:17:35,Staff,Male,18-40,Low
CASE000746,Registration,2026-03-27 19:21:41,Staff,Female,41-60,Low
CASE000746,Triage,2026-03-27 19:32:08,Staff,Female,41-60,Low
CASE000746,X-Ray,2026-03-27 20:14:11,Staff,Female,41-60,Low
CASE000746,Doctor Consultation,2026-03-27 20:45:19,Dr. Iyer,Female,41-60,Low
CASE000746,Treatment,2026-03-27 21:04:36,Dr. Iyer,Female,41-60,Low
CASE000746,Discharge,2026-03-27 21:24:39,Staff,Female,41-60,Low
CASE000039,Registration,2026-03-27 21:47:39,Staff,Female,0-17,Low
CASE000039,Triage,2026-03-27 22:06:12,Staff,Female,0-17,Low
CASE000039,X-Ray,2026-03-27 22:25:56,Staff,Female,0-17,Low
CASE000039,Lab Test,2026-03-27 22:55:25,Staff,Female,0-17,Low
CASE000039,Doctor Consultation,2026-03-27 23:23:09,Dr. Sharma,Female,0-17,Low
CASE000039,Treatment,2026-03-27 23:40:46,Dr. Sharma,Female,0-17,Low
CASE000039,Discharge,2026-03-28 00:13:12,Staff,Female,0-17,Low
CASE000908,Registration,2026-03-28 02:47:41,Staff,Male,61+,Low
CASE000908,Triage,2026-03-28 02:57:43,Staff,Male,61+,Low
CASE000908,X-Ray,2026-03-28 03:12:23,Staff,Male,61+,Low
CASE000908,Doctor Consultation,2026-03-28 03:32:54,Dr. Khan,Male,61+,Low
CASE000908,Treatment,2026-03-28 03:59:06,Dr. Khan,Male,61+,Low
CASE000908,Discharge,2026-03-28 04:16:21,Staff,Male,61+,Low
CASE000773,Registration,2026-03-28 08:27:19,Staff,Male,18-40,Low
CASE000696,Registration,2026-03-28 08:48:47,Staff,Female,18-40,Low
CASE000773,Triage,2026-03-28 08:50:31,Staff,Male,18-40,Low
CASE000924,Registration,2026-03-28 08:52:39,Staff,Female,18-40,Low
CASE000924,Triage,2026-03-28 09:08:08,Staff,Female,18-40,Low
CASE000773,Doctor Consultation,2026-03-28 09:18:57,Dr. Khan,Male,18-40,Low
CASE000696,Triage,2026-03-28 09:21:55,Staff,Female,18-40,Low
CASE000924,Doctor Consultation,2026-03-28 09:27:10,Dr. Khan,Female,18-40,Low
CASE000773,Treatment,2026-03-28 09:34:46,Dr. Khan,Male,18-40,Low
CASE000924,Treatment,2026-03-28 09:43:02,Dr. Khan,Female,18-40,Low
CASE000773,Admission,2026-03-28 09:57:22,Staff,Male,18-40,Low
CASE000924,Discharge,2026-03-28 10:02:55,Staff,Female,18-40,Low
CASE000696,Doctor Consultation,2026-03-28 10:03:47,Dr. Reddy,Female,18-40,Low
CASE000696,Treatment,2026-03-28 10:37:57,Dr. Reddy,Female,18-40,Low
CASE000899,Registration,2026-03-28 10:54:58,Staff,Male,0-17,High
CASE000696,Discharge,2026-03-28 11:03:20,Staff,Female,18-40,Low
CASE000899,Triage,2026-03-28 11:17:00,Staff,Male,0-17,High
CASE000899,Lab Test,2026-03-28 11:43:57,Staff,Male,0-17,High
CASE000899,Doctor Consultation,2026-03-28 12:10:00,Dr. Khan,Male,0-17,High
CASE000899,Treatment,2026-03-28 12:24:25,Dr. Khan,Male,0-17,High
CASE000899,Discharge,2026-03-28 12:49:47,Staff,Male,0-17,High
CASE000863,Registration,2026-03-28 12:57:38,Staff,Male,18-40,Low
CASE000863,Triage,2026-03-28 13:09:50,Staff,Male,18-40,Low
CASE000938,Registration,2026-03-28 13:35:18,Staff,Female,18-40,Low
CASE000863,X-Ray,2026-03-28 13:41:53,Staff,Male,18-40,Low
CASE000938,Triage,2026-03-28 13:48:25,Staff,Female,18-40,Low
CASE000863,Lab Test,2026-03-28 14:14:23,Staff,Male,18-40,Low
CASE000938,X-Ray,2026-03-28 14:25:03,Staff,Female,18-40,Low
CASE000863,Doctor Consultation,2026-03-28 14:40:33,Dr. Reddy,Male,18-40,Low
CASE000938,Lab Test,2026-03-28 14:56:35,Staff,Female,18-40,Low
CASE000863,Treatment,2026-03-28 14:57:45,Dr. Reddy,Male,18-40,Low
CASE000863,Discharge,2026-03-28 15:15:46,Staff,Male,18-40,Low
CASE000938,Doctor Consultation,2026-03-28 15:22:26,Dr. Reddy,Female,18-40,Low
CASE000938,Treatment,2026-03-28 15:38:31,Dr. Reddy,Female,18-40,Low
CASE000050,Registration,2026-03-28 15:54:54,Staff,Male,0-17,Medium
CASE000938,Discharge,2026-03-28 15:59:56,Staff,Female,18-40,Low
CASE000050,Triage,2026-03-28 16:01:35,Staff,Male,0-17,Medium
CASE000974,Registration,2026-03-28 16:23:03,Staff,Female,18-40,Medium
CASE000050,X-Ray,2026-03-28 16:28:57,Staff,Male,0-17,Medium
CASE000974,Triage,2026-03-28 16:40:21,Staff,Female,18-40,Medium
CASE000050,Doctor Consultation,2026-03-28 17:03:25,Dr. Khan,Male,0-17,Medium
CASE000974,Doctor Consultation,2026-03-28 17:10:45,Dr. Sharma,Female,18-40,Medium
CASE000974,Treatment,2026-03-28 17:29:44,Dr. Sharma,Female,18-40,Medium
CASE000050,Treatment,2026-03-28 17:35:18,Dr. Khan,Male,0-17,Medium
CASE000050,Discharge,2026-03-28 17:53:57,Staff,Male,0-17,Medium
CASE000602,Registration,2026-03-28 17:55:55,Staff,Female,41-60,Medium
CASE000974,Discharge,2026-03-28 18:01:46,Staff,Female,18-40,Medium
CASE000602,Triage,2026-03-28 18:10:40,Staff,Female,41-60,Medium
CASE000602,Doctor Consultation,2026-03-28 18:44:50,Dr. Khan,Female,41-60,Medium
CASE000602,Treatment,2026-03-28 19:08:29,Dr. Khan,Female,41-60,Medium
CASE000602,Discharge,2026-03-28 19:23:46,Staff,Female,41-60,Medium
CASE000034,Registration,2026-03-28 19:28:28,Staff,Female,61+,High
CASE000034,Triage,2026-03-28 19:51:28,Staff,Female,61+,High
CASE000034,X-Ray,2026-03-28 20:22:10,Staff,Female,61+,High
CASE000034,Doctor Consultation,2026-03-28 20:48:48,Dr. Sharma,Female,61+,High
CASE000034,Treatment,2026-03-28 21:02:25,Dr. Sharma,Female,61+,High
CASE000034,Discharge,2026-03-28 21:21:41,Staff,Female,61+,High
CASE000336,Registration,2026-03-28 22:38:33,Staff,Female,41-60,High
CASE000336,Triage,2026-03-28 23:00:51,Staff,Female,41-60,High
CASE000336,X-Ray,2026-03-28 23:14:11,Staff,Female,41-60,High
CASE000336,Triage,2026-03-28 23:28:51,Staff,Female,41-60,High
CASE000336,X-Ray,2026-03-28 23:48:26,Staff,Female,41-60,High
CASE000336,Doctor Consultation,2026-03-29 00:12:50,Dr. Patel,Female,41-60,High
CASE000336,Treatment,2026-03-29 00:42:52,Dr. Patel,Female,41-60,High
CASE000336,Discharge,2026-03-29 01:03:53,Staff,Female,41-60,High
CASE000231,Registration,2026-03-29 07:01:01,Staff,Male,18-40,Medium
CASE000231,Triage,2026-03-29 07:12:37,Staff,Male,18-40,Medium
CASE000624,Registration,2026-03-29 07:24:33,Staff,Female,61+,Low
CASE000624,Triage,2026-03-29 07:40:46,Staff,Female,61+,Low
CASE000231,X-Ray,2026-03-29 07:50:11,Staff,Male,18-40,Medium
CASE000231,Doctor Consultation,2026-03-29 08:09:17,Dr. Patel,Male,18-40,Medium
CASE000624,X-Ray,2026-03-29 08:18:39,Staff,Female,61+,Low
CASE000231,Treatment,2026-03-29 08:30:12,Dr. Patel,Male,18-40,Medium
CASE000231,Discharge,2026-03-29 08:45:53,Staff,Male,18-40,Medium
CASE000624,Doctor Consultation,2026-03-29 08:59:59,Dr. Sharma,Female,61+,Low
CASE000624,Treatment,2026-03-29 09:32:19,Dr. Sharma,Female,61+,Low
CASE000624,Discharge,2026-03-29 09:47:29,Staff,Female,61+,Low
CASE000513,Registration,2026-03-29 09:49:29,Staff,Female,41-60,Medium
CASE000513,Triage,2026-03-29 10:03:43,Staff,Female,41-60,Medium
CASE000003,Registration,2026-03-29 10:51:05,Staff,Male,41-60,Low
CASE000912,Registration,2026-03-29 10:55:56,Staff,Female,41-60,Low
CASE000944,Registration,2026-03-29 10:57:55,Staff,Male,18-40,Low
CASE000513,X-Ray,2026-03-29 11:12:04,Staff,Female,41-60,Medium
CASE000912,Triage,2026-03-29 11:19:50,Staff,Female,41-60,Low
CASE000944,Triage,2026-03-29 11:20:28,Staff,Male,18-40,Low
CASE000467,Registration,2026-03-29 11:20:44,Staff,Male,18-40,Medium
CASE000003,Triage,2026-03-29 11:25:08,Staff,Male,41-60,Low
CASE000287,Registration,2026-03-29 11:27:02,Staff,Female,0-17,Medium
CASE000513,Triage,2026-03-29 11:35:10,Staff,Female,41-60,Medium
CASE000730,Triage,2026-03-29 11:42:57,Staff,Female,18-40,Medium
CASE000944,Lab Test,2026-03-29 11:48:19,Staff,Male,18-40,Low
CASE000912,Doctor Consultation,2026-03-29 11:49:20,Dr. Sharma,Female,41-60,Low
CASE000003,Doctor Consultation,2026-03-29 11:51:56,Dr. Reddy,Male,41-60,Low
CASE000287,Triage,2026-03-29 11:52:38,Staff,Female,0-17,Medium
CASE000467,Triage,2026-03-29 11:54:47,Staff,Male,18-40,Medium
CASE000944,Doctor Consultation,2026-03-29 12:17:38,Dr. Reddy,Male,18-40,Low
CASE000912,Treatment,2026-03-29 12:18:05,Dr. Sharma,Female,41-60,Low
CASE000003,Treatment,2026-03-29 12:20:16,Dr. Reddy,Male,41-60,Low
CASE000467,Lab Test,2026-03-29 12:20:18,Staff,Male,18-40,Medium
CASE000599,Registration,2026-03-29 12:22:50,Staff,Male,18-40,Low
CASE000730,Lab Test,2026-03-29 12:23:51,Staff,Female,18-40,Medium
CASE000944,Treatment,2026-03-29 12:32:24,Dr. Reddy,Male,18-40,Low
CASE000912,Admission,2026-03-29 12:38:48,Staff,Female,41-60,Low
CASE000003,Discharge,2026-03-29 12:41:02,Staff,Male,41-60,Low
CASE000467,Doctor Consultation,2026-03-29 12:48:06,Dr. Sharma,Male,18-40,Medium
CASE000513,X-Ray,2026-03-29 12:48:23,Staff,Female,41-60,Medium
CASE000599,Triage,2026-03-29 12:48:39,Staff,Male,18-40,Low
CASE000730,Doctor Consultation,2026-03-29 12:49:40,Dr. Iyer,Female,18-40,Medium
CASE000944,Admission,2026-03-29 12:52:41,Staff,Male,18-40,Low
CASE000287,X-Ray,2026-03-29 12:54:41,Staff,Female,0-17,Medium
CASE000599,Doctor Consultation,2026-03-29 13:09:45,Dr. Khan,Male,18-40,Low
CASE000467,Treatment,2026-03-29 13:11:22,Dr. Sharma,Male,18-40,Medium
CASE000730,Treatment,2026-03-29 13:11:36,Dr. Iyer,Female,18-40,Medium
CASE000513,Lab Test,2026-03-29 13:16:28,Staff,Female,41-60,Medium
CASE000287,Doctor Consultation,2026-03-29 13:20:22,Dr. Patel,Female,0-17,Medium
CASE000599,Treatment,2026-03-29 13:21:48,Dr. Khan,Male,18-40,Low
CASE000287,Treatment,2026-03-29 13:34:33,Dr. Patel,Female,0-17,Medium
CASE000467,Admission,2026-03-29 13:36:30,Staff,Male,18-40,Medium
CASE000730,Discharge,2026-03-29 13:37:44,Staff,Female,18-40,Medium
CASE000513,Doctor Consultation,2026-03-29 13:38:58,Dr. Iyer,Female,41-60,Medium
CASE000387,Registration,2026-03-29 13:41:45,Staff,Female,18-40,Low
CASE000599,Discharge,2026-03-29 13:42:23,Staff,Male,18-40,Low
CASE000287,Discharge,2026-03-29 13:49:36,Staff,Female,0-17,Medium
CASE000387,Triage,2026-03-29 13:55:03,Staff,Female,18-40,Low
CASE000513,Treatment,2026-03-29 14:04:53,Dr. Iyer,Female,41-60,Medium
CASE000387,Doctor Consultation,2026-03-29 14:29:01,Dr. Patel,Female,18-40,Low
CASE000513,Discharge,2026-03-29 14:30:36,Staff,Female,41-60,Medium
CASE000249,Registration,2026-03-29 14:34:18,Staff,Female,61+,Low
CASE000249,Triage,2026-03-29 14:42:18,Staff,Female,61+,Low
CASE000387,Treatment,2026-03-29 14:42:28,Dr. Patel,Female,18-40,Low
CASE000387,Admission,2026-03-29 15:05:28,Staff,Female,18-40,Low
CASE000249,X-Ray,2026-03-29 15:07:49,Staff,Female,61+,Low
CASE000611,Registration,2026-03-29 15:17:55,Staff,Male,0-17,Low
CASE000249,Triage,2026-03-29 15:23:18,Staff,Female,61+,Low
CASE000611,Triage,2026-03-29 15:42:13,Staff,Male,0-17,Low
CASE000541,Registration,2026-03-29 15:46:42,Staff,Female,61+,High
CASE000249,X-Ray,2026-03-29 15:52:10,Staff,Female,61+,Low
CASE000541,Triage,2026-03-29 16:00:13,Staff,Female,61+,High
CASE000249,Doctor Consultation,2026-03-29 16:14:15,Dr. Khan,Female,61+,Low
CASE000611,X-Ray,2026-03-29 16:17:17,Staff,Male,0-17,Low
CASE000541,Doctor Consultation,2026-03-29 16:25:22,Dr. Khan,Female,61+,High
CASE000249,Treatment,2026-03-29 16:26:50,Dr. Khan,Female,61+,Low
CASE000611,Triage,2026-03-29 16:37:46,Staff,Male,0-17,Low
CASE000541,Treatment,2026-03-29 16:47:44,Dr. Khan,Female,61+,High
CASE000249,Discharge,2026-03-29 16:53:36,Staff,Female,61+,Low
CASE000541,Discharge,2026-03-29 17:01:14,Staff,Female,61+,High
CASE000179,Registration,2026-03-29 17:03:55,Staff,Male,61+,Medium
CASE000611,X-Ray,2026-03-29 17:05:46,Staff,Male,0-17,Low
CASE000179,Triage,2026-03-29 17:13:48,Staff,Male,61+,Medium
CASE000611,Doctor Consultation,2026-03-29 17:21:09,Dr. Patel,Male,0-17,Low
CASE000611,Treatment,2026-03-29 17:51:26,Dr. Patel,Male,0-17,Low
CASE000179,Lab Test,2026-03-29 17:54:33,Staff,Male,61+,Medium
CASE000611,Discharge,2026-03-29 18:07:15,Staff,Male,0-17,Low
CASE000179,Doctor Consultation,2026-03-29 18:11:39,Dr. Khan,Male,61+,Medium
CASE000168,Registration,2026-03-29 18:33:36,Staff,Female,18-40,Medium
CASE000179,Treatment,2026-03-29 18:43:48,Dr. Khan,Male,61+,Medium
CASE000168,Triage,2026-03-29 18:50:33,Staff,Female,18-40,Medium
CASE000168,X-Ray,2026-03-29 19:05:20,Staff,Female,18-40,Medium
CASE000179,Discharge,2026-03-29 19:12:20,Staff,Male,61+,Medium
CASE000168,Doctor Consultation,2026-03-29 19:31:45,Dr. Reddy,Female,18-40,Medium
CASE000168,Treatment,2026-03-29 19:51:17,Dr. Reddy,Female,18-40,Medium
CASE000168,Discharge,2026-03-29 20:09:27,Staff,Female,18-40,Medium
CASE000258,Registration,2026-03-30 03:07:53,Staff,Male,41-60,Medium
CASE000258,Triage,2026-03-30 03:28:21,Staff,Male,41-60,Medium
CASE000258,Doctor Consultation,2026-03-30 03:48:28,Dr. Patel,Male,41-60,Medium
CASE000258,Treatment,2026-03-30 04:08:55,Dr. Patel,Male,41-60,Medium
CASE000258,Discharge,2026-03-30 04:18:12,Staff,Male,41-60,Medium
CASE000250,Registration,2026-03-30 06:21:48,Staff,Female,18-40,Low
CASE000250,Triage,2026-03-30 06:29:05,Staff,Female,18-40,Low
CASE000250,X-Ray,2026-03-30 07:02:36,Staff,Female,18-40,Low
CASE000250,Triage,2026-03-30 07:22:40,Staff,Female,18-40,Low
CASE000250,X-Ray,2026-03-30 07:50:02,Staff,Female,18-40,Low
CASE000688,Registration,2026-03-30 08:26:58,Staff,Female,18-40,Low
CASE000250,Lab Test,2026-03-30 08:32:44,Staff,Female,18-40,Low
CASE000688,Triage,2026-03-30 08:43:13,Staff,Female,18-40,Low
CASE000951,Registration,2026-03-30 08:45:32,Staff,Female,61+,Medium
CASE000250,Doctor Consultation,2026-03-30 09:08:52,Dr. Iyer,Female,18-40,Low
CASE000688,Doctor Consultation,2026-03-30 09:09:50,Dr. Reddy,Female,18-40,Low
CASE000856,Registration,2026-03-30 09:24:48,Staff,Female,18-40,Low
CASE000688,Treatment,2026-03-30 09:25:58,Dr. Reddy,Female,18-40,Low
CASE000250,Treatment,2026-03-30 09:34:18,Dr. Iyer,Female,18-40,Low
CASE000951,X-Ray,2026-03-30 09:39:21,Staff,Female,61+,Medium
CASE000688,Discharge,2026-03-30 09:40:38,Staff,Female,18-40,Low
CASE000250,Admission,2026-03-30 09:50:06,Staff,Female,18-40,Low
CASE000856,X-Ray,2026-03-30 09:55:38,Staff,Female,18-40,Low
CASE000951,Doctor Consultation,2026-03-30 10:18:48,Dr. Reddy,Female,61+,Medium
CASE000951,Treatment,2026-03-30 10:39:57,Dr. Reddy,Female,61+,Medium
CASE000856,Doctor Consultation,2026-03-30 10:44:44,Dr. Patel,Female,18-40,Low
CASE000856,Treatment,2026-03-30 11:05:01,Dr. Patel,Female,18-40,Low
CASE000951,Discharge,2026-03-30 11:13:08,Staff,Female,61+,Medium
CASE000856,Discharge,2026-03-30 11:19:31,Staff,Female,18-40,Low
CASE000623,Registration,2026-03-30 11:22:41,Staff,Female,41-60,Low
CASE000596,Registration,2026-03-30 11:35:10,Staff,Male,61+,Low
CASE000596,Triage,2026-03-30 11:51:55,Staff,Male,61+,Low
CASE000623,Triage,2026-03-30 11:58:24,Staff,Female,41-60,Low
CASE000818,Registration,2026-03-30 12:11:25,Staff,Female,0-17,Medium
CASE000596,X-Ray,2026-03-30 12:21:35,Staff,Male,61+,Low
CASE000623,X-Ray,2026-03-30 12:23:45,Staff,Female,41-60,Low
CASE000818,Triage,2026-03-30 12:25:52,Staff,Female,0-17,Medium
CASE000165,Registration,2026-03-30 12:28:01,Staff,Male,18-40,Low
CASE000165,Triage,2026-03-30 12:39:11,Staff,Male,18-40,Low
CASE000623,Lab Test,2026-03-30 12:47:40,Staff,Female,41-60,Low
CASE000596,Doctor Consultation,2026-03-30 12:51:59,Dr. Sharma,Male,61+,Low
CASE000818,Doctor Consultation,2026-03-30 12:56:57,Dr. Reddy,Female,0-17,Medium
CASE000596,Treatment,2026-03-30 13:05:29,Dr. Sharma,Male,61+,Low
CASE000623,Doctor Consultation,2026-03-30 13:13:37,Dr. Patel,Female,41-60,Low
CASE000165,Doctor Consultation,2026-03-30 13:14:57,Dr. Sharma,Male,18-40,Low
CASE000596,Admission,2026-03-30 13:19:32,Staff,Male,61+,Low
CASE000818,Treatment,2026-03-30 13:23:39,Dr. Reddy,Female,0-17,Medium
CASE000818,Discharge,2026-03-30 13:33:46,Staff,Female,0-17,Medium
CASE000623,Treatment,2026-03-30 13:37:30,Dr. Patel,Female,41-60,Low
CASE000165,Treatment,2026-03-30 13:46:32,Dr. Sharma,Male,18-40,Low
CASE000165,Discharge,2026-03-30 14:03:50,Staff,Male,18-40,Low
CASE000623,Admission,2026-03-30 14:09:00,Staff,Female,41-60,Low
CASE000139,Registration,2026-03-30 17:10:45,Staff,Male,41-60,Medium
CASE000139,Triage,2026-03-30 17:22:03,Staff,Male,41-60,Medium
CASE000139,Doctor Consultation,2026-03-30 17:51:05,Dr. Patel,Male,41-60,Medium
CASE000145,Registration,2026-03-30 18:17:30,Staff,Male,0-17,Low
CASE000139,Treatment,2026-03-30 18:18:03,Dr. Patel,Male,41-60,Medium
CASE000145,Triage,2026-03-30 18:31:19,Staff,Male,0-17,Low
CASE000139,Discharge,2026-03-30 18:41:30,Staff,Male,41-60,Medium
CASE000145,X-Ray,2026-03-30 19:04:16,Staff,Male,0-17,Low
CASE000145,Triage,2026-03-30 19:20:10,Staff,Male,0-17,Low
CASE000145,X-Ray,2026-03-30 19:48:47,Staff,Male,0-17,Low
CASE000145,Lab Test,2026-03-30 20:26:24,Staff,Male,0-17,Low
CASE000101,Registration,2026-03-30 20:59:11,Staff,Male,41-60,Medium
CASE000145,Doctor Consultation,2026-03-30 21:01:01,Dr. Sharma,Male,0-17,Low
CASE000145,Treatment,2026-03-30 21:12:24,Dr. Sharma,Male,0-17,Low
CASE000101,Triage,2026-03-30 21:24:19,Staff,Male,41-60,Medium
CASE000145,Discharge,2026-03-30 21:34:56,Staff,Male,0-17,Low
CASE000101,X-Ray,2026-03-30 21:43:01,Staff,Male,41-60,Medium
CASE000101,Triage,2026-03-30 21:53:25,Staff,Male,41-60,Medium
CASE000101,X-Ray,2026-03-30 22:16:19,Staff,Male,41-60,Medium
CASE000101,Doctor Consultation,2026-03-30 22:50:18,Dr. Sharma,Male,41-60,Medium
CASE000101,Treatment,2026-03-30 23:14:17,Dr. Sharma,Male,41-60,Medium
CASE000101,Discharge,2026-03-30 23:22:59,Staff,Male,41-60,Medium
CASE000936,Registration,2026-03-31 01:04:13,Staff,Female,61+,Low
CASE000936,Triage,2026-03-31 01:24:18,Staff,Female,61+,Low
CASE000936,X-Ray,2026-03-31 01:56:33,Staff,Female,61+,Low
CASE000936,Doctor Consultation,2026-03-31 02:27:12,Dr. Reddy,Female,61+,Low
CASE000936,Treatment,2026-03-31 02:49:51,Dr. Reddy,Female,61+,Low
CASE000936,Discharge,2026-03-31 03:07:06,Staff,Female,61+,Low
CASE000415,Registration,2026-03-31 08:16:35,Staff,Male,0-17,High
CASE000415,Triage,2026-03-31 08:54:13,Staff,Male,0-17,High
CASE000415,Doctor Consultation,2026-03-31 09:40:30,Dr. Khan,Male,0-17,High
CASE000036,Registration,2026-03-31 09:56:40,Staff,Female,41-60,Low
CASE000415,Treatment,2026-03-31 10:01:02,Dr. Khan,Male,0-17,High
CASE000036,Triage,2026-03-31 10:17:47,Staff,Female,41-60,Low
CASE000415,Discharge,2026-03-31 10:22:38,Staff,Male,0-17,High
CASE000907,Registration,2026-03-31 10:50:26,Staff,Female,41-60,Low
CASE000907,Triage,2026-03-31 11:21:16,Staff,Female,41-60,Low
CASE000036,X-Ray,2026-03-31 11:42:50,Staff,Female,41-60,Low
CASE000036,Triage,2026-03-31 12:07:47,Staff,Female,41-60,Low
CASE000272,Registration,2026-03-31 12:14:55,Staff,Female,41-60,Medium
CASE000272,Triage,2026-03-31 12:30:32,Staff,Female,41-60,Medium
CASE000907,X-Ray,2026-03-31 12:30:45,Staff,Female,41-60,Low
CASE000036,X-Ray,2026-03-31 12:48:17,Staff,Female,41-60,Low
CASE000272,X-Ray,2026-03-31 13:00:09,Staff,Female,41-60,Medium
CASE000907,Doctor Consultation,2026-03-31 13:05:25,Dr. Reddy,Female,41-60,Low
CASE000036,Doctor Consultation,2026-03-31 13:16:23,Dr. Iyer,Female,41-60,Low
CASE000907,Treatment,2026-03-31 13:25:44,Dr. Reddy,Female,41-60,Low
CASE000272,Doctor Consultation,2026-03-31 13:38:28,Dr. Iyer,Female,41-60,Medium
CASE000036,Treatment,2026-03-31 13:38:39,Dr. Iyer,Female,41-60,Low
CASE000907,Discharge,2026-03-31 13:45:15,Staff,Female,41-60,Low
CASE000036,Discharge,2026-03-31 13:50:53,Staff,Female,41-60,Low
CASE000272,Treatment,2026-03-31 14:07:33,Dr. Iyer,Female,41-60,Medium
CASE000272,Discharge,2026-03-31 14:32:07,Staff,Female,41-60,Medium
CASE000585,Registration,2026-03-31 14:57:55,Staff,Male,18-40,Low
CASE000585,Triage,2026-03-31 15:13:31,Staff,Male,18-40,Low
CASE000585,X-Ray,2026-03-31 15:50:31,Staff,Male,18-40,Low
CASE000585,Lab Test,2026-03-31 16:08:00,Staff,Male,18-40,Low
CASE000585,Doctor Consultation,2026-03-31 16:47:29,Dr. Patel,Male,18-40,Low
CASE000585,Treatment,2026-03-31 16:58:10,Dr. Patel,Male,18-40,Low
CASE000585,Admission,2026-03-31 17:25:17,Staff,Male,18-40,Low
CASE000663,Registration,2026-03-31 18:50:40,Staff,Male,18-40,Medium
CASE000794,Registration,2026-03-31 18:57:35,Staff,Female,0-17,Medium
CASE000794,Triage,2026-03-31 19:04:13,Staff,Female,0-17,Medium
CASE000663,Triage,2026-03-31 19:10:12,Staff,Male,18-40,Medium
CASE000099,Registration,2026-03-31 19:19:42,Staff,Female,61+,Medium
CASE000794,X-Ray,2026-03-31 19:27:12,Staff,Female,0-17,Medium
CASE000663,X-Ray,2026-03-31 19:34:08,Staff,Male,18-40,Medium
CASE000794,Doctor Consultation,2026-03-31 19:41:54,Dr. Iyer,Female,0-17,Medium
CASE000099,Triage,2026-03-31 19:43:21,Staff,Female,61+,Medium
CASE000794,Treatment,2026-03-31 19:56:11,Dr. Iyer,Female,0-17,Medium
CASE000663,Triage,2026-03-31 19:59:34,Staff,Male,18-40,Medium
CASE000794,Discharge,2026-03-31 20:06:06,Staff,Female,0-17,Medium
CASE000099,X-Ray,2026-03-31 20:14:10,Staff,Female,61+,Medium
CASE000663,X-Ray,2026-03-31 20:19:22,Staff,Male,18-40,Medium
CASE000099,Triage,2026-03-31 20:30:36,Staff,Female,61+,Medium
CASE000663,Lab Test,2026-03-31 20:55:02,Staff,Male,18-40,Medium
CASE000099,X-Ray,2026-03-31 20:56:19,Staff,Female,61+,Medium
CASE000663,Doctor Consultation,2026-03-31 21:26:43,Dr. Reddy,Male,18-40,Medium
CASE000099,Lab Test,2026-03-31 21:37:42,Staff,Female,61+,Medium
CASE000663,Treatment,2026-03-31 21:49:54,Dr. Reddy,Male,18-40,Medium
CASE000099,Doctor Consultation,2026-03-31 21:59:03,Dr. Sharma,Female,61+,Medium
CASE000663,Admission,2026-03-31 22:05:54,Staff,Male,18-40,Medium
CASE000099,Treatment,2026-03-31 22:21:01,Dr. Sharma,Female,61+,Medium
CASE000356,Registration,2026-03-31 22:27:33,Staff,Female,18-40,Medium
CASE000356,Triage,2026-03-31 22:44:15,Staff,Female,18-40,Medium
CASE000099,Discharge,2026-03-31 22:44:41,Staff,Female,61+,Medium
CASE000356,Lab Test,2026-03-31 23:28:54,Staff,Female,18-40,Medium
CASE000356,Doctor Consultation,2026-03-31 23:46:38,Dr. Sharma,Female,18-40,Medium
CASE000356,Treatment,2026-03-31 23:54:54,Dr. Sharma,Female,18-40,Medium
CASE000356,Discharge,2026-04-01 00:20:20,Staff,Female,18-40,Medium
